-- Добавил DROP и CREATE на всякий случай --

DROP DATABASE IF EXISTS coursework_imdb;
CREATE DATABASE coursework_imdb;
USE coursework_imdb;
-- -------------------------------------- --


-- MySQL dump 10.13  Distrib 8.0.18, for Win64 (x86_64)
--
-- Host: localhost    Database: coursework_imdb
-- ------------------------------------------------------
-- Server version	8.0.18

/*!40101 SET @OLD_CHARACTER_SET_CLIENT=@@CHARACTER_SET_CLIENT */;
/*!40101 SET @OLD_CHARACTER_SET_RESULTS=@@CHARACTER_SET_RESULTS */;
/*!40101 SET @OLD_COLLATION_CONNECTION=@@COLLATION_CONNECTION */;
/*!50503 SET NAMES utf8mb4 */;
/*!40103 SET @OLD_TIME_ZONE=@@TIME_ZONE */;
/*!40103 SET TIME_ZONE='+00:00' */;
/*!40014 SET @OLD_UNIQUE_CHECKS=@@UNIQUE_CHECKS, UNIQUE_CHECKS=0 */;
/*!40014 SET @OLD_FOREIGN_KEY_CHECKS=@@FOREIGN_KEY_CHECKS, FOREIGN_KEY_CHECKS=0 */;
/*!40101 SET @OLD_SQL_MODE=@@SQL_MODE, SQL_MODE='NO_AUTO_VALUE_ON_ZERO' */;
/*!40111 SET @OLD_SQL_NOTES=@@SQL_NOTES, SQL_NOTES=0 */;

--
-- Table structure for table `actors`
--

DROP TABLE IF EXISTS `actors`;
/*!40101 SET @saved_cs_client     = @@character_set_client */;
/*!50503 SET character_set_client = utf8mb4 */;
CREATE TABLE `actors` (
  `id` int(10) unsigned NOT NULL AUTO_INCREMENT,
  `name` varchar(100) CHARACTER SET utf8 COLLATE utf8_unicode_ci DEFAULT NULL,
  `gender` char(1) CHARACTER SET utf8 COLLATE utf8_unicode_ci DEFAULT NULL,
  `birthday` date DEFAULT NULL,
  PRIMARY KEY (`id`),
  KEY `name` (`name`)
) ENGINE=InnoDB AUTO_INCREMENT=151 DEFAULT CHARSET=utf8 COLLATE=utf8_unicode_ci;
/*!40101 SET character_set_client = @saved_cs_client */;

--
-- Dumping data for table `actors`
--

LOCK TABLES `actors` WRITE;
/*!40000 ALTER TABLE `actors` DISABLE KEYS */;
INSERT INTO `actors` VALUES (1,'Evert Ullrich','f','1996-11-10'),(2,'Karolann Connelly','m','1988-01-14'),(3,'Norberto Bosco I','f','1976-11-27'),(4,'Germaine Koelpin','f','1991-06-08'),(5,'Dr. Trent Wyman Sr.','f','1975-02-23'),(6,'Ladarius Kohler','m','1987-04-28'),(7,'Roy Howell PhD','m','1971-01-02'),(8,'Ezequiel Oberbrunner','f','1980-06-25'),(9,'Mr. Rogers Bergnaum','m','1980-02-11'),(10,'Prof. Elwyn Abernathy','m','1980-10-21'),(11,'Henri Schiller','m','1978-03-30'),(12,'Sigrid Kunde','f','1977-06-18'),(13,'Monte Hermiston','m','1985-05-13'),(14,'Jonatan Zboncak','f','1987-11-01'),(15,'Rahul Aufderhar Jr.','f','1984-01-17'),(16,'Maximo Considine','f','1974-07-09'),(17,'Demetris Yost','m','1992-05-09'),(18,'Annabell D\'Amore','f','1989-01-27'),(19,'Alba Hand Sr.','m','1993-02-07'),(20,'Mr. Mitchel Rath','f','1983-09-28'),(21,'Jarrell Tillman','m','1990-07-03'),(22,'Armando Monahan','f','1991-06-13'),(23,'Prof. Johann Dickens DVM','m','1988-06-30'),(24,'Ms. Chyna Beer IV','m','1984-06-06'),(25,'Antonietta Jast Jr.','f','1989-12-31'),(26,'Elliott Senger','f','1989-03-15'),(27,'Prof. Zack Grant','m','1976-09-01'),(28,'Julianne Prosacco','m','1970-07-11'),(29,'Rudy Yost','f','1971-01-20'),(30,'Daphnee Sawayn','m','1996-05-19'),(31,'Mrs. Corrine O\'Kon','f','1990-10-22'),(32,'Kimberly Cummerata','m','1975-03-04'),(33,'Dagmar Gaylord','f','1982-09-15'),(34,'Corine Hartmann','f','1973-01-15'),(35,'Bennett Nolan','f','1983-01-09'),(36,'Dr. Jayson Rosenbaum','m','1972-04-19'),(37,'Dr. Dixie Wuckert','f','1992-01-12'),(38,'Sallie Eichmann','f','1970-01-07'),(39,'Clemmie Herzog MD','m','1970-11-28'),(40,'Summer Cole','m','1985-12-08'),(41,'Dr. Wava Friesen','f','1975-01-13'),(42,'Elinore Marquardt III','f','1972-02-02'),(43,'Terrence Gerhold','f','1979-04-23'),(44,'Sammy Haley','m','1974-04-20'),(45,'Lela Ebert','m','1986-02-01'),(46,'Jeanie Hirthe','f','1995-02-20'),(47,'Franz Pfeffer','m','1975-09-06'),(48,'Madge Ritchie DDS','m','1987-03-31'),(49,'Sylvia Johns','f','1992-02-27'),(50,'Miss Lizzie Simonis','m','1973-04-14'),(51,'Branson Cassin','m','1971-01-26'),(52,'Eryn Hilpert','f','1996-12-22'),(53,'Llewellyn Hayes','m','1989-01-26'),(54,'Mr. Adrien Carroll II','m','1978-06-28'),(55,'Candice Reynolds','f','1988-05-04'),(56,'Lenny Miller MD','m','1973-01-22'),(57,'Dr. Jaime Schimmel','m','1992-06-23'),(58,'Darrell Rohan','f','1992-06-28'),(59,'Prof. Ariel Baumbach','f','1986-01-28'),(60,'Allison Johnson I','m','1982-04-07'),(61,'Else Marks','m','1982-08-14'),(62,'Kacie Konopelski','f','1974-07-27'),(63,'Coby Littel','f','1979-05-10'),(64,'Kassandra Schaden','m','1974-11-13'),(65,'Sammie Rogahn','f','1973-12-09'),(66,'Charlene Hoppe','f','1976-10-16'),(67,'Ashleigh Kunze','f','1995-11-02'),(68,'Dr. Deontae Swift','m','1986-12-09'),(69,'Mr. Enos Hand','f','1971-04-20'),(70,'Weldon O\'Hara','m','1995-05-31'),(71,'Chesley Batz','f','1990-07-06'),(72,'Schuyler Ondricka','f','1986-04-28'),(73,'Amari Haag','m','1984-08-26'),(74,'Virgie Klocko','m','1985-10-13'),(75,'Ambrose Mueller','f','1976-12-01'),(76,'Prof. Schuyler Hermann PhD','m','1982-02-06'),(77,'Tillman Balistreri','f','1988-03-20'),(78,'Queenie Huels','m','1975-06-04'),(79,'Eveline Schuster','f','1982-08-23'),(80,'Einar Reichel','m','1981-11-19'),(81,'Mr. Lucas Baumbach','m','1981-02-12'),(82,'Davon Von','m','1970-07-20'),(83,'Tate Zulauf','m','1979-09-09'),(84,'Mattie Kshlerin','m','1988-06-24'),(85,'Dr. Stanley Abernathy','f','1980-01-05'),(86,'Dr. Maybell Tillman Jr.','m','1986-02-12'),(87,'Ms. Breanne Daugherty','f','1975-05-30'),(88,'Alex Torphy Jr.','f','1994-09-10'),(89,'Robb Spencer','m','1983-03-19'),(90,'Francisco Cartwright','m','1982-10-30'),(91,'Audie Larkin','m','1992-12-18'),(92,'Mrs. Aurelie Jakubowski IV','m','1979-11-23'),(93,'Dr. Napoleon McClure V','f','1977-11-17'),(94,'Dr. Myrtle Haag','m','1979-12-14'),(95,'Ulises Wilderman','f','1993-03-09'),(96,'Bailee Parisian','m','1978-10-11'),(97,'Prof. Tamia Powlowski IV','f','1981-05-04'),(98,'Mrs. Melissa Raynor','m','1989-12-18'),(99,'Joy Ruecker II','f','1975-07-26'),(100,'Dr. Amaya Boyle','m','1985-10-27'),(101,'Cleveland Gleichner','m','1994-06-07'),(102,'Bo Pfeffer','f','1991-07-16'),(103,'Kassandra Beier','m','1993-11-05'),(104,'Mrs. April Bashirian DDS','m','1991-09-19'),(105,'Marques Stracke','f','1990-03-01'),(106,'Krystel Veum','f','1996-12-20'),(107,'Dr. Zola Feeney III','m','1972-10-28'),(108,'Daren Franecki','m','1994-07-18'),(109,'Mrs. Theresia McLaughlin','m','1984-06-01'),(110,'Dr. Jaron Monahan MD','f','1988-10-31'),(111,'Dr. Quinton Walsh Jr.','f','1971-07-14'),(112,'Hipolito Ziemann','m','1980-12-30'),(113,'Nedra Heathcote','f','1970-06-05'),(114,'Ricky Friesen','f','1987-05-14'),(115,'Lennie Lueilwitz','f','1994-10-02'),(116,'Mason Frami','m','1988-05-22'),(117,'Prof. Vanessa Quigley III','f','1979-01-15'),(118,'Jordyn Schumm','m','1987-06-03'),(119,'Dr. Sophie Lowe II','m','1992-03-02'),(120,'Boris Schiller III','f','1984-03-25'),(121,'Prof. Sonny Haag V','f','1984-06-06'),(122,'William Koepp','f','1988-10-12'),(123,'Katelin Beatty','f','1989-02-04'),(124,'Christiana Lueilwitz Jr.','m','1981-04-26'),(125,'Theron Hoeger','m','1983-11-25'),(126,'Dr. Ramiro Cremin','m','1995-01-04'),(127,'Lela Rowe','f','1990-03-28'),(128,'Arjun Rutherford','m','1991-10-10'),(129,'Keenan Wolff','f','1996-08-25'),(130,'Braulio Swaniawski','m','1979-09-21'),(131,'Mohammed Ward','f','1978-03-31'),(132,'Dr. Jarred Harris','m','1992-07-23'),(133,'Dr. Nels Hahn PhD','m','1972-11-10'),(134,'Mr. Tristin White III','m','1970-09-13'),(135,'Prof. Paolo Koch','f','1982-05-11'),(136,'Anastasia Botsford','m','1994-02-09'),(137,'Brent Mann','f','1996-06-19'),(138,'Emilio Raynor','m','1979-04-19'),(139,'Prof. Jaren Abernathy','m','1979-02-20'),(140,'Ms. Anahi Walsh Jr.','f','1988-10-18'),(141,'Kaitlin Cassin','f','1990-10-18'),(142,'Benjamin Nader','f','1996-02-05'),(143,'Olin Macejkovic','f','1990-11-26'),(144,'Prof. Dwight Hauck III','f','1993-07-07'),(145,'Milton Jacobi','m','1990-05-01'),(146,'Oscar Bednar','f','1972-12-15'),(147,'Rhoda Bosco Jr.','f','1986-11-01'),(148,'Dr. Adalberto Quigley','m','1985-02-04'),(149,'Annabel Kautzer','f','1997-10-20'),(150,'Dejah Marvin','f','1979-10-05');
/*!40000 ALTER TABLE `actors` ENABLE KEYS */;
UNLOCK TABLES;

--
-- Table structure for table `casts`
--

DROP TABLE IF EXISTS `casts`;
/*!40101 SET @saved_cs_client     = @@character_set_client */;
/*!50503 SET character_set_client = utf8mb4 */;
CREATE TABLE `casts` (
  `actor_id` int(10) unsigned NOT NULL,
  `movie_id` int(10) unsigned NOT NULL,
  `role` varchar(100) CHARACTER SET utf8 COLLATE utf8_unicode_ci DEFAULT NULL,
  PRIMARY KEY (`actor_id`,`movie_id`),
  KEY `movie_id` (`movie_id`),
  KEY `role` (`role`),
  CONSTRAINT `casts_ibfk_1` FOREIGN KEY (`actor_id`) REFERENCES `actors` (`id`) ON DELETE CASCADE,
  CONSTRAINT `casts_ibfk_2` FOREIGN KEY (`movie_id`) REFERENCES `movies` (`id`) ON DELETE CASCADE
) ENGINE=InnoDB DEFAULT CHARSET=utf8 COLLATE=utf8_unicode_ci;
/*!40101 SET character_set_client = @saved_cs_client */;

--
-- Dumping data for table `casts`
--

LOCK TABLES `casts` WRITE;
/*!40000 ALTER TABLE `casts` DISABLE KEYS */;
INSERT INTO `casts` VALUES (61,161,'A nulla.'),(8,58,'A.'),(35,135,'A.'),(137,187,'Ab accusamus.'),(6,6,'Ab ex.'),(63,163,'Ab.'),(148,148,'Ab.'),(51,151,'Accusamus dolorem.'),(48,48,'Accusamus.'),(129,129,'Accusantium quidem.'),(24,174,'Accusantium.'),(28,128,'Accusantium.'),(84,34,'Ad eaque.'),(52,152,'Ad tempora.'),(146,46,'Ad.'),(118,118,'Alias.'),(120,20,'Alias.'),(90,140,'Aliquam ut.'),(98,98,'Aliquam.'),(130,80,'Amet ut.'),(75,75,'Amet.'),(135,35,'Amet.'),(5,55,'Animi et.'),(83,83,'Aperiam aut.'),(56,6,'Aperiam eius.'),(19,19,'Architecto.'),(20,20,'Asperiores.'),(107,157,'Aspernatur quia.'),(128,178,'Aspernatur voluptates.'),(19,169,'Aspernatur.'),(82,132,'Aspernatur.'),(134,34,'Aspernatur.'),(94,144,'Assumenda voluptatibus.'),(141,91,'At est.'),(142,142,'At.'),(119,169,'Atque facilis.'),(116,66,'Atque ipsum.'),(94,194,'Atque occaecati.'),(28,78,'Atque.'),(113,163,'Atque.'),(32,182,'Aut corrupti.'),(103,53,'Aut eius.'),(11,11,'Aut esse.'),(148,48,'Aut et.'),(26,76,'Aut neque.'),(49,49,'Aut optio.'),(70,70,'Aut qui.'),(146,196,'Aut sint.'),(121,171,'Aut totam.'),(26,126,'Aut velit.'),(3,103,'Aut.'),(22,72,'Aut.'),(31,31,'Aut.'),(42,142,'Aut.'),(133,183,'Aut.'),(96,146,'Autem alias.'),(145,195,'Autem minima.'),(97,47,'Autem quia.'),(7,7,'Autem sed.'),(144,144,'Autem.'),(32,82,'Beatae beatae.'),(5,105,'Beatae hic.'),(29,179,'Blanditiis ea.'),(128,128,'Blanditiis.'),(54,54,'Commodi.'),(138,138,'Consectetur aperiam.'),(22,172,'Consectetur.'),(53,53,'Consectetur.'),(69,119,'Consectetur.'),(95,145,'Consequatur deleniti.'),(137,37,'Consequatur et.'),(137,87,'Consequatur in.'),(11,111,'Consequatur molestiae.'),(43,143,'Consequatur voluptas.'),(114,64,'Consequatur.'),(129,179,'Consequatur.'),(23,173,'Consequuntur.'),(36,186,'Consequuntur.'),(38,138,'Corporis ea.'),(135,85,'Corporis ex.'),(149,49,'Corporis rerum.'),(13,63,'Corporis tempore.'),(132,182,'Corporis.'),(71,121,'Corrupti laboriosam.'),(65,65,'Corrupti perferendis.'),(55,5,'Culpa aut.'),(139,139,'Culpa.'),(18,168,'Cum ut.'),(12,62,'Cum.'),(42,42,'Cumque.'),(110,10,'Cumque.'),(8,108,'Cupiditate quia.'),(62,162,'Cupiditate.'),(139,89,'Debitis qui.'),(30,180,'Debitis.'),(53,153,'Debitis.'),(58,158,'Debitis.'),(73,123,'Debitis.'),(15,65,'Delectus qui.'),(17,67,'Deleniti.'),(33,83,'Deserunt ipsa.'),(146,146,'Deserunt necessitatibus.'),(2,52,'Deserunt.'),(131,131,'Deserunt.'),(144,44,'Deserunt.'),(8,158,'Dicta.'),(150,200,'Dicta.'),(16,16,'Dignissimos id.'),(22,22,'Dignissimos laudantium.'),(105,5,'Dignissimos maxime.'),(45,145,'Dignissimos.'),(113,13,'Dignissimos.'),(119,119,'Dignissimos.'),(149,99,'Distinctio aliquid.'),(25,175,'Distinctio iste.'),(76,176,'Distinctio.'),(100,50,'Dolor impedit.'),(131,31,'Dolor omnis.'),(3,53,'Dolor.'),(71,21,'Dolor.'),(82,182,'Dolore quia.'),(14,64,'Dolorem neque.'),(120,70,'Dolorem occaecati.'),(19,119,'Dolorem voluptas.'),(122,122,'Doloremque voluptates.'),(150,100,'Dolores facilis.'),(115,165,'Dolores optio.'),(30,80,'Dolores placeat.'),(67,117,'Dolores recusandae.'),(144,194,'Dolores rem.'),(15,115,'Dolores rerum.'),(46,196,'Dolores.'),(24,74,'Doloribus doloribus.'),(6,106,'Doloribus.'),(133,133,'Doloribus.'),(146,96,'Dolorum unde.'),(106,56,'Dolorum.'),(126,176,'Ducimus non.'),(34,84,'Ea accusamus.'),(112,112,'Ea exercitationem.'),(39,39,'Ea illo.'),(72,122,'Ea ut.'),(32,132,'Ea.'),(80,80,'Ea.'),(107,57,'Ea.'),(104,104,'Eaque aliquam.'),(111,161,'Eaque.'),(81,31,'Eius animi.'),(74,24,'Eius veniam.'),(57,157,'Eius.'),(38,188,'Eligendi dignissimos.'),(103,103,'Eligendi maxime.'),(103,3,'Eligendi.'),(92,192,'Enim est.'),(28,28,'Enim.'),(84,184,'Enim.'),(91,141,'Enim.'),(114,114,'Enim.'),(116,116,'Eos exercitationem.'),(59,59,'Eos sint.'),(7,157,'Eos ut.'),(15,15,'Eos ut.'),(74,174,'Eos.'),(143,143,'Eos.'),(99,149,'Error.'),(117,17,'Error.'),(125,125,'Est accusamus.'),(20,120,'Est deserunt.'),(112,62,'Est dolorum.'),(105,55,'Est laboriosam.'),(92,92,'Est minima.'),(147,147,'Est optio.'),(37,137,'Est qui.'),(56,106,'Est qui.'),(36,86,'Est.'),(50,200,'Est.'),(73,73,'Est.'),(77,177,'Est.'),(133,33,'Est.'),(35,35,'Et consequatur.'),(47,47,'Et deserunt.'),(77,27,'Et distinctio.'),(135,135,'Et explicabo.'),(31,181,'Et fuga.'),(57,107,'Et hic.'),(102,102,'Et impedit.'),(75,125,'Et labore.'),(67,17,'Et quas.'),(130,180,'Et quia.'),(102,52,'Et tenetur.'),(79,129,'Et vel.'),(24,124,'Et.'),(25,125,'Et.'),(73,173,'Et.'),(78,178,'Et.'),(83,33,'Et.'),(83,183,'Et.'),(90,90,'Et.'),(92,42,'Et.'),(113,113,'Et.'),(115,65,'Et.'),(130,30,'Et.'),(144,94,'Et.'),(85,135,'Eum aut.'),(17,117,'Eum omnis.'),(128,78,'Eum qui.'),(76,26,'Eum ullam.'),(36,36,'Eveniet.'),(102,152,'Eveniet.'),(95,195,'Ex dolor.'),(125,25,'Ex est.'),(136,186,'Ex eum.'),(60,10,'Excepturi ducimus.'),(40,140,'Excepturi et.'),(127,77,'Excepturi et.'),(2,152,'Excepturi.'),(9,159,'Exercitationem et.'),(5,5,'Exercitationem.'),(72,72,'Expedita debitis.'),(40,40,'Expedita dolorem.'),(106,6,'Expedita impedit.'),(53,3,'Explicabo harum.'),(3,153,'Explicabo.'),(140,190,'Facere tenetur.'),(65,15,'Facere.'),(61,11,'Fuga corporis.'),(31,131,'Fuga corrupti.'),(17,167,'Fuga.'),(116,16,'Fugiat.'),(127,177,'Fugit rerum.'),(97,197,'Fugit.'),(110,160,'Fugit.'),(10,160,'Harum similique.'),(83,133,'Hic sunt.'),(49,99,'Hic.'),(129,79,'Hic.'),(138,188,'Id autem.'),(135,185,'Id eius.'),(57,57,'Id voluptatem.'),(142,42,'Id.'),(67,67,'Illo.'),(24,24,'Illum omnis.'),(86,86,'Illum.'),(44,194,'Impedit saepe.'),(93,43,'Impedit suscipit.'),(54,154,'Impedit ut.'),(88,88,'In ab.'),(54,104,'In excepturi.'),(46,46,'In fugit.'),(37,187,'In.'),(136,36,'In.'),(150,150,'In.'),(37,87,'Incidunt labore.'),(7,107,'Incidunt.'),(110,110,'Incidunt.'),(130,130,'Inventore ab.'),(116,166,'Inventore dolorem.'),(47,197,'Inventore.'),(109,109,'Inventore.'),(77,127,'Ipsa et.'),(137,137,'Ipsa quia.'),(121,71,'Ipsam eum.'),(51,101,'Ipsam sed.'),(10,60,'Ipsam.'),(48,148,'Ipsum quaerat.'),(100,100,'Ipsum sit.'),(81,131,'Iste aut.'),(42,92,'Iste.'),(68,68,'Iste.'),(52,52,'Itaque a.'),(64,114,'Itaque adipisci.'),(53,103,'Itaque eius.'),(101,151,'Itaque quis.'),(96,46,'Itaque.'),(121,21,'Itaque.'),(124,174,'Itaque.'),(70,120,'Iure et.'),(6,56,'Iure.'),(41,91,'Iure.'),(63,113,'Iusto sit.'),(29,79,'Iusto.'),(66,166,'Laboriosam sed.'),(77,77,'Laboriosam.'),(85,85,'Laboriosam.'),(78,128,'Laborum.'),(90,40,'Laborum.'),(132,132,'Laudantium ipsa.'),(125,75,'Laudantium iste.'),(59,109,'Laudantium natus.'),(35,85,'Libero voluptate.'),(123,23,'Magnam voluptatem.'),(18,68,'Magnam.'),(148,98,'Magni corrupti.'),(66,116,'Magni laudantium.'),(29,129,'Magni.'),(69,69,'Magni.'),(140,90,'Magni.'),(52,2,'Maiores ut.'),(134,184,'Maiores.'),(20,70,'Maxime deleniti.'),(127,127,'Maxime quia.'),(64,64,'Minima fugiat.'),(149,149,'Minima placeat.'),(138,38,'Minima voluptatem.'),(109,159,'Minima.'),(81,181,'Minus.'),(122,72,'Modi dignissimos.'),(25,75,'Modi.'),(81,81,'Modi.'),(124,24,'Modi.'),(113,63,'Molestiae eum.'),(59,159,'Molestiae fuga.'),(12,112,'Molestiae.'),(17,17,'Molestiae.'),(97,147,'Molestias adipisci.'),(126,26,'Mollitia nam.'),(101,1,'Mollitia sed.'),(33,183,'Mollitia.'),(13,13,'Nam qui.'),(55,105,'Nam sequi.'),(5,155,'Nam.'),(35,185,'Nam.'),(58,8,'Natus ratione.'),(142,92,'Natus vitae.'),(23,123,'Natus voluptatibus.'),(104,4,'Natus.'),(14,14,'Necessitatibus atque.'),(71,171,'Necessitatibus iure.'),(16,66,'Necessitatibus quis.'),(117,67,'Nemo consequuntur.'),(82,82,'Nemo.'),(9,109,'Neque.'),(23,23,'Nesciunt.'),(93,193,'Nesciunt.'),(123,123,'Nihil est.'),(98,48,'Nihil iusto.'),(91,41,'Nihil minus.'),(138,88,'Nihil quasi.'),(50,100,'Nihil.'),(114,164,'Nihil.'),(99,199,'Nisi.'),(66,66,'Nobis sed.'),(111,111,'Non velit.'),(60,110,'Non.'),(97,97,'Non.'),(126,76,'Non.'),(131,181,'Non.'),(38,38,'Nostrum aut.'),(16,166,'Nostrum beatae.'),(115,115,'Nulla sint.'),(10,10,'Nulla vel.'),(14,164,'Nulla.'),(68,168,'Numquam nisi.'),(36,136,'Numquam voluptate.'),(121,121,'Numquam.'),(106,106,'Occaecati quos.'),(62,112,'Occaecati.'),(61,111,'Odio distinctio.'),(59,9,'Odio voluptates.'),(139,189,'Odio.'),(10,110,'Odit saepe.'),(90,190,'Odit.'),(91,91,'Officia voluptates.'),(68,18,'Officiis aut.'),(41,191,'Officiis.'),(112,12,'Officiis.'),(145,145,'Officiis.'),(39,89,'Omnis dolor.'),(145,45,'Omnis laboriosam.'),(33,33,'Omnis rerum.'),(139,39,'Omnis sequi.'),(21,71,'Omnis.'),(29,29,'Omnis.'),(39,189,'Omnis.'),(140,140,'Optio.'),(88,188,'Pariatur et.'),(15,165,'Pariatur laudantium.'),(102,2,'Pariatur nam.'),(40,190,'Pariatur.'),(57,7,'Perferendis.'),(95,45,'Perferendis.'),(118,68,'Perferendis.'),(37,37,'Perspiciatis.'),(46,146,'Perspiciatis.'),(115,15,'Perspiciatis.'),(47,97,'Placeat cumque.'),(87,37,'Placeat.'),(132,82,'Placeat.'),(118,168,'Porro consequuntur.'),(56,156,'Porro.'),(149,199,'Possimus quidem.'),(4,104,'Possimus voluptas.'),(34,34,'Possimus.'),(9,59,'Praesentium quis.'),(52,102,'Praesentium.'),(56,56,'Praesentium.'),(99,49,'Praesentium.'),(108,108,'Praesentium.'),(69,19,'Provident ullam.'),(93,93,'Provident.'),(63,13,'Quaerat dolor.'),(85,35,'Quas quis.'),(105,155,'Quasi consequuntur.'),(31,81,'Quasi sed.'),(76,126,'Quasi.'),(150,50,'Qui distinctio.'),(122,172,'Qui dolore.'),(110,60,'Qui laudantium.'),(70,20,'Qui nobis.'),(62,62,'Qui perferendis.'),(18,118,'Qui.'),(27,27,'Qui.'),(30,30,'Qui.'),(34,134,'Qui.'),(45,195,'Qui.'),(49,199,'Qui.'),(61,61,'Qui.'),(65,165,'Qui.'),(69,169,'Qui.'),(72,172,'Qui.'),(111,61,'Qui.'),(127,27,'Qui.'),(134,84,'Qui.'),(91,191,'Quia distinctio.'),(112,162,'Quia dolorem.'),(13,163,'Quia et.'),(21,121,'Quia molestiae.'),(43,193,'Quia natus.'),(143,193,'Quia sit.'),(108,158,'Quia temporibus.'),(33,133,'Quia.'),(41,41,'Quia.'),(60,60,'Quia.'),(67,167,'Quia.'),(50,50,'Quibusdam earum.'),(26,176,'Quibusdam.'),(87,87,'Quidem adipisci.'),(42,192,'Quidem delectus.'),(94,94,'Quidem et.'),(89,189,'Quidem.'),(123,173,'Quidem.'),(117,117,'Quis odit.'),(44,44,'Quis.'),(71,71,'Quis.'),(73,23,'Quis.'),(106,156,'Quis.'),(141,191,'Quis.'),(89,139,'Quisquam at.'),(27,77,'Quisquam atque.'),(78,78,'Quisquam rerum.'),(68,118,'Quisquam.'),(80,180,'Quo dicta.'),(92,142,'Quo mollitia.'),(43,43,'Quo quae.'),(47,147,'Quo.'),(147,197,'Quo.'),(58,58,'Quod aut.'),(111,11,'Quod autem.'),(108,8,'Quod.'),(143,43,'Quod.'),(125,175,'Ratione.'),(30,130,'Recusandae corporis.'),(140,40,'Recusandae id.'),(86,36,'Recusandae pariatur.'),(141,41,'Recusandae voluptas.'),(4,154,'Reiciendis minima.'),(18,18,'Rem vero.'),(51,1,'Repellat.'),(79,79,'Repellat.'),(16,116,'Repellendus excepturi.'),(4,54,'Repellendus.'),(87,187,'Reprehenderit sed.'),(19,69,'Repudiandae dicta.'),(124,124,'Rerum.'),(143,93,'Saepe voluptatibus.'),(114,14,'Sapiente aliquid.'),(84,134,'Sapiente magni.'),(86,136,'Sed architecto.'),(28,178,'Sed ducimus.'),(54,4,'Sed ducimus.'),(1,1,'Sed illo.'),(107,7,'Sed iure.'),(2,2,'Sed.'),(11,161,'Sed.'),(70,170,'Sed.'),(132,32,'Sed.'),(95,95,'Sequi.'),(20,170,'Similique omnis.'),(89,89,'Similique omnis.'),(104,154,'Similique quasi.'),(48,98,'Similique quos.'),(34,184,'Similique.'),(126,126,'Sint eligendi.'),(11,61,'Sint expedita.'),(109,9,'Sint neque.'),(148,198,'Sint nihil.'),(87,137,'Sint odio.'),(27,127,'Sint officia.'),(55,55,'Sint vitae.'),(89,39,'Sint voluptas.'),(9,9,'Sint.'),(12,12,'Sint.'),(21,21,'Sint.'),(50,150,'Sint.'),(94,44,'Sint.'),(147,47,'Sint.'),(45,45,'Sit eveniet.'),(7,57,'Sit omnis.'),(44,94,'Sit repellendus.'),(82,32,'Sit voluptas.'),(66,16,'Sit.'),(98,198,'Soluta necessitatibus.'),(120,120,'Soluta.'),(118,18,'Sunt est.'),(131,81,'Sunt non.'),(58,108,'Sunt.'),(78,28,'Sunt.'),(103,153,'Sunt.'),(119,19,'Sunt.'),(145,95,'Sunt.'),(3,3,'Suscipit porro.'),(12,162,'Tempora rerum.'),(134,134,'Tempora sint.'),(38,88,'Tempora.'),(123,73,'Tempora.'),(88,138,'Tempore nemo.'),(32,32,'Tempore.'),(49,149,'Tempore.'),(117,167,'Tempore.'),(74,124,'Temporibus ut.'),(65,115,'Tenetur aliquid.'),(85,185,'Tenetur et.'),(128,28,'Tenetur.'),(129,29,'Tenetur.'),(136,136,'Tenetur.'),(147,97,'Tenetur.'),(74,74,'Totam deserunt.'),(60,160,'Totam ut.'),(48,198,'Totam.'),(109,59,'Ullam sapiente.'),(104,54,'Unde qui.'),(136,86,'Unde.'),(101,101,'Ut animi.'),(75,25,'Ut aut.'),(93,143,'Ut dignissimos.'),(46,96,'Ut et.'),(26,26,'Ut harum.'),(40,90,'Ut placeat.'),(44,144,'Ut quisquam.'),(4,4,'Ut ut.'),(96,96,'Ut velit.'),(120,170,'Ut voluptatum.'),(1,51,'Ut.'),(51,51,'Ut.'),(100,200,'Ut.'),(133,83,'Ut.'),(45,95,'Vel.'),(76,76,'Vel.'),(141,141,'Vel.'),(1,101,'Velit.'),(21,171,'Velit.'),(105,105,'Velit.'),(14,114,'Veniam ea.'),(8,8,'Veniam.'),(142,192,'Veniam.'),(119,69,'Veritatis quidem.'),(13,113,'Veritatis.'),(25,25,'Vero incidunt.'),(100,150,'Vero reprehenderit.'),(75,175,'Vitae debitis.'),(1,151,'Vitae.'),(39,139,'Voluptas autem.'),(72,22,'Voluptas commodi.'),(64,164,'Voluptas dolore.'),(108,58,'Voluptas eos.'),(43,93,'Voluptas et.'),(86,186,'Voluptas et.'),(80,30,'Voluptas quam.'),(41,141,'Voluptas quia.'),(64,14,'Voluptas.'),(79,179,'Voluptas.'),(98,148,'Voluptas.'),(80,130,'Voluptate.'),(101,51,'Voluptate.'),(122,22,'Voluptate.'),(107,107,'Voluptatem aut.'),(27,177,'Voluptatem dolor.'),(79,29,'Voluptatem et.'),(96,196,'Voluptatem neque.'),(6,156,'Voluptatem sapiente.'),(99,99,'Voluptatem tempore.'),(2,102,'Voluptatem.'),(22,122,'Voluptatem.'),(55,155,'Voluptatem.'),(62,12,'Voluptatem.'),(124,74,'Voluptatem.'),(63,63,'Voluptatibus optio.'),(23,73,'Voluptatibus rerum.'),(84,84,'Voluptatibus voluptatem.'),(88,38,'Voluptatibus.');
/*!40000 ALTER TABLE `casts` ENABLE KEYS */;
UNLOCK TABLES;

--
-- Table structure for table `directors`
--

DROP TABLE IF EXISTS `directors`;
/*!40101 SET @saved_cs_client     = @@character_set_client */;
/*!50503 SET character_set_client = utf8mb4 */;
CREATE TABLE `directors` (
  `id` int(10) unsigned NOT NULL AUTO_INCREMENT,
  `name` varchar(100) CHARACTER SET utf8 COLLATE utf8_unicode_ci DEFAULT NULL,
  `birthday` date DEFAULT NULL,
  `gender` char(1) CHARACTER SET utf8 COLLATE utf8_unicode_ci DEFAULT NULL,
  PRIMARY KEY (`id`),
  KEY `name` (`name`)
) ENGINE=InnoDB AUTO_INCREMENT=51 DEFAULT CHARSET=utf8 COLLATE=utf8_unicode_ci;
/*!40101 SET character_set_client = @saved_cs_client */;

--
-- Dumping data for table `directors`
--

LOCK TABLES `directors` WRITE;
/*!40000 ALTER TABLE `directors` DISABLE KEYS */;
INSERT INTO `directors` VALUES (1,'Lauretta Beatty','1974-05-14','f'),(2,'Prof. Jocelyn Runte','1981-06-27','m'),(3,'Kelvin O\'Reilly','1980-05-26','f'),(4,'Loraine Gusikowski','1983-08-20','f'),(5,'Dr. Teresa Koepp I','1983-05-27','f'),(6,'Lauryn Zieme','1976-07-24','m'),(7,'Rosetta Heller','1975-10-11','f'),(8,'Frank Kemmer','1987-07-31','f'),(9,'Ashley Harber','1985-08-18','m'),(10,'Jedediah Keebler','1976-07-03','f'),(11,'Miss Billie Kilback DDS','1976-03-11','m'),(12,'Prof. Karianne Lesch','1980-01-31','m'),(13,'Mr. Rudy Hickle I','1980-02-22','f'),(14,'Willard Gusikowski IV','1985-03-01','m'),(15,'Dr. Hershel Zemlak II','1978-10-28','f'),(16,'Etha Hermann','1972-09-16','m'),(17,'Damian Hirthe III','1984-06-27','m'),(18,'Gabriel Treutel','1972-07-15','m'),(19,'Verda Fadel','1981-01-31','m'),(20,'Corene Schowalter II','1985-07-04','f'),(21,'Blanche Schmitt','1972-01-17','f'),(22,'Mr. Micah Wunsch','1970-04-11','m'),(23,'Izabella Mraz','1973-08-09','m'),(24,'Prof. Lucienne Schimmel V','1976-10-06','m'),(25,'Dr. Geo Wyman DDS','1976-08-13','f'),(26,'Prof. Marlin Block DDS','1977-08-12','m'),(27,'Filiberto Auer','1979-07-12','m'),(28,'Maryse Gorczany DVM','1974-06-04','m'),(29,'Nelda Crooks','1977-01-16','f'),(30,'Noe Gorczany','1980-05-16','m'),(31,'Greyson Block','1977-03-27','f'),(32,'Prof. Gabriel Schroeder II','1983-07-05','f'),(33,'Sonia Balistreri DVM','1978-08-17','f'),(34,'Mrs. Sydnie Jacobi Jr.','1970-06-10','f'),(35,'Christa Bernier','1975-07-27','f'),(36,'Gaetano Graham','1978-08-25','m'),(37,'Mozell Lockman','1985-06-14','m'),(38,'Leopoldo Heathcote','1972-07-30','f'),(39,'Desiree Jast','1981-06-04','f'),(40,'Prof. Noah Terry','1981-08-03','f'),(41,'Aletha McCullough','1981-02-27','f'),(42,'Merle Prosacco','1981-08-17','f'),(43,'Mr. Miles White V','1982-12-12','f'),(44,'Madalyn Oberbrunner','1985-08-20','f'),(45,'Jillian Marvin','1982-02-09','f'),(46,'Dax O\'Hara','1983-01-06','m'),(47,'Kraig Wehner','1974-11-10','f'),(48,'Blaise Ondricka','1974-01-23','f'),(49,'Lillian Hansen Sr.','1977-04-24','f'),(50,'Eulah Trantow','1980-09-02','m');
/*!40000 ALTER TABLE `directors` ENABLE KEYS */;
UNLOCK TABLES;

--
-- Table structure for table `genres`
--

DROP TABLE IF EXISTS `genres`;
/*!40101 SET @saved_cs_client     = @@character_set_client */;
/*!50503 SET character_set_client = utf8mb4 */;
CREATE TABLE `genres` (
  `id` int(10) unsigned NOT NULL AUTO_INCREMENT,
  `name` varchar(100) CHARACTER SET utf8 COLLATE utf8_unicode_ci NOT NULL,
  PRIMARY KEY (`id`),
  UNIQUE KEY `name` (`name`)
) ENGINE=InnoDB AUTO_INCREMENT=16 DEFAULT CHARSET=utf8 COLLATE=utf8_unicode_ci;
/*!40101 SET character_set_client = @saved_cs_client */;

--
-- Dumping data for table `genres`
--

LOCK TABLES `genres` WRITE;
/*!40000 ALTER TABLE `genres` DISABLE KEYS */;
INSERT INTO `genres` VALUES (11,'ab'),(13,'culpa'),(9,'dolorem'),(2,'doloremque'),(14,'eaque'),(12,'enim'),(10,'est'),(6,'et'),(8,'fugit'),(3,'libero'),(1,'necessitatibus'),(15,'quibusdam'),(5,'rerum'),(4,'sequi'),(7,'ut');
/*!40000 ALTER TABLE `genres` ENABLE KEYS */;
UNLOCK TABLES;

--
-- Temporary view structure for view `genres_movies_view`
--

DROP TABLE IF EXISTS `genres_movies_view`;
/*!50001 DROP VIEW IF EXISTS `genres_movies_view`*/;
SET @saved_cs_client     = @@character_set_client;
/*!50503 SET character_set_client = utf8mb4 */;
/*!50001 CREATE VIEW `genres_movies_view` AS SELECT 
 1 AS `movie_title`,
 1 AS `genre_name`*/;
SET character_set_client = @saved_cs_client;

--
-- Table structure for table `movies`
--

DROP TABLE IF EXISTS `movies`;
/*!40101 SET @saved_cs_client     = @@character_set_client */;
/*!50503 SET character_set_client = utf8mb4 */;
CREATE TABLE `movies` (
  `id` int(10) unsigned NOT NULL AUTO_INCREMENT,
  `title` varchar(100) CHARACTER SET utf8 COLLATE utf8_unicode_ci DEFAULT NULL,
  `release_date` date DEFAULT NULL,
  `director_id` int(10) unsigned DEFAULT NULL,
  `budget` int(11) DEFAULT NULL,
  `rating` decimal(2,1) DEFAULT NULL,
  PRIMARY KEY (`id`),
  KEY `director_id` (`director_id`),
  KEY `title` (`title`),
  CONSTRAINT `movies_ibfk_1` FOREIGN KEY (`director_id`) REFERENCES `directors` (`id`) ON DELETE SET NULL
) ENGINE=InnoDB AUTO_INCREMENT=201 DEFAULT CHARSET=utf8 COLLATE=utf8_unicode_ci;
/*!40101 SET character_set_client = @saved_cs_client */;

--
-- Dumping data for table `movies`
--

LOCK TABLES `movies` WRITE;
/*!40000 ALTER TABLE `movies` DISABLE KEYS */;
INSERT INTO `movies` VALUES (1,'Reprehenderit consequatur nobis.','1970-03-30',25,10532969,7.0),(2,'Et laudantium dolorum.','2011-10-21',22,12104529,8.3),(3,'Omnis quam.','1972-11-24',26,9539405,7.4),(4,'Provident officiis.','1978-07-04',44,66219785,4.0),(5,'Voluptatem laudantium.','1999-01-17',46,81745638,5.8),(6,'Esse et debitis.','2019-06-10',35,34465606,6.0),(7,'Distinctio ut.','2003-08-30',38,84523902,4.4),(8,'Ut placeat.','2006-06-18',38,64939927,6.3),(9,'Consequuntur minima dolores.','2015-03-02',16,53545562,6.3),(10,'Tenetur sint.','1973-06-20',22,68910307,4.1),(11,'Sit voluptas et.','1979-04-02',23,14967033,4.5),(12,'Maiores rerum facilis.','1999-08-24',33,19615327,5.0),(13,'Atque illum.','1974-01-14',2,57624413,5.5),(14,'Corrupti harum.','1985-08-05',27,9489872,5.6),(15,'A adipisci.','1996-07-22',10,11591855,4.8),(16,'Occaecati illum.','2019-10-11',1,10491248,5.6),(17,'Libero quod voluptates.','2014-11-29',36,10279478,5.5),(18,'Placeat iure.','2005-04-21',15,75184887,6.3),(19,'Iure praesentium alias.','1974-02-08',12,87939931,6.2),(20,'Sit architecto.','2009-11-17',8,47356005,4.2),(21,'Doloribus deleniti.','1998-03-10',39,36424298,5.8),(22,'Ipsa est excepturi.','1973-05-04',49,27160036,5.9),(23,'Unde facilis.','1987-01-07',28,48118764,3.7),(24,'Pariatur eos.','1985-06-10',42,25178262,7.1),(25,'Praesentium illo.','2004-04-15',32,47394193,5.0),(26,'Commodi laboriosam.','2006-03-20',23,85780222,5.8),(27,'Consequuntur accusantium necessitatibus.','2007-07-30',4,2075163,8.0),(28,'Labore rerum amet.','1982-01-02',47,61364981,6.3),(29,'Nam ut qui.','1991-09-07',20,36132939,6.0),(30,'Id et.','1998-07-11',28,90270763,4.6),(31,'Omnis rerum.','1987-02-23',39,8602699,7.0),(32,'Ea consectetur adipisci.','1989-04-01',45,11739424,5.2),(33,'Non sed.','1980-08-18',49,580526,5.8),(34,'Fugiat et at.','1973-01-30',15,29641503,5.7),(35,'At fugit nostrum.','1980-05-23',38,90709464,6.1),(36,'Exercitationem quia.','1970-11-20',45,75069680,6.8),(37,'Voluptatem sint.','2015-07-01',50,25041249,5.7),(38,'Dolorem qui.','1972-08-09',25,86988683,4.0),(39,'Quia odit et.','2004-08-26',32,63467124,6.8),(40,'Enim qui.','1980-09-10',16,32369226,8.0),(41,'Molestias consequatur necessitatibus.','1983-04-05',46,75328805,5.4),(42,'Praesentium est qui.','1994-01-03',4,68741600,5.0),(43,'Tenetur et.','2014-02-12',48,69941548,5.4),(44,'Et quas.','2002-02-10',47,78623424,7.7),(45,'Libero earum alias.','1998-02-13',30,41831068,8.2),(46,'Ex est numquam.','1972-09-22',8,98182092,6.9),(47,'Ut possimus blanditiis.','2005-04-25',48,45804107,6.3),(48,'Quisquam doloribus.','1990-02-11',15,96217970,2.5),(49,'Atque consequuntur et.','2008-03-02',23,23999443,6.4),(50,'Sed deserunt.','1981-07-04',10,48880205,6.4),(51,'Mollitia quos.','1975-03-31',23,64720513,5.1),(52,'Delectus aut fugiat.','2017-06-22',11,38661074,6.8),(53,'Earum sit minus.','1978-08-06',8,35813143,7.6),(54,'Minima sint.','1997-04-01',50,86076915,7.0),(55,'Omnis nobis.','1990-04-13',3,52010760,5.9),(56,'Illum saepe nam.','2002-12-20',39,42880249,6.8),(57,'Et non delectus.','1995-07-22',22,75384090,5.8),(58,'Voluptate voluptatem.','1985-09-11',6,61854329,3.4),(59,'Laboriosam voluptatem.','2013-11-27',35,45501394,7.5),(60,'Delectus voluptatem.','1977-11-23',42,81301203,6.7),(61,'Libero incidunt vel.','2009-06-14',33,86338153,5.4),(62,'Voluptas assumenda.','2002-04-12',24,81205340,5.3),(63,'Dolorem ut totam.','1997-08-27',36,98553651,4.4),(64,'Illum hic ullam.','1977-12-15',32,47551041,4.6),(65,'Doloremque beatae.','1984-01-08',39,6709450,7.7),(66,'Sed vero.','2016-12-01',23,64805393,3.0),(67,'Architecto ea nulla.','2012-02-19',26,97270069,4.8),(68,'Voluptate debitis autem.','1998-05-22',38,2066708,3.7),(69,'In et quia.','1972-07-17',48,74219313,5.5),(70,'Deserunt delectus.','1980-03-10',8,68906242,4.8),(71,'Aut neque id.','2012-07-11',3,72535627,6.7),(72,'Aut consequatur.','2016-11-19',44,98691233,4.5),(73,'Sit laboriosam cum.','2000-09-27',11,36431776,5.3),(74,'Repudiandae sed.','1976-12-30',1,16912937,6.3),(75,'Officiis nihil.','2013-06-06',40,51599425,7.8),(76,'Temporibus maxime doloribus.','2014-03-18',41,68180287,7.7),(77,'Vitae et minus.','1996-03-13',8,51573412,6.0),(78,'Commodi itaque itaque.','2016-04-14',38,9655022,4.2),(79,'Cumque quasi.','1986-11-29',6,65079984,7.5),(80,'Praesentium magni.','1978-07-03',30,28359652,5.8),(81,'Perferendis magnam.','1995-06-22',47,10419532,4.0),(82,'Reprehenderit possimus consequatur.','2014-01-22',28,60033588,3.8),(83,'Voluptatem veritatis.','1981-07-14',41,28861104,6.0),(84,'Consectetur consequatur.','1983-05-15',4,62581473,6.0),(85,'Totam quas qui.','2014-10-18',27,26070126,7.4),(86,'Minus et veritatis.','1992-03-25',44,63256320,6.0),(87,'Ratione qui natus.','2000-11-10',42,37409724,5.0),(88,'Reprehenderit eveniet esse.','1975-03-08',49,14545969,5.2),(89,'Dolores qui.','2006-07-07',49,89624200,4.0),(90,'Dolor maiores at.','1994-07-04',27,20704328,6.0),(91,'Nihil rem.','1999-03-14',41,40887891,4.5),(92,'Qui veniam.','1999-12-27',32,17455002,6.0),(93,'Qui ratione.','2014-08-21',1,59551855,6.8),(94,'Beatae debitis ut.','1984-06-26',27,48715081,6.4),(95,'Ipsa qui.','2010-12-07',13,34155296,7.4),(96,'Asperiores ut.','2014-06-15',39,64922260,7.2),(97,'Distinctio ipsum aut.','1993-07-17',50,89574696,6.6),(98,'A et minus.','2001-10-18',39,19000118,6.6),(99,'Eos commodi maiores.','1993-11-19',26,58115724,4.6),(100,'Sequi qui.','1985-06-14',47,32015762,5.5),(101,'Autem minima fugiat.','1998-12-29',46,69992694,7.0),(102,'Perferendis similique dolores.','1977-01-19',29,3730585,6.7),(103,'Sint rerum.','1995-08-02',40,21207984,7.0),(104,'Qui quia.','2006-07-11',7,22200625,7.6),(105,'Tempora enim.','1998-10-06',29,94196963,6.0),(106,'Est modi.','1979-10-06',30,10110133,6.8),(107,'Consequatur praesentium tenetur.','1983-01-15',47,54814585,5.3),(108,'Qui sed voluptates.','2020-04-06',37,31265549,5.9),(109,'Dolor qui inventore.','1988-04-22',17,23201076,6.5),(110,'Voluptatum ipsam sapiente.','2017-07-03',2,54307262,7.0),(111,'Assumenda laudantium praesentium.','1986-07-20',16,94398678,5.5),(112,'Voluptas corporis.','1972-01-21',14,21517367,4.8),(113,'Illum sint.','2020-06-12',30,85161448,5.6),(114,'Iure unde.','1996-01-17',7,30624451,5.8),(115,'Temporibus magni.','2014-08-29',17,15591063,5.9),(116,'Ipsam eveniet.','1987-05-27',7,26585690,6.0),(117,'Aut quam.','1970-04-05',50,76985914,4.2),(118,'Quo atque.','1992-03-01',9,13674612,8.0),(119,'Qui quos.','2012-01-28',5,59877737,6.4),(120,'Quisquam reprehenderit cumque.','2003-10-05',49,14703894,6.8),(121,'Quo reprehenderit quae.','2010-11-24',36,46414475,4.7),(122,'Sed dolores nisi.','1972-04-18',46,25371499,6.3),(123,'Consequatur sed et.','1972-02-05',30,29072327,3.0),(124,'In consequatur aut.','2007-06-03',36,98003045,6.5),(125,'Aut occaecati.','2013-05-24',22,6646906,3.3),(126,'Molestiae mollitia cumque.','2004-02-05',43,5588256,1.0),(127,'In neque eligendi.','1976-03-15',24,68770932,5.3),(128,'Quisquam alias veniam.','2005-09-27',21,55187894,5.6),(129,'Ipsum culpa.','2012-08-10',31,33495578,9.0),(130,'Quae praesentium.','1993-10-26',50,47702667,5.3),(131,'Esse itaque earum.','2012-07-19',18,67222810,6.0),(132,'Assumenda voluptatum sequi.','1972-09-22',27,90861667,4.0),(133,'Omnis dicta et.','1985-08-14',28,18724391,7.7),(134,'Et iusto.','1970-08-23',7,62428720,NULL),(135,'Eveniet quis.','1975-02-16',33,12822,5.3),(136,'Illo nihil et.','1971-05-02',6,10466754,6.4),(137,'Voluptatem voluptates et.','2015-10-29',36,90431031,4.3),(138,'Culpa fuga est.','2013-05-15',30,4525754,5.6),(139,'Tempora vitae omnis.','2003-06-14',42,48521865,5.0),(140,'Qui repudiandae.','2013-05-13',3,17585619,4.2),(141,'Beatae et.','2006-12-09',32,45813155,5.6),(142,'Iste vel.','1971-12-13',8,22144944,4.0),(143,'Iure quae.','1989-11-15',17,8287163,7.6),(144,'Omnis dignissimos voluptas.','1999-01-25',11,47019370,4.7),(145,'Et laboriosam.','1976-03-27',14,86283435,3.9),(146,'Quaerat corrupti.','1979-10-05',34,32187534,5.6),(147,'Libero soluta.','2013-09-14',17,41870236,5.3),(148,'Corporis quibusdam.','1985-03-19',14,82885704,5.5),(149,'Illum dolores nisi.','1975-06-08',42,15703074,4.7),(150,'Delectus quia blanditiis.','2005-02-22',22,88914894,6.7),(151,'Qui architecto.','1987-07-09',12,74061401,4.7),(152,'Molestiae dignissimos.','1983-05-20',28,78698710,7.3),(153,'Rem perspiciatis.','1991-02-21',17,24458451,5.7),(154,'Ducimus nisi.','1983-10-01',41,70912258,8.5),(155,'Porro quibusdam impedit.','1971-10-29',13,55446002,5.8),(156,'At corporis iure.','2004-04-11',39,61774672,4.7),(157,'Eaque odit laborum.','1971-06-22',33,95678242,4.9),(158,'Velit natus.','1981-07-17',37,68478912,6.8),(159,'Odio autem est.','2009-11-28',10,32701716,4.8),(160,'Pariatur dignissimos.','1999-02-10',14,19559240,5.7),(161,'Recusandae odio sapiente.','1976-04-29',36,37535323,3.4),(162,'At eos libero.','1976-03-15',27,45121646,5.0),(163,'Sit quibusdam sed.','2009-09-19',40,334644,6.5),(164,'Rerum eum porro.','2012-04-21',13,84221932,NULL),(165,'Ipsum recusandae a.','1985-11-25',33,23613529,5.3),(166,'Occaecati incidunt.','1998-03-24',23,16841919,4.3),(167,'Est excepturi vel.','2015-03-20',18,95915669,6.3),(168,'Voluptatem excepturi.','1971-10-17',19,74027439,4.8),(169,'Dolores adipisci.','2010-12-26',2,6662918,4.2),(170,'Deleniti modi.','1974-06-25',10,56696298,4.8),(171,'Reiciendis perferendis.','2008-05-11',22,7153593,5.6),(172,'Quis laborum.','2015-02-27',34,25177502,5.7),(173,'Facere rerum.','2004-08-23',17,30289346,3.5),(174,'Et nesciunt assumenda.','1981-12-02',38,24192532,6.3),(175,'Illo ea.','1979-03-29',45,59738540,3.0),(176,'Sit commodi.','2002-09-16',31,58871690,5.1),(177,'Aut nam.','1983-01-23',21,70827113,4.3),(178,'Molestias aliquam.','1988-07-13',11,58904280,6.5),(179,'Excepturi mollitia.','1980-03-10',45,70541419,4.8),(180,'Quo doloremque.','2008-09-11',13,97867313,6.0),(181,'Molestiae et rerum.','1983-08-22',33,3664839,5.6),(182,'Est sit.','1997-10-26',6,20974054,6.2),(183,'Enim ut.','1990-04-20',40,79588010,4.6),(184,'Rerum modi eveniet.','2003-10-07',50,57991282,5.1),(185,'Et omnis tempore.','1988-07-21',47,14730650,3.5),(186,'Ut id eum.','2011-02-03',3,22753191,6.0),(187,'Doloremque sit.','2017-12-21',38,69354506,3.0),(188,'Deserunt temporibus.','1988-01-05',29,86972837,1.0),(189,'Odit aut fuga.','1973-05-25',39,49328005,5.7),(190,'Sit doloremque.','2003-07-02',48,23584109,4.8),(191,'Itaque dolores eius.','1992-01-12',43,33045504,5.8),(192,'Et qui rem.','1976-03-27',24,13117433,4.7),(193,'Repellat sunt.','2000-06-24',24,45531529,6.3),(194,'Voluptas doloribus.','1995-05-10',32,27673569,5.0),(195,'Nostrum et.','1978-03-06',36,87783807,6.6),(196,'Porro ipsum.','2003-03-27',6,16858246,6.1),(197,'Porro magnam laboriosam.','2017-10-29',5,71347274,5.0),(198,'Eos sit.','1976-12-29',4,72920251,5.0),(199,'Ad neque.','1989-11-08',25,99228659,4.9),(200,'Eaque hic.','1977-06-13',7,71599418,6.1);
/*!40000 ALTER TABLE `movies` ENABLE KEYS */;
UNLOCK TABLES;

--
-- Table structure for table `movies_genres`
--

DROP TABLE IF EXISTS `movies_genres`;
/*!40101 SET @saved_cs_client     = @@character_set_client */;
/*!50503 SET character_set_client = utf8mb4 */;
CREATE TABLE `movies_genres` (
  `movie_id` int(10) unsigned NOT NULL,
  `genre_id` int(10) unsigned NOT NULL,
  PRIMARY KEY (`movie_id`,`genre_id`),
  KEY `genre_id` (`genre_id`),
  CONSTRAINT `movies_genres_ibfk_1` FOREIGN KEY (`movie_id`) REFERENCES `movies` (`id`) ON DELETE CASCADE,
  CONSTRAINT `movies_genres_ibfk_2` FOREIGN KEY (`genre_id`) REFERENCES `genres` (`id`) ON DELETE CASCADE
) ENGINE=InnoDB DEFAULT CHARSET=utf8 COLLATE=utf8_unicode_ci;
/*!40101 SET character_set_client = @saved_cs_client */;

--
-- Dumping data for table `movies_genres`
--

LOCK TABLES `movies_genres` WRITE;
/*!40000 ALTER TABLE `movies_genres` DISABLE KEYS */;
INSERT INTO `movies_genres` VALUES (2,1),(3,1),(8,1),(14,1),(17,1),(20,1),(24,1),(26,1),(28,1),(43,1),(45,1),(54,1),(57,1),(67,1),(80,1),(82,1),(97,1),(99,1),(100,1),(106,1),(107,1),(110,1),(115,1),(116,1),(121,1),(123,1),(127,1),(128,1),(131,1),(134,1),(138,1),(139,1),(142,1),(143,1),(146,1),(148,1),(152,1),(154,1),(156,1),(158,1),(159,1),(163,1),(164,1),(168,1),(169,1),(174,1),(178,1),(181,1),(182,1),(184,1),(192,1),(194,1),(198,1),(199,1),(2,2),(4,2),(6,2),(10,2),(18,2),(23,2),(29,2),(33,2),(34,2),(39,2),(48,2),(54,2),(63,2),(66,2),(71,2),(76,2),(77,2),(80,2),(84,2),(90,2),(91,2),(92,2),(95,2),(100,2),(110,2),(113,2),(114,2),(123,2),(125,2),(127,2),(128,2),(132,2),(133,2),(134,2),(136,2),(141,2),(144,2),(148,2),(153,2),(154,2),(157,2),(159,2),(160,2),(163,2),(170,2),(171,2),(172,2),(178,2),(180,2),(181,2),(188,2),(189,2),(191,2),(194,2),(199,2),(1,3),(7,3),(13,3),(14,3),(17,3),(27,3),(29,3),(36,3),(38,3),(39,3),(43,3),(46,3),(53,3),(54,3),(62,3),(68,3),(70,3),(77,3),(80,3),(82,3),(86,3),(89,3),(92,3),(95,3),(96,3),(101,3),(103,3),(104,3),(111,3),(113,3),(115,3),(116,3),(121,3),(130,3),(131,3),(132,3),(134,3),(135,3),(143,3),(146,3),(152,3),(157,3),(161,3),(162,3),(173,3),(176,3),(177,3),(182,3),(191,3),(193,3),(194,3),(196,3),(200,3),(9,4),(12,4),(14,4),(20,4),(27,4),(31,4),(32,4),(34,4),(35,4),(37,4),(40,4),(43,4),(47,4),(48,4),(54,4),(56,4),(60,4),(61,4),(64,4),(65,4),(67,4),(69,4),(74,4),(78,4),(81,4),(84,4),(85,4),(86,4),(89,4),(92,4),(97,4),(101,4),(102,4),(104,4),(107,4),(108,4),(114,4),(120,4),(121,4),(130,4),(131,4),(134,4),(135,4),(141,4),(142,4),(146,4),(148,4),(153,4),(156,4),(157,4),(158,4),(160,4),(163,4),(169,4),(171,4),(174,4),(181,4),(182,4),(183,4),(190,4),(196,4),(200,4),(4,5),(5,5),(6,5),(8,5),(9,5),(10,5),(11,5),(13,5),(14,5),(15,5),(19,5),(20,5),(26,5),(34,5),(40,5),(42,5),(48,5),(51,5),(61,5),(65,5),(66,5),(67,5),(73,5),(74,5),(86,5),(93,5),(96,5),(97,5),(98,5),(100,5),(105,5),(111,5),(115,5),(120,5),(121,5),(123,5),(125,5),(128,5),(129,5),(134,5),(138,5),(141,5),(142,5),(145,5),(146,5),(153,5),(154,5),(156,5),(157,5),(162,5),(163,5),(164,5),(168,5),(175,5),(179,5),(181,5),(184,5),(193,5),(194,5),(196,5),(2,6),(18,6),(19,6),(22,6),(24,6),(25,6),(29,6),(45,6),(47,6),(53,6),(54,6),(55,6),(57,6),(58,6),(62,6),(80,6),(84,6),(87,6),(95,6),(98,6),(103,6),(107,6),(110,6),(112,6),(113,6),(120,6),(122,6),(127,6),(128,6),(132,6),(134,6),(135,6),(138,6),(139,6),(146,6),(150,6),(155,6),(160,6),(162,6),(163,6),(171,6),(172,6),(177,6),(178,6),(179,6),(183,6),(185,6),(188,6),(189,6),(193,6),(196,6),(198,6),(199,6),(4,7),(5,7),(7,7),(8,7),(19,7),(22,7),(23,7),(24,7),(29,7),(32,7),(36,7),(38,7),(40,7),(41,7),(42,7),(45,7),(48,7),(52,7),(56,7),(57,7),(65,7),(66,7),(67,7),(68,7),(72,7),(75,7),(78,7),(81,7),(82,7),(83,7),(84,7),(87,7),(91,7),(94,7),(98,7),(100,7),(102,7),(103,7),(114,7),(122,7),(123,7),(129,7),(133,7),(136,7),(145,7),(151,7),(152,7),(155,7),(158,7),(159,7),(161,7),(171,7),(175,7),(177,7),(186,7),(187,7),(188,7),(190,7),(193,7),(195,7),(199,7),(21,8),(23,8),(27,8),(34,8),(35,8),(38,8),(43,8),(44,8),(46,8),(54,8),(60,8),(61,8),(62,8),(63,8),(66,8),(67,8),(70,8),(75,8),(78,8),(82,8),(85,8),(86,8),(89,8),(93,8),(95,8),(96,8),(97,8),(99,8),(106,8),(108,8),(116,8),(119,8),(123,8),(139,8),(142,8),(151,8),(153,8),(156,8),(170,8),(176,8),(183,8),(184,8),(187,8),(193,8),(197,8),(198,8),(5,9),(8,9),(9,9),(11,9),(13,9),(14,9),(20,9),(21,9),(23,9),(30,9),(36,9),(37,9),(40,9),(49,9),(50,9),(59,9),(60,9),(64,9),(66,9),(70,9),(72,9),(75,9),(83,9),(85,9),(86,9),(95,9),(98,9),(99,9),(105,9),(108,9),(111,9),(112,9),(117,9),(118,9),(119,9),(124,9),(125,9),(128,9),(129,9),(131,9),(139,9),(145,9),(148,9),(149,9),(153,9),(156,9),(157,9),(158,9),(162,9),(170,9),(171,9),(179,9),(191,9),(199,9),(200,9),(4,10),(10,10),(14,10),(16,10),(19,10),(20,10),(28,10),(33,10),(35,10),(36,10),(38,10),(45,10),(46,10),(47,10),(49,10),(52,10),(60,10),(61,10),(62,10),(65,10),(74,10),(77,10),(80,10),(81,10),(86,10),(89,10),(90,10),(91,10),(93,10),(96,10),(97,10),(98,10),(105,10),(107,10),(108,10),(109,10),(110,10),(117,10),(118,10),(119,10),(124,10),(126,10),(131,10),(134,10),(137,10),(140,10),(142,10),(144,10),(149,10),(153,10),(160,10),(175,10),(178,10),(182,10),(184,10),(191,10),(192,10),(194,10),(197,10),(199,10),(8,11),(10,11),(17,11),(20,11),(22,11),(30,11),(33,11),(35,11),(37,11),(39,11),(44,11),(46,11),(47,11),(54,11),(65,11),(68,11),(74,11),(75,11),(78,11),(87,11),(88,11),(89,11),(93,11),(94,11),(98,11),(101,11),(107,11),(108,11),(109,11),(111,11),(120,11),(121,11),(123,11),(124,11),(128,11),(133,11),(134,11),(138,11),(143,11),(144,11),(146,11),(153,11),(155,11),(157,11),(158,11),(160,11),(168,11),(173,11),(188,11),(197,11),(199,11),(4,12),(18,12),(24,12),(27,12),(30,12),(33,12),(39,12),(41,12),(43,12),(44,12),(45,12),(46,12),(56,12),(62,12),(64,12),(67,12),(70,12),(76,12),(78,12),(80,12),(82,12),(84,12),(85,12),(87,12),(89,12),(92,12),(97,12),(99,12),(100,12),(104,12),(111,12),(112,12),(114,12),(128,12),(130,12),(132,12),(133,12),(135,12),(140,12),(151,12),(152,12),(160,12),(161,12),(165,12),(169,12),(171,12),(173,12),(178,12),(180,12),(182,12),(186,12),(191,12),(198,12),(199,12),(1,13),(3,13),(4,13),(7,13),(10,13),(12,13),(16,13),(17,13),(18,13),(23,13),(31,13),(36,13),(40,13),(49,13),(52,13),(58,13),(63,13),(75,13),(76,13),(78,13),(79,13),(80,13),(81,13),(85,13),(93,13),(102,13),(112,13),(118,13),(120,13),(121,13),(122,13),(123,13),(125,13),(131,13),(133,13),(136,13),(139,13),(143,13),(149,13),(151,13),(153,13),(155,13),(163,13),(170,13),(173,13),(177,13),(184,13),(190,13),(192,13),(194,13),(8,14),(12,14),(14,14),(16,14),(24,14),(29,14),(32,14),(34,14),(35,14),(38,14),(43,14),(47,14),(48,14),(51,14),(54,14),(59,14),(61,14),(65,14),(69,14),(70,14),(71,14),(72,14),(74,14),(76,14),(79,14),(85,14),(87,14),(95,14),(99,14),(102,14),(105,14),(108,14),(109,14),(111,14),(113,14),(114,14),(116,14),(117,14),(119,14),(121,14),(122,14),(123,14),(125,14),(138,14),(141,14),(143,14),(144,14),(147,14),(149,14),(150,14),(152,14),(163,14),(165,14),(167,14),(168,14),(171,14),(172,14),(176,14),(178,14),(181,14),(184,14),(185,14),(186,14),(188,14),(189,14),(190,14),(193,14),(197,14),(198,14),(1,15),(10,15),(12,15),(13,15),(15,15),(18,15),(23,15),(25,15),(26,15),(30,15),(35,15),(37,15),(39,15),(44,15),(50,15),(54,15),(55,15),(56,15),(58,15),(59,15),(61,15),(74,15),(77,15),(78,15),(79,15),(82,15),(84,15),(88,15),(90,15),(91,15),(101,15),(107,15),(109,15),(111,15),(116,15),(118,15),(120,15),(122,15),(126,15),(138,15),(139,15),(141,15),(144,15),(145,15),(150,15),(151,15),(153,15),(157,15),(158,15),(161,15),(166,15),(167,15),(170,15),(171,15),(182,15),(184,15),(188,15),(195,15),(200,15);
/*!40000 ALTER TABLE `movies_genres` ENABLE KEYS */;
UNLOCK TABLES;

--
-- Temporary view structure for view `reviews_view`
--

DROP TABLE IF EXISTS `reviews_view`;
/*!50001 DROP VIEW IF EXISTS `reviews_view`*/;
SET @saved_cs_client     = @@character_set_client;
/*!50503 SET character_set_client = utf8mb4 */;
/*!50001 CREATE VIEW `reviews_view` AS SELECT 
 1 AS `user_login`,
 1 AS `review_title`,
 1 AS `review`,
 1 AS `movie_title`*/;
SET character_set_client = @saved_cs_client;

--
-- Table structure for table `user_favorite_movies`
--

DROP TABLE IF EXISTS `user_favorite_movies`;
/*!40101 SET @saved_cs_client     = @@character_set_client */;
/*!50503 SET character_set_client = utf8mb4 */;
CREATE TABLE `user_favorite_movies` (
  `user_id` int(10) unsigned NOT NULL,
  `movie_id` int(10) unsigned NOT NULL,
  `favorited_at` datetime DEFAULT CURRENT_TIMESTAMP,
  PRIMARY KEY (`user_id`,`movie_id`),
  KEY `movie_id` (`movie_id`),
  CONSTRAINT `user_favorite_movies_ibfk_1` FOREIGN KEY (`user_id`) REFERENCES `users` (`id`) ON DELETE CASCADE,
  CONSTRAINT `user_favorite_movies_ibfk_2` FOREIGN KEY (`movie_id`) REFERENCES `movies` (`id`) ON DELETE CASCADE
) ENGINE=InnoDB DEFAULT CHARSET=utf8 COLLATE=utf8_unicode_ci;
/*!40101 SET character_set_client = @saved_cs_client */;

--
-- Dumping data for table `user_favorite_movies`
--

LOCK TABLES `user_favorite_movies` WRITE;
/*!40000 ALTER TABLE `user_favorite_movies` DISABLE KEYS */;
INSERT INTO `user_favorite_movies` VALUES (1,14,'2002-04-01 03:44:51'),(1,32,'2019-09-23 09:46:34'),(1,187,'2001-11-04 07:36:42'),(2,76,'1992-12-09 09:53:40'),(2,123,'1976-10-25 06:35:50'),(2,192,'2020-05-07 00:35:21'),(3,17,'1991-06-21 17:30:30'),(3,41,'1979-01-20 02:48:24'),(3,83,'1982-05-30 09:40:41'),(4,42,'1999-06-26 01:41:08'),(4,70,'2020-01-26 05:36:28'),(4,85,'2007-10-26 18:32:30'),(5,30,'2005-07-26 22:15:38'),(5,53,'2002-01-15 18:11:08'),(5,83,'1980-03-10 02:48:24'),(6,46,'2010-03-06 14:10:18'),(6,115,'1975-06-07 11:59:39'),(6,160,'1993-08-25 16:00:38'),(7,29,'1990-06-26 14:37:17'),(7,63,'2014-05-22 23:10:42'),(7,136,'1981-02-28 18:54:49'),(8,62,'1970-03-25 02:34:47'),(8,94,'1985-06-13 03:08:45'),(8,134,'1995-03-12 15:11:12'),(9,28,'2013-11-24 17:11:17'),(9,106,'1993-07-21 01:28:07'),(9,117,'1984-12-09 16:22:17'),(10,60,'1975-09-27 01:03:26'),(10,77,'1985-11-03 23:46:28'),(10,79,'1982-11-04 22:55:43'),(11,14,'2012-08-19 06:48:15'),(11,110,'2010-06-11 17:39:09'),(11,168,'1994-01-30 15:10:29'),(12,31,'1992-01-20 13:13:33'),(12,46,'2016-09-17 05:01:26'),(12,166,'1976-02-10 16:00:14'),(13,67,'2002-12-08 16:45:48'),(13,140,'2000-04-05 12:15:08'),(13,166,'1971-11-16 18:43:10'),(14,119,'1999-04-15 23:39:55'),(14,122,'1996-08-22 11:49:23'),(14,140,'2008-05-13 22:22:32'),(15,56,'1989-08-08 14:48:26'),(15,175,'1984-05-16 05:18:19'),(15,183,'1994-10-21 18:44:13'),(16,139,'2008-07-21 17:32:11'),(16,152,'1990-06-02 06:11:02'),(16,156,'2015-12-18 14:10:32'),(17,28,'1986-06-30 17:39:46'),(17,69,'1988-01-12 14:54:02'),(17,97,'2016-03-15 06:17:51'),(18,27,'2017-12-12 15:48:05'),(18,84,'1980-12-12 02:57:23'),(18,91,'1988-09-28 02:24:12'),(19,55,'1986-11-19 04:15:31'),(19,56,'1974-03-02 16:31:25'),(19,151,'2000-06-22 18:10:20'),(20,45,'2006-03-27 08:02:41'),(20,112,'2020-02-06 23:19:13'),(20,167,'2019-02-27 00:07:40'),(21,112,'1996-03-01 07:30:10'),(21,123,'1984-03-07 11:13:41'),(21,176,'2001-01-04 04:07:13'),(22,100,'1979-09-10 15:02:58'),(22,107,'1990-08-10 19:20:28'),(22,131,'1992-09-10 06:42:56'),(23,133,'1975-11-26 06:40:50'),(23,148,'1994-02-16 02:53:58'),(23,162,'1972-11-18 20:05:30'),(24,68,'1982-10-19 12:02:55'),(24,138,'1972-02-15 10:41:54'),(24,166,'2014-04-24 07:12:05'),(25,24,'2006-06-06 17:29:27'),(25,45,'2015-06-06 17:39:04'),(25,149,'1996-10-22 18:43:06'),(26,64,'2011-07-28 13:47:55'),(26,133,'2009-12-19 17:03:05'),(26,160,'1995-06-28 04:02:35'),(27,55,'2006-01-25 13:17:23'),(27,84,'2014-10-13 23:18:13'),(27,101,'2002-03-27 08:38:32'),(28,80,'1978-03-08 22:12:16'),(28,109,'1984-07-07 21:33:43'),(28,154,'2017-05-24 03:42:19'),(29,37,'1984-04-26 03:46:37'),(29,126,'1996-08-28 08:17:00'),(29,134,'1982-02-17 13:11:33'),(30,58,'2017-03-02 20:04:37'),(30,82,'1983-12-08 20:58:15'),(30,178,'1989-09-06 19:30:59'),(31,27,'1999-10-13 04:05:49'),(31,87,'2007-10-12 00:12:32'),(31,168,'2005-12-05 10:25:08'),(32,24,'1991-04-25 03:23:36'),(32,147,'1995-04-17 15:37:08'),(32,157,'1978-02-03 08:29:54'),(33,158,'1987-06-15 22:48:05'),(33,170,'2003-01-14 04:43:13'),(33,180,'1971-11-15 04:01:44'),(34,9,'1988-09-18 03:18:36'),(34,104,'1988-08-26 11:03:15'),(34,110,'1981-10-22 10:44:36'),(35,32,'2008-10-14 02:00:27'),(35,94,'1970-11-10 06:27:21'),(35,198,'2000-10-17 03:11:09'),(36,33,'1980-11-29 05:48:20'),(36,41,'2005-08-17 16:36:09'),(36,200,'1976-09-02 18:38:13'),(37,123,'2019-06-02 17:17:16'),(37,150,'2015-03-28 14:17:18'),(38,27,'2008-11-03 06:01:31'),(38,94,'1990-05-07 17:36:16'),(39,95,'1989-01-04 03:08:50'),(39,133,'2000-06-08 04:18:11'),(40,40,'1983-03-30 17:53:40'),(40,55,'1986-03-08 22:42:25'),(41,103,'1984-09-09 05:25:05'),(41,173,'1999-11-29 09:23:04'),(42,4,'1987-03-21 00:45:11'),(42,100,'2015-06-10 18:46:31'),(43,20,'1992-02-16 07:55:28'),(43,85,'2002-07-04 13:46:20'),(44,43,'1995-11-07 12:40:48'),(44,138,'1982-08-19 10:42:38'),(45,19,'2005-01-09 01:51:13'),(45,125,'2003-01-18 21:43:34'),(46,60,'2006-10-24 05:09:33'),(46,76,'1997-01-01 09:54:18'),(47,77,'1978-05-08 05:29:00'),(47,198,'2019-08-10 07:08:00'),(48,87,'1970-03-10 06:56:34'),(48,153,'2018-09-15 15:19:50'),(49,86,'2019-09-19 19:51:48'),(49,160,'2011-01-25 07:10:40'),(50,53,'1974-01-08 11:28:53'),(50,132,'1980-04-24 02:19:31'),(51,120,'1980-03-31 07:24:54'),(51,131,'1985-09-24 13:10:25'),(52,61,'2001-05-30 14:00:45'),(52,82,'1985-11-18 23:02:27'),(53,31,'1974-04-10 10:19:28'),(53,184,'1995-07-23 21:26:43'),(54,52,'1992-01-17 00:33:49'),(54,93,'1974-02-23 02:07:18'),(55,19,'1970-01-29 11:58:42'),(55,27,'1971-06-05 04:48:11'),(56,8,'2006-11-24 10:55:12'),(56,76,'1989-07-12 22:44:18'),(57,12,'1993-01-05 14:06:34'),(57,156,'2011-11-08 08:04:24'),(58,81,'2018-08-20 00:53:12'),(58,103,'1987-08-13 04:39:32'),(59,155,'1977-06-01 11:40:33'),(59,161,'2000-06-30 10:53:27'),(60,82,'2015-03-15 06:56:46'),(60,145,'1978-06-09 09:04:19'),(61,59,'1974-09-18 08:30:50'),(61,160,'1997-12-15 09:03:36'),(62,42,'1997-04-01 19:11:11'),(62,129,'1980-06-03 02:06:56'),(63,38,'1994-05-13 09:06:29'),(63,92,'1999-10-21 20:07:03'),(64,29,'1971-01-12 02:10:27'),(64,140,'1976-10-25 21:08:53'),(65,137,'1984-01-26 05:49:33'),(65,145,'2012-11-17 00:17:50'),(66,36,'1985-10-27 22:47:58'),(66,124,'1972-10-07 08:04:12'),(67,28,'1989-01-28 04:30:25'),(67,172,'2012-03-29 02:06:50'),(68,60,'1971-09-30 22:26:53'),(68,95,'1974-04-26 11:19:16'),(69,18,'1997-02-18 01:24:47'),(69,63,'1980-09-02 12:05:09'),(70,66,'1996-08-17 20:45:59'),(70,160,'1991-10-22 12:59:21'),(71,99,'1990-10-06 08:47:32'),(71,149,'1986-11-22 21:47:42'),(72,166,'1999-12-09 04:27:34'),(72,190,'1978-07-04 13:29:44'),(73,60,'1974-01-18 22:28:49'),(73,70,'2013-07-09 09:27:49'),(74,169,'1987-06-20 22:08:27'),(74,184,'2019-11-13 12:54:43'),(75,8,'2018-11-12 15:29:58'),(75,128,'1973-09-17 04:48:18'),(76,78,'1988-05-31 19:39:04'),(76,195,'2009-03-16 04:13:06'),(77,43,'1975-04-28 06:37:45'),(77,45,'2013-03-30 07:53:04'),(78,4,'2019-07-06 00:34:29'),(78,5,'1981-12-30 10:14:35'),(79,148,'1972-07-23 08:41:16'),(79,165,'2005-11-30 19:15:30'),(80,5,'2012-07-03 21:54:44'),(80,128,'2000-10-26 11:22:59'),(81,58,'2006-12-11 16:34:33'),(81,136,'2004-08-25 22:50:22'),(82,67,'1977-08-16 14:24:43'),(82,96,'1971-08-14 07:42:29'),(83,86,'1997-03-23 17:38:49'),(83,189,'1992-05-10 10:54:45'),(84,42,'1971-08-02 03:57:29'),(84,166,'1989-02-22 05:14:47'),(85,119,'2000-10-27 21:19:25'),(85,188,'2010-10-29 15:41:28'),(86,15,'2005-11-07 16:43:29'),(86,105,'2005-06-13 16:11:34'),(87,41,'2018-11-21 17:14:38'),(87,49,'2014-04-05 02:00:16'),(88,131,'1996-07-28 01:51:49'),(88,143,'1997-12-26 20:36:33'),(89,7,'2003-04-21 18:54:45'),(89,96,'2010-12-20 12:03:29'),(90,10,'1973-10-28 02:31:11'),(90,196,'2000-03-14 02:05:35'),(91,24,'2014-04-19 08:52:08'),(91,75,'1987-12-09 23:10:52'),(92,155,'1985-07-29 05:32:59'),(92,167,'2011-09-10 19:35:07'),(93,37,'1995-01-26 07:58:34'),(93,138,'2009-10-15 05:34:16'),(94,62,'1971-02-01 20:14:02'),(94,167,'1971-08-29 17:23:54'),(95,107,'1971-10-08 20:50:19'),(95,183,'2013-06-30 16:18:59'),(96,75,'1974-08-06 16:10:06'),(96,182,'2017-02-21 06:39:24'),(97,90,'1996-05-18 21:53:46'),(97,98,'1998-03-11 18:36:27'),(98,11,'1998-01-03 11:22:35'),(98,79,'2012-05-15 12:01:34'),(99,76,'2017-06-02 23:58:56'),(99,134,'2016-01-19 15:31:52'),(100,108,'1994-03-14 05:37:08'),(100,160,'2011-09-17 12:47:34'),(101,145,'1979-12-02 07:20:04'),(101,171,'2010-04-25 16:09:53'),(102,25,'1984-12-05 04:55:04'),(102,32,'2006-09-19 04:54:10'),(103,97,'1987-12-18 08:56:44'),(103,125,'1992-02-08 21:34:35'),(104,14,'1987-08-21 16:31:36'),(104,30,'1988-08-08 21:47:04'),(105,16,'2016-01-06 14:09:55'),(105,194,'1990-04-25 10:55:09'),(106,24,'1996-11-06 00:25:46'),(106,133,'2010-07-09 00:38:26'),(107,9,'2015-09-08 22:37:53'),(107,108,'1994-01-29 20:19:15'),(108,39,'2008-12-13 04:35:56'),(108,58,'2017-11-05 20:47:36'),(109,28,'1996-04-11 01:27:35'),(109,137,'1991-09-22 22:43:57'),(110,72,'2019-03-16 21:15:28'),(110,156,'2017-01-31 14:03:09'),(111,43,'2019-01-21 23:45:13'),(111,185,'2015-02-18 16:38:38'),(112,163,'1992-11-14 03:43:57'),(112,195,'1999-11-19 19:27:42'),(113,23,'1972-05-01 14:20:38'),(113,168,'2004-07-29 23:54:35'),(114,129,'1994-03-04 10:33:24'),(114,174,'1970-08-12 20:29:36'),(115,36,'2018-10-02 09:13:59'),(115,129,'2017-01-10 10:32:13'),(116,142,'1983-04-21 20:22:50'),(116,155,'2020-04-19 07:07:17'),(117,33,'2007-02-10 04:45:02'),(117,188,'1974-10-16 02:06:03'),(118,85,'1974-09-23 07:18:03'),(118,169,'1996-08-09 13:22:24'),(119,72,'2016-06-27 00:42:01'),(119,97,'2017-07-16 08:52:20'),(120,40,'2019-08-21 06:54:16'),(120,84,'1999-11-09 21:08:18'),(121,94,'1978-01-14 10:51:20'),(121,165,'2016-04-09 01:32:18'),(122,121,'2013-02-05 00:08:59'),(122,147,'2019-03-15 16:36:29'),(123,7,'1973-07-02 07:08:31'),(123,38,'1976-09-15 20:14:09'),(124,1,'1974-05-01 03:36:41'),(124,32,'1970-02-08 13:35:58'),(125,113,'1981-08-06 11:36:22'),(125,182,'2019-04-08 01:56:27'),(126,20,'1999-07-02 09:04:13'),(126,113,'1994-06-02 03:47:04'),(127,106,'2017-06-26 01:29:47'),(127,183,'1979-07-15 02:09:52'),(128,3,'2015-05-02 23:13:44'),(128,80,'2014-02-02 18:55:20'),(129,31,'1994-02-17 20:23:36'),(129,191,'1971-11-26 09:23:54'),(130,40,'2009-01-28 02:02:02'),(130,59,'2014-01-17 07:08:05'),(131,39,'1970-06-04 17:33:50'),(131,110,'1991-11-27 11:28:45'),(132,1,'2007-01-19 11:52:13'),(132,135,'1975-09-02 06:43:56'),(133,71,'1998-10-20 02:04:49'),(133,84,'1970-05-12 10:38:42'),(134,7,'1991-03-19 05:42:29'),(134,164,'1976-09-27 14:22:14'),(135,31,'2007-09-28 00:39:05'),(135,149,'2012-11-21 15:49:17'),(136,77,'1983-10-07 09:46:44'),(136,86,'1992-11-13 22:45:42'),(137,31,'2019-08-30 07:37:04'),(137,96,'1977-04-20 19:14:14'),(138,138,'1995-09-09 06:50:47'),(138,158,'1986-05-03 01:35:21'),(139,115,'2018-08-26 02:53:08'),(139,144,'1995-03-22 12:14:44'),(140,33,'2006-07-22 19:18:00'),(140,59,'1992-01-10 00:32:53'),(141,10,'1987-02-26 15:03:21'),(141,113,'1979-09-22 22:19:49'),(142,129,'2019-04-30 20:45:10'),(142,158,'1989-06-28 19:12:37'),(143,22,'1977-03-09 19:13:25'),(143,27,'2003-01-25 05:48:46'),(144,136,'1974-08-22 21:46:02'),(144,177,'2015-10-16 21:13:18'),(145,86,'1975-06-19 23:59:42'),(145,102,'1990-03-06 06:06:00'),(146,62,'1993-03-08 00:46:56'),(146,150,'1990-11-23 07:16:52'),(147,77,'2010-06-19 01:11:40'),(147,132,'2009-01-04 21:58:44'),(148,90,'1997-05-11 16:25:13'),(148,119,'1980-02-20 19:08:20'),(149,119,'2008-08-07 07:56:00'),(149,147,'2012-11-17 14:19:32'),(150,28,'1990-10-06 23:29:54'),(150,149,'1995-12-06 22:52:21'),(151,159,'1984-06-18 09:54:58'),(151,173,'2011-07-13 07:53:40'),(152,40,'2001-12-10 22:30:02'),(152,83,'1999-07-08 14:53:27'),(153,95,'2007-10-26 09:42:36'),(153,149,'1998-09-10 14:18:22'),(154,10,'1975-07-04 03:10:21'),(154,165,'2005-01-29 12:26:21'),(155,72,'2010-09-04 17:13:02'),(155,84,'2005-06-15 09:10:00'),(156,8,'1983-11-13 21:45:07'),(156,131,'2014-04-15 17:19:05'),(157,30,'2019-01-18 21:47:30'),(157,78,'2008-04-02 14:19:10'),(158,66,'2013-05-22 18:56:32'),(158,178,'1992-11-10 11:57:03'),(159,10,'1972-08-01 12:53:15'),(159,11,'1983-06-27 23:04:10'),(160,60,'1990-09-26 01:53:43'),(160,68,'2011-06-24 12:30:02'),(161,17,'1982-04-24 09:31:48'),(161,125,'1987-01-17 07:47:59'),(162,48,'2012-05-28 04:39:16'),(162,121,'2006-09-12 03:06:32'),(163,3,'1982-10-02 02:56:38'),(163,61,'1970-06-05 03:14:19'),(164,8,'1979-12-04 00:11:34'),(164,88,'1992-11-16 15:30:06'),(165,12,'1978-09-29 00:53:31'),(165,127,'1996-05-26 10:22:22'),(166,91,'2001-06-06 11:05:12'),(166,152,'1982-03-24 23:01:14'),(167,85,'1978-12-04 05:42:36'),(167,174,'1996-12-26 14:27:22'),(168,107,'1983-08-16 08:30:35'),(168,157,'1995-02-20 23:12:26'),(169,29,'1984-12-16 00:52:57'),(169,109,'2001-05-04 18:44:29'),(170,117,'1987-01-03 03:57:36'),(170,200,'1987-02-08 17:36:37'),(171,16,'1973-04-14 06:47:17'),(171,139,'1973-12-28 20:03:38'),(172,22,'1979-12-10 05:03:02'),(172,39,'1970-02-01 19:02:11'),(173,45,'1979-01-09 01:50:23'),(173,157,'1980-02-25 10:48:25'),(174,37,'2014-02-01 04:48:27'),(174,166,'2009-12-03 11:58:53'),(175,16,'2018-11-21 16:02:27'),(175,157,'2005-04-30 10:26:06'),(176,42,'1977-05-04 00:57:36'),(176,146,'2008-10-22 22:46:41'),(177,28,'1999-05-23 14:37:08'),(177,186,'1975-10-26 08:34:32'),(178,33,'2016-01-05 13:48:16'),(178,147,'2009-06-12 12:04:47'),(179,35,'1982-06-08 06:29:08'),(179,161,'2015-01-03 21:52:36'),(180,105,'2008-09-08 21:25:00'),(180,174,'2000-01-14 16:05:03'),(181,175,'2014-11-29 15:38:37'),(181,181,'1989-02-21 14:17:32'),(182,8,'1982-05-04 20:45:11'),(182,119,'1970-04-07 01:09:29');
/*!40000 ALTER TABLE `user_favorite_movies` ENABLE KEYS */;
UNLOCK TABLES;

--
-- Table structure for table `user_movie_reviews`
--

DROP TABLE IF EXISTS `user_movie_reviews`;
/*!40101 SET @saved_cs_client     = @@character_set_client */;
/*!50503 SET character_set_client = utf8mb4 */;
CREATE TABLE `user_movie_reviews` (
  `user_id` int(10) unsigned NOT NULL,
  `movie_id` int(10) unsigned NOT NULL,
  `title` varchar(100) CHARACTER SET utf8 COLLATE utf8_unicode_ci DEFAULT NULL,
  `body` text CHARACTER SET utf8 COLLATE utf8_unicode_ci,
  `moderator_approved` tinyint(1) DEFAULT NULL,
  `created_at` datetime DEFAULT CURRENT_TIMESTAMP,
  `updated_at` datetime DEFAULT CURRENT_TIMESTAMP ON UPDATE CURRENT_TIMESTAMP,
  PRIMARY KEY (`user_id`,`movie_id`),
  KEY `movie_id` (`movie_id`),
  KEY `title` (`title`),
  CONSTRAINT `user_movie_reviews_ibfk_1` FOREIGN KEY (`user_id`) REFERENCES `users` (`id`),
  CONSTRAINT `user_movie_reviews_ibfk_2` FOREIGN KEY (`movie_id`) REFERENCES `movies` (`id`)
) ENGINE=InnoDB DEFAULT CHARSET=utf8 COLLATE=utf8_unicode_ci;
/*!40101 SET character_set_client = @saved_cs_client */;

--
-- Dumping data for table `user_movie_reviews`
--

LOCK TABLES `user_movie_reviews` WRITE;
/*!40000 ALTER TABLE `user_movie_reviews` DISABLE KEYS */;
INSERT INTO `user_movie_reviews` VALUES (1,27,'Rem est laboriosam dolorem esse placeat.','Aliquid quos deleniti tempora. Eos voluptatem et hic alias laborum corporis aspernatur. Ut nisi tenetur praesentium autem sit. Aut facere cupiditate doloremque ducimus nihil optio natus. Quis laudantium officia laborum maiores assumenda sit eum sint. Optio rerum animi omnis eius quas pariatur. Aliquam doloribus impedit expedita similique soluta corporis. Numquam totam blanditiis totam placeat.',1,'1998-04-19 07:01:42','2020-06-25 16:23:56'),(1,117,'Exercitationem distinctio incidunt nemo.','Sequi iusto repellat ex quos ab voluptates aliquid. Autem rerum qui debitis est nostrum iste qui numquam. Sunt numquam blanditiis facere fugiat. Repudiandae praesentium adipisci veniam praesentium dolorem. Veritatis magni provident ut consequuntur voluptatum. Soluta saepe dolorem quae. Minus officiis temporibus voluptate aperiam tempore quibusdam. Illum voluptatem magni ut ex ipsa quae.',1,'2009-05-30 03:07:32','2020-06-25 16:23:56'),(1,192,'Dignissimos tempora aut sint.','Ut qui ratione quod non in. Minus nam officiis est tempora sunt ut consequatur. Modi et iste fugit. Quibusdam cum perferendis molestiae quibusdam quo. Dolores aut ipsam mollitia ab ullam voluptates adipisci est.',1,'2008-12-19 12:07:59','2020-06-25 16:23:56'),(2,51,'Ut pariatur sint.','Aut soluta laboriosam voluptas distinctio possimus eius eum. Et in similique nisi minima dolores. Quaerat rerum earum delectus pariatur vel. Deserunt est nihil reprehenderit omnis. Odio quia iure fuga exercitationem rerum. Autem alias fuga voluptatem aliquid quis ut.',1,'2011-04-16 00:02:02','2020-06-25 16:23:56'),(2,80,'Nostrum velit doloribus.','Aut vel id sint sapiente ex. Placeat magnam laboriosam voluptatibus ut modi repellat sunt. Molestias ut enim debitis. Et consequatur reiciendis iure et est occaecati. Rerum doloribus enim quis aut ipsum. Labore tenetur nihil dicta aut eaque. Eaque eos inventore eligendi. Omnis sapiente eum qui aut.',1,'1976-04-13 19:03:10','2020-06-25 16:23:56'),(2,88,'Voluptatibus in tempore saepe.','Perspiciatis laudantium aliquid amet iste. Cumque quos in voluptatum aut ipsa necessitatibus deserunt. Consequuntur animi veniam blanditiis sint. Incidunt et qui qui tempore. Sint provident aliquam et dolorum eum.',1,'2017-12-06 14:55:22','2020-06-25 16:23:56'),(2,195,'Atque ea ullam possimus ratione.','Deleniti cumque nesciunt excepturi aut unde. In quibusdam omnis earum id. Consequatur omnis enim dicta quisquam sapiente accusantium in nostrum. Dignissimos ipsa earum omnis non quod quia. Inventore suscipit labore error. Ea voluptates tempora id exercitationem occaecati dolor at. Expedita explicabo temporibus officia sit minus magnam. Harum inventore modi officiis deleniti.',1,'1991-05-26 18:02:46','2020-06-25 16:23:56'),(3,21,'Totam commodi est culpa.','Iure ea animi ut adipisci rerum eveniet voluptatem. Rerum vel maxime deserunt iusto dolores. Rerum tempore odio occaecati quia. Praesentium et veritatis nulla consequuntur ipsam minima. Sed quia quos nemo deleniti in. Ducimus natus nesciunt molestiae id. Et ipsam quibusdam molestiae quaerat unde.',1,'2019-08-25 17:46:19','2020-06-25 16:23:56'),(3,41,'Placeat est inventore.','Illo enim et alias delectus commodi magnam recusandae. Sapiente aliquid minima ut pariatur sit dolores consequatur. Culpa delectus dolorem eligendi voluptatem. Qui harum maxime eaque natus. Dolore ut facere magnam modi nulla omnis voluptas. Sapiente consequuntur omnis et. Labore delectus sit ut adipisci voluptatem eius aut hic.',1,'1971-04-16 20:08:58','2020-06-25 16:23:56'),(3,57,'Ut sint rerum quibusdam.','Debitis laboriosam harum doloremque provident ut dolor nesciunt. Voluptatum et quaerat itaque eveniet. Voluptatem repellat pariatur voluptatem impedit. Atque est asperiores ratione. Incidunt et commodi qui corrupti. Laudantium esse at perspiciatis ipsa occaecati. Ut est recusandae cum laudantium.',1,'1983-11-12 05:19:40','2020-06-25 16:23:56'),(3,75,'Eos facilis ipsum.','Eligendi voluptas eaque sed nulla optio. Quis ullam optio vitae ducimus et. Corporis amet tenetur omnis aut. Ipsa dicta exercitationem porro.',1,'2005-11-23 16:28:39','2020-06-25 16:23:56'),(4,172,'Voluptatibus aut rerum explicabo.','Et quisquam velit qui saepe ut et deleniti. Repellendus mollitia provident et dolorem voluptates est. Velit sapiente quis ut occaecati omnis et. Odio qui illum quia quia porro consequatur. Dignissimos inventore esse natus voluptatibus. Omnis commodi consequatur voluptatem adipisci consequuntur quas. Sunt omnis id tempora nam quas qui facere.',1,'2017-12-25 14:26:03','2020-06-25 16:23:56'),(5,11,'Mollitia ea vel harum sapiente.','Temporibus et nemo et quisquam alias qui laboriosam. Aspernatur voluptas eum dignissimos aperiam. Suscipit assumenda quas est illum facilis. Quae minus aut corrupti commodi rerum aliquam in ipsam. Quia atque ea iure molestiae in inventore repellat dolorum. Et consequuntur beatae totam consequatur. Eius ut magnam perferendis quia accusamus. Iste rerum similique sit quo maxime et omnis. Esse nihil in rem.',1,'1989-08-14 03:55:32','2020-06-25 16:23:56'),(5,191,'Iure quia ducimus.','Culpa quis est voluptas. Cumque non facere commodi est. Deserunt assumenda ut molestiae sunt. Illum nihil ea praesentium dolorem dolores eius dolor beatae. Nulla non consequatur corrupti et provident id. Alias incidunt non natus rerum aperiam illum assumenda. Consectetur eum dolor et fugit voluptatum aut. Sit unde aspernatur est est nobis consequatur error. Earum magni eveniet fugiat asperiores nihil eligendi quas.',1,'2001-06-10 16:46:55','2020-06-25 16:23:56'),(6,10,'Ut sapiente error.','Voluptatum occaecati debitis dolores animi cumque. Nihil porro doloremque dolores porro sapiente odio. Impedit et nihil voluptatem accusantium laboriosam. Debitis iusto nulla nihil quisquam quibusdam facilis enim. Qui vero similique itaque iure. Recusandae aut molestias et aut est accusantium. Vitae magnam quis voluptatibus blanditiis qui molestiae. Consequatur expedita amet asperiores tenetur.',1,'1974-08-30 14:17:17','2020-06-25 16:23:56'),(6,40,'Ipsam dolorum enim optio.','Optio excepturi aut id reiciendis totam atque id. Dignissimos suscipit corrupti sit eaque expedita illum. Repellat aut provident vero facere magnam. Nostrum aliquid deleniti eum quam aut inventore quia expedita. Nam voluptas sed sed non voluptas sed vel. Quia modi quia quasi odit.',1,'1979-03-10 19:14:42','2020-06-25 16:23:56'),(6,42,'Nulla omnis sit iusto accusantium.','Et sequi perferendis eum unde id ipsam. Sit omnis non blanditiis omnis dolorum quis doloribus corrupti. Consequatur animi iste ea et odio in ipsa. Quis impedit assumenda consectetur ab enim. Consequatur consequatur occaecati quibusdam accusamus et et. Quae sequi voluptas saepe nisi praesentium sed. Veniam eos cumque voluptas cumque molestiae velit ea illo.',1,'2015-09-01 01:30:26','2020-06-25 16:23:56'),(6,53,'Nostrum est est.','Perspiciatis reprehenderit rerum ea. Omnis qui ut quia saepe provident sunt maxime. Sapiente voluptatem ea reprehenderit sequi impedit. Rerum aliquid omnis soluta consequuntur molestiae veniam molestiae sit. Est voluptas quibusdam dolor id quod quasi neque. Rerum voluptatem aut quia praesentium debitis repellendus.',1,'1989-08-01 10:25:07','2020-06-25 16:23:56'),(6,61,'Enim sed in.','Repudiandae illum soluta voluptatem unde in. Deserunt placeat voluptatem qui quia. Optio aspernatur id aut qui ipsam. Assumenda aliquid rerum in omnis rerum optio similique. Odit quia qui at quae est qui. Magni consectetur est sed sed dolorem eligendi asperiores. Assumenda magnam sunt id modi. Et quam facilis quidem veritatis libero et soluta ipsa.',1,'2005-01-10 04:24:29','2020-06-25 16:23:56'),(6,71,'Fugiat atque id incidunt vero numquam.','Hic ea recusandae non et porro quo ea. Repellendus ut corporis sed deleniti dolor autem. Non atque veniam repellat dolore eum eos. Consectetur expedita eos eveniet quas quod qui. Dolor in omnis eveniet eos sunt animi earum. Odio maiores culpa ea non deleniti voluptatem. Est placeat ut blanditiis id id. Dolor facere et aperiam necessitatibus sint natus.',1,'1985-02-01 15:53:01','2020-06-25 16:23:56'),(6,77,'Iusto voluptas impedit.','Et consequatur et asperiores odit quia. Aliquid ut voluptate omnis voluptatem. Repellendus aut repudiandae ab sequi modi tempora ipsa. Iste assumenda ut enim qui tempore autem. Excepturi soluta modi qui consequuntur. Quo temporibus voluptatum autem autem nihil id dolor rerum. Amet at recusandae ut. Iste doloremque et placeat aperiam ut asperiores quia sunt. Repellendus ea quis vero modi occaecati provident.',1,'2014-07-06 00:36:54','2020-06-25 16:23:56'),(6,87,'Distinctio ea harum iste eum.','Ex labore explicabo saepe est. Aut quaerat sapiente vel perspiciatis. Quasi beatae magnam pariatur ea laborum. Voluptates accusamus blanditiis ipsum aliquam non veritatis. Sed quam voluptas eos. Ratione et magnam dolores. Tenetur impedit vero neque necessitatibus. Autem dicta suscipit qui autem necessitatibus.',1,'1991-06-30 04:52:35','2020-06-25 16:23:56'),(6,129,'Ad quidem quos voluptatem autem.','Unde et occaecati reiciendis sunt aut ducimus magnam. Dolorem inventore repellat veniam corrupti quaerat expedita odio. Dolorem molestias dicta error magni placeat. Laborum sit voluptatem beatae facere rerum nesciunt sequi. Dolores dicta sit facilis eaque voluptatem rerum.',1,'2015-04-02 17:09:48','2020-06-25 16:23:56'),(6,181,'Neque quo quia assumenda.','Explicabo beatae et consectetur iste minima qui nobis. Blanditiis consequuntur autem qui est. Quia repudiandae illo omnis quia vel. Sequi neque repudiandae eaque ex illum placeat qui eveniet. Vel nemo impedit sequi quia quia. Vel amet quia explicabo delectus occaecati.',1,'1989-07-24 21:55:50','2020-06-25 16:23:56'),(7,25,'Tempora non earum necessitatibus in.','Dolorem nobis quasi eius corporis ullam. Atque consequatur ut sed nostrum facilis. Pariatur provident deserunt quia amet. Laborum molestiae ducimus omnis consequatur. Cum natus aliquid quia et itaque.',1,'1993-06-26 19:32:34','2020-06-25 16:23:56'),(7,74,'Quasi officia et.','Molestias quia ducimus veritatis illum perferendis nihil assumenda. Repudiandae dolores aperiam maxime voluptates necessitatibus sit. Minus laudantium porro ullam dignissimos quia praesentium ut doloremque. Quia porro aut aspernatur minus. Id perspiciatis officia voluptatem. Doloribus minima placeat rerum. Officiis porro mollitia rerum eum.',1,'1974-04-09 05:39:36','2020-06-25 16:23:56'),(7,86,'Animi rerum perferendis enim ad minima.','Et rerum sequi architecto mollitia ut. Eveniet est est omnis saepe. Mollitia suscipit vitae est id quia minus aliquid sequi. Corrupti incidunt similique quia ut voluptate perspiciatis. Necessitatibus est ad ut tempora. Reprehenderit maiores sint accusamus. Voluptas architecto ad consequatur voluptas.',1,'2006-08-18 08:34:54','2020-06-25 16:23:56'),(7,148,'Debitis et quia dolore laboriosam.','Voluptatem est et sunt aliquam nulla nostrum. Est ipsam voluptatem reprehenderit reiciendis minus velit. Fugit porro nobis iusto. Velit nemo placeat libero sit dolor eum necessitatibus eveniet. Molestiae nesciunt rerum est quo quidem qui. Fuga voluptatem magnam velit nihil iste sequi. Deleniti exercitationem magni non blanditiis quaerat consequatur. Ad recusandae qui neque accusamus reprehenderit. Rerum voluptatem eaque tempora.',1,'2011-05-13 21:03:59','2020-06-25 16:23:56'),(7,197,'Vero atque non ipsum.','Quis velit nostrum ipsam aut aut quae. Sequi qui voluptas nisi ut dolor inventore quisquam ipsam. Quo dignissimos voluptate facere debitis et. Vitae aut eum saepe vitae possimus. Minus quidem tempore et est accusantium odit et et.',1,'2011-10-31 02:01:44','2020-06-25 16:23:56'),(8,195,'Iusto excepturi sint quis voluptas.','Dolor quia quaerat sit ipsum aliquid odit. Nemo inventore beatae aut omnis voluptates voluptates commodi. Enim accusantium incidunt ducimus velit eaque. Consequatur est est praesentium deleniti numquam ut necessitatibus. Dignissimos mollitia repellat magni enim saepe saepe. Voluptas excepturi quae quia maxime aperiam. Qui debitis eaque quasi. Temporibus architecto modi vel quis.',1,'1974-03-09 07:53:49','2020-06-25 16:23:56'),(9,58,'Explicabo ea quos laudantium maiores praesentium.','Et repudiandae tempore beatae ab voluptas. Quis velit eaque exercitationem culpa culpa qui magnam. Vero sequi fugit numquam modi illo quod. Minima eligendi esse eligendi mollitia corrupti nihil provident. Repudiandae ut qui aliquid labore labore aut et. Eos incidunt et tempora veniam rem distinctio. Voluptatibus voluptas molestias maxime numquam ratione ea officiis sunt. Rem ullam blanditiis sunt sit.',1,'2002-08-27 11:32:31','2020-06-25 16:23:56'),(9,78,'Mollitia ea ipsum et aut.','Et accusantium ipsum molestias nisi eveniet earum officia. Est dolorem rerum soluta ut a illum et excepturi. Earum tempore quia possimus et quibusdam. Recusandae quia sit fugit tempora. Tenetur dolores consequatur sapiente odio nihil.',1,'1990-09-09 12:20:12','2020-06-25 16:23:56'),(9,103,'Enim magnam aliquam eius nihil.','Doloribus corrupti voluptas ad quia. Assumenda voluptatem numquam qui animi ratione omnis sint. Esse est voluptas sequi. Atque harum mollitia similique sint. Aperiam delectus iste odit est occaecati sit. Repudiandae est consectetur maxime sed asperiores necessitatibus nobis. Sequi eligendi minima voluptatem ipsa nostrum quod. Ex quasi blanditiis pariatur autem odio aut aut. Ipsum est culpa voluptatem sed.',1,'1975-06-14 05:53:57','2020-06-25 16:23:56'),(9,150,'Aut velit ex est.','Explicabo et et ut quia ut voluptatem. Architecto ducimus labore in minima sed. Laboriosam officia molestias et. Dolor nulla nobis alias explicabo. At ea corporis nobis nihil culpa inventore cupiditate. Commodi tempora et in cumque eaque alias eius quos. Voluptas quaerat cum aut eaque minus provident fugit. Quo doloribus adipisci commodi. Repellat enim ratione sit.',1,'1990-04-02 01:32:38','2020-06-25 16:23:56'),(9,158,'Consequuntur nisi consequatur eligendi.','Non provident in sint velit consequuntur velit ipsa. Iure eos pariatur dolor et autem. Voluptas totam et minima omnis consequuntur aliquam. Nihil velit id aut aut in. Error ut ab laboriosam sit ea libero.',1,'2002-01-09 14:12:51','2020-06-25 16:23:56'),(9,193,'Voluptatem quia enim et possimus.','Aut sit est facere est minus. Odit aliquam sed non voluptatum aliquam. Aliquid voluptatem sed voluptate perferendis quam aut autem. Officia voluptatem ab numquam quibusdam id aliquam. Consectetur nulla illo facere architecto. Et aut blanditiis error quia maxime. Cum enim sit quas reiciendis magnam.',1,'2001-11-02 16:02:31','2020-06-25 16:23:56'),(10,111,'Nobis fugit magnam eos ut sapiente.','Necessitatibus animi qui qui ut in in mollitia sit. Excepturi ut numquam blanditiis. Quia placeat veniam molestiae velit. Corrupti unde omnis possimus labore corrupti possimus. Corrupti et sapiente magnam perferendis. Aut laboriosam recusandae voluptatem nemo minus voluptas. Autem quia velit porro veniam ut. Alias id maxime molestias hic.',1,'1980-03-29 10:43:36','2020-06-25 16:23:56'),(11,13,'Eum magnam adipisci.','Corporis et quisquam quas quam est. Voluptatem id illum vitae ut qui ut omnis. Ipsam est et modi est et et velit. Vero totam omnis consequatur et. Veritatis dolorem voluptatem reiciendis est aliquam.',1,'1983-05-26 08:51:50','2020-06-25 16:23:56'),(11,72,'In asperiores a sint ipsa.','Reprehenderit molestiae officiis quas est. Iusto quidem possimus reiciendis quia rerum quia. Labore minus et iste repudiandae rerum aut. Consequatur et voluptas eligendi deleniti. Eos sint qui aliquam voluptatum vitae ipsa. Cumque facilis asperiores dolore labore.',1,'1993-05-16 16:35:44','2020-06-25 16:23:56'),(12,8,'Dolorem mollitia dolor saepe itaque.','A omnis quos ut accusantium rem non. Assumenda veniam et corrupti provident. Officiis sit quo sed. Quidem fugiat et est quis illo voluptatibus. Laborum cum et voluptates nobis quia quae vero. Nihil magni blanditiis aut provident incidunt non voluptas. Quibusdam corrupti exercitationem deserunt nulla nam ipsa a. Sit nam et quis facilis.',1,'2004-12-10 21:21:13','2020-06-25 16:23:56'),(12,144,'A dicta asperiores consequatur.','Repellat perspiciatis necessitatibus repudiandae delectus architecto consequuntur rerum. Pariatur id aperiam id quis ut iste. Sed qui et id atque deserunt sed. Rem sed commodi totam qui excepturi. Quia aliquid voluptatem deserunt magnam vitae in sunt. Voluptas occaecati assumenda omnis corporis voluptas omnis nostrum. Tenetur ut voluptate et occaecati est perspiciatis illo.',1,'1991-06-30 16:53:51','2020-06-25 16:23:56'),(12,146,'Accusamus atque optio debitis repellat tenetur.','Esse aut at ut ab accusantium. In nisi officia eaque dolores mollitia. Qui non saepe nisi. Ut fuga eum ducimus voluptatem autem excepturi. Ut soluta voluptatem id eos autem et quam. Occaecati temporibus qui vel repudiandae.',1,'1973-08-18 21:23:16','2020-06-25 16:23:56'),(12,189,'Eos laboriosam consequatur facere voluptas.','Minima voluptatibus adipisci et et praesentium. Rerum veritatis dolor velit ut et sint aperiam. Ut praesentium labore eaque voluptas quo. Sit ipsam ut doloremque consequatur laboriosam cum. Aperiam voluptatem rerum temporibus excepturi quam voluptatem. Sed earum optio aliquam soluta. Rerum minus quis sapiente laborum consequuntur perferendis est quis. Aliquid tempore quia temporibus quia quia voluptatibus exercitationem ducimus.',1,'1972-10-03 10:21:51','2020-06-25 16:23:56'),(13,48,'Atque in rerum quia esse rerum.','Doloremque pariatur provident reiciendis autem itaque fugit aliquid. Necessitatibus nihil autem id. Occaecati illum eveniet rem quia. Libero inventore recusandae rerum illum ducimus pariatur non.',1,'2012-03-08 18:06:39','2020-06-25 16:23:56'),(13,77,'Asperiores fuga odio tempore modi.','Ut atque exercitationem qui in aspernatur recusandae. Minima occaecati consequatur perspiciatis ab. Nihil natus ratione totam voluptatem consectetur. Non soluta aspernatur dolorem incidunt occaecati. Qui dolores est est id et ea. Quisquam atque ut sed nulla. Aut qui ut quis illo omnis ea. Quia impedit esse placeat animi mollitia.',1,'2009-02-19 23:49:26','2020-06-25 16:23:56'),(14,18,'Fugit quo minima culpa.','Quibusdam et facilis doloribus. Nulla aut sunt cum pariatur itaque vel rerum velit. Est vel sed blanditiis. Fuga ipsa nobis iure. Deserunt rem eos nobis alias alias qui. Cumque sit quis quisquam dolorem necessitatibus debitis.',1,'2012-11-24 14:57:24','2020-06-25 16:23:56'),(14,111,'Dolores tempore fugiat rerum.','Nisi nobis ut et. Sequi animi consectetur repellendus provident culpa voluptatem. Rerum minus pariatur voluptatem consectetur. Labore magnam quibusdam inventore enim omnis asperiores harum. Voluptatem et consequuntur error quia et saepe.',1,'1971-04-08 19:54:43','2020-06-25 16:23:56'),(14,150,'Est nihil et vero aspernatur.','Quam voluptatem adipisci dolor voluptatem quia nisi voluptatem. Pariatur cumque et animi delectus non nulla ex. Molestiae velit deserunt animi quia rerum. Qui cum excepturi esse animi praesentium ipsa et distinctio. Ducimus debitis corporis ad molestias eos facilis rerum. Omnis velit velit et sapiente voluptatibus. Minima nesciunt cum aut labore sint.',1,'1982-12-04 19:10:19','2020-06-25 16:23:56'),(15,76,'Libero rerum illum dolor nihil officia.','Ab illo numquam et id natus delectus. Non soluta vitae ullam dignissimos voluptatem adipisci nisi. Enim nulla quae officiis aut. Odit et fuga officiis quod commodi odit molestiae. Odio adipisci ducimus itaque expedita vero. Et eaque iusto saepe rerum ut exercitationem.',1,'1985-12-12 11:49:11','2020-06-25 16:23:56'),(15,80,'Id nemo amet sunt.','Est ea sit et dolore. Vitae mollitia repellat architecto sed. Rem non maxime quia sed veritatis. Aut asperiores iste non optio. Est neque qui debitis.',1,'1985-03-04 12:50:24','2020-06-25 16:23:56'),(16,6,'Praesentium ex dolores.','A ut commodi distinctio cupiditate. Aut qui hic dignissimos totam aut. Natus est voluptatem aut temporibus. Et dolor illo quia. Sit consectetur temporibus unde itaque autem ipsum facere. Impedit quas aliquam natus et voluptas sit aut.',1,'1985-10-11 22:58:35','2020-06-25 16:23:56'),(16,54,'Autem consequatur animi minus.','Exercitationem error architecto quos impedit reprehenderit. Officia praesentium velit incidunt voluptas in excepturi exercitationem exercitationem. Sint officia dolorem quibusdam excepturi. Ullam et voluptate et maxime corporis. Totam officia id officiis eum voluptatem et. Nobis ullam non et sed ab nostrum. Explicabo hic ut odit corporis. Sint minima qui id qui et. Quibusdam neque nam fugit.',1,'1977-10-03 22:53:42','2020-06-25 16:23:56'),(16,141,'Magnam error aspernatur veniam.','Voluptatem recusandae est incidunt officia voluptates ea quis aspernatur. Placeat quae repudiandae aut perferendis. In voluptatem aut recusandae aut qui quia perspiciatis ut. Dicta quia qui laudantium doloremque est. Officiis iste totam et ut cupiditate. Doloribus sint debitis nostrum quisquam quis et ipsam.',1,'1981-10-16 09:40:16','2020-06-25 16:23:56'),(17,29,'Doloribus qui ratione ut omnis voluptas.','Excepturi iure dolorum natus non nam. Aperiam similique corporis perspiciatis aut laboriosam. Provident nemo est ad et est a. Tenetur dolores ex dolor eligendi ea beatae omnis. Est deserunt quos non unde. Quibusdam quas perspiciatis at consectetur architecto expedita.',1,'1987-10-26 09:39:00','2020-06-25 16:23:56'),(17,66,'Qui non est autem sint.','Quibusdam itaque voluptatum deserunt qui rerum quos voluptatem. Quasi nam qui ut perferendis sed officiis quia. Vel omnis a repellendus. Beatae quis enim laborum nobis unde. Et aut inventore et sint eos ea molestias. Temporibus quo adipisci ab. Quisquam consequuntur quidem rerum aspernatur sunt sunt. Et corrupti sit quod consectetur aut nisi nobis aut.',1,'1987-01-02 19:21:41','2020-06-25 16:23:56'),(17,74,'Alias id molestiae dolor sint.','Aut consequatur laudantium sint similique magnam dicta. Eum et nam temporibus voluptas eos. Qui delectus corrupti natus accusamus aliquid deleniti eligendi. Aut nihil tempore aliquid repellat consequuntur aut. Officiis distinctio qui nesciunt.',1,'2009-04-16 06:37:55','2020-06-25 16:23:56'),(17,111,'Vitae est dicta et distinctio quis.','Et qui quo delectus aut autem rem amet. Pariatur adipisci nam corporis recusandae qui eius officia. Cum et pariatur voluptate ex non quod. Qui non aut quos fugit et quaerat. Labore corrupti quidem excepturi sapiente nulla. Deserunt maxime ducimus facere.',1,'2000-09-27 02:17:10','2020-06-25 16:23:56'),(17,127,'Officia cum non ipsam omnis reprehenderit.','Eum in quod accusamus voluptatem quibusdam. Incidunt occaecati eveniet non aut debitis molestiae. Possimus fugiat est quos pariatur ex placeat. Quasi laboriosam cupiditate repellat. Deserunt aliquam excepturi corporis eligendi distinctio. Architecto eos consequuntur in sunt. Reiciendis quasi earum qui laboriosam odio dolores quis.',1,'1972-09-26 02:53:21','2020-06-25 16:23:56'),(17,170,'Ut autem molestias delectus velit.','Quo inventore animi placeat et magnam ut assumenda. Laboriosam et est veritatis enim. Doloremque voluptatem enim aut soluta qui fuga sed. Cupiditate quos assumenda alias asperiores rerum labore deleniti. Aliquam aut aliquid quae. Consequatur impedit est quo sint quae.',1,'2001-08-25 04:24:35','2020-06-25 16:23:56'),(18,111,'Voluptatem omnis animi dolore possimus.','Vel quo ea magni iste sunt. Aut voluptates fugiat vero natus. At ipsa nobis suscipit iste. Autem aut quidem est enim harum sed sint. In et similique cum dolorem. Mollitia omnis ipsum laudantium aut voluptatem maiores. Nihil mollitia ut recusandae rerum qui iste. Vitae modi sed corporis.',1,'1970-04-06 06:12:13','2020-06-25 16:23:56'),(18,145,'Sed animi quis accusamus dolorem libero.','Dolor harum quasi et omnis et et quae. Magnam eius dolorum quos neque laudantium. Minima a nisi autem ducimus qui vero error. Qui exercitationem amet rerum ratione molestiae ut. Libero ipsa iste aut voluptatibus quam. Cupiditate aspernatur deserunt sit dolorem repellendus. Enim maxime ut cupiditate sit adipisci in rerum. Dolorem earum sed praesentium illo doloribus.',1,'2011-08-12 00:51:18','2020-06-25 16:23:56'),(18,182,'Veritatis odio velit.','Ipsa saepe harum necessitatibus voluptatem eligendi quas eos. Fuga neque iure rem molestiae consequatur labore eos. Sapiente est porro officia et. Quam iste voluptatum perspiciatis dicta ut consequatur facilis. Sunt deleniti consectetur adipisci harum.',1,'2007-05-21 16:39:35','2020-06-25 16:23:56'),(18,190,'Corporis corrupti consequuntur quidem.','Doloribus nisi possimus ratione maiores earum. Aperiam enim aut vero. Dolore repellat quo est eligendi. Quae facilis autem nam quia soluta facilis ex. Ipsa aut rerum blanditiis et tenetur aperiam. Minus voluptatum rem et ab minus ipsum. Assumenda quis natus voluptas placeat. Aliquam harum dolor ipsam exercitationem impedit blanditiis.',1,'2016-08-03 05:58:07','2020-06-25 16:23:56'),(18,199,'Veritatis et rem ut error.','Praesentium assumenda ipsa ad perferendis et. Tempore aspernatur vero quisquam cupiditate natus. Aut dolorem fuga voluptatem quia nesciunt occaecati quam sunt. Molestiae illum voluptates voluptatem quis voluptatibus. Provident officiis tempora explicabo quod voluptate nihil tempore quos. Distinctio aut dolorum voluptatem facilis. Distinctio sed iste quia sit. Repellat quis deleniti rerum vel voluptate.',1,'2005-10-05 19:15:15','2020-06-25 16:23:56'),(19,7,'Occaecati velit dolorum nisi et.','Quasi harum occaecati vel et voluptatum non labore. Ipsum porro maiores impedit et sunt in et. Vel error doloremque rem quaerat veniam voluptatem quae. Unde quis omnis id veritatis ipsam. Saepe quas dolorem ut quo adipisci dignissimos aut perferendis. Quia a repellat ipsum. Tenetur quo sunt minus quo maxime consequatur eius. Cum qui alias suscipit eum nemo omnis. Laudantium esse rem eos occaecati cupiditate ex dolores animi.',1,'1976-10-10 18:07:30','2020-06-25 16:23:56'),(19,24,'Ab quas saepe est non.','Omnis vitae consequatur perferendis. Tenetur perspiciatis consequatur et beatae maiores quam iure natus. Et placeat distinctio ipsa ratione ab. Accusamus modi sunt quod itaque vitae adipisci omnis. Qui illo ducimus quo enim sunt. Iusto voluptas molestias pariatur deserunt quo.',1,'2011-11-19 05:46:47','2020-06-25 16:23:56'),(19,61,'Et non et dolores quod.','Ad dolorem quasi voluptatem officia sint dolore. Eum aut eum sint maiores eos. Vel illum voluptatem soluta laboriosam. Iusto consectetur distinctio vitae non natus ipsam ut. Ab sed labore quidem.',1,'1988-01-07 20:30:11','2020-06-25 16:23:56'),(19,123,'Ratione aut quo.','Qui vel enim deleniti suscipit et. Doloribus beatae magnam rerum eligendi autem et aut eaque. Magni dignissimos expedita repellat. Eum sed ex qui. Et sit eos iure ut. Accusamus praesentium culpa incidunt similique doloremque nam.',1,'1982-01-09 20:41:32','2020-06-25 16:23:56'),(19,141,'Sapiente provident autem.','Id et sunt libero eaque labore delectus. Rerum sequi explicabo eos quis. Nam est est at. Quis consequuntur laborum dolore velit cupiditate temporibus sequi. Facilis architecto voluptatem excepturi eligendi qui et.',1,'2005-09-23 13:28:09','2020-06-25 16:23:56'),(19,181,'Totam necessitatibus aut corrupti aspernatur quo.','Omnis ex veniam rem odio dolorem. Ratione quasi debitis minus. Voluptas mollitia asperiores harum rerum enim voluptatem labore. Rerum neque quis aut rerum. Sed cum debitis sunt nam mollitia sint. Reiciendis praesentium minima quibusdam eveniet maiores. Aut animi provident ipsum ut et numquam. Explicabo deleniti eum quidem non temporibus et.',1,'1990-06-18 01:28:51','2020-06-25 16:23:56'),(20,28,'Est sint totam et hic.','Consequuntur alias qui et id quia. Corrupti quaerat nisi non. Maxime delectus aspernatur ut mollitia. Odit officiis occaecati ratione nostrum voluptatem. Repellat deleniti consequatur consectetur totam molestiae illo molestiae. Ratione dolor fugiat possimus error est. Deserunt dolor veritatis assumenda. Qui earum officiis dicta. Recusandae ut aut eum dolorem excepturi.',1,'2017-05-01 07:20:36','2020-06-25 16:23:56'),(20,63,'Eius quo quasi consequatur rerum.','Placeat est sit voluptas illum dolorum neque. Voluptas est ea hic odit qui et. Aut dolore molestiae doloremque repellendus et eaque. Nam ex ipsa aut doloribus nisi ab necessitatibus. Voluptatem deleniti dolorem voluptas fugit neque repellendus consequatur esse. Et et nisi omnis reprehenderit atque earum. Quas perspiciatis delectus eaque qui autem.',1,'2000-03-16 20:47:35','2020-06-25 16:23:56'),(20,76,'Sunt minima in aut.','Adipisci debitis et porro quia ex magni. Et necessitatibus repellendus impedit qui. Est nihil enim veniam voluptatem. Ipsa qui veritatis est enim et sed expedita architecto. Non aliquam maxime voluptatem ad labore enim. Modi omnis tempora ad neque qui. Non et aut qui qui quia voluptatem.',1,'1984-11-10 08:20:23','2020-06-25 16:23:56'),(21,19,'Deleniti qui et aut.','Fugiat quia praesentium placeat deleniti. Atque numquam neque ex harum explicabo voluptate. Omnis qui harum ut. Molestiae aperiam sunt voluptatem et. Enim et rem quis. Doloremque dicta aut est. Est harum tenetur nulla molestias culpa modi rerum.',1,'1999-10-02 21:11:14','2020-06-25 16:23:56'),(21,46,'Eum atque eius aperiam.','Amet nostrum quidem inventore qui consectetur ex rerum impedit. Et ut aspernatur ut velit omnis error et. Amet illo reprehenderit ipsa dolorum eveniet quod quas. Expedita quo quo voluptas pariatur omnis et aliquam. Ut unde delectus id qui.',1,'1978-06-24 15:46:24','2020-06-25 16:23:56'),(21,51,'Debitis qui praesentium qui blanditiis.','Et necessitatibus et repellat quos doloribus. Voluptatem dolores nam dolore quis praesentium. Modi illum dolores beatae omnis vero. Nobis ut harum sed blanditiis sit qui qui soluta. Culpa quia earum enim nihil dignissimos. Consequuntur quis nemo dolores nesciunt et optio perferendis.',1,'1972-09-19 12:14:44','2020-06-25 16:23:56'),(21,80,'Sapiente velit occaecati temporibus ab.','Dignissimos repudiandae tenetur maiores. Accusantium velit nesciunt similique dolorem et aliquid. Amet sint ullam delectus consequatur dolores voluptatem provident. Eveniet non sunt est sed. Ipsa facere provident accusantium omnis. Consequatur non id ex eveniet voluptatem debitis vel.',1,'1974-02-06 06:44:56','2020-06-25 16:23:56'),(21,133,'Ad magni sunt incidunt est.','Error ut maxime et et omnis eum consequuntur voluptas. Vel corrupti ea sit id delectus est velit. Nisi voluptatem illum dolores ut hic. Adipisci alias quos molestias tenetur facere perferendis. Sequi et rerum repudiandae natus ratione veritatis dolore et. Et veniam molestias at id illum fugiat.',1,'2016-09-04 02:12:48','2020-06-25 16:23:56'),(22,40,'Iusto ea soluta architecto rerum.','Explicabo repudiandae aliquid ut. Ipsa enim excepturi minima molestias exercitationem perspiciatis. Quo ab expedita consectetur. Suscipit quis quis repellendus consequatur ut minus tenetur. Numquam omnis qui labore velit quis.',1,'2017-03-07 09:35:30','2020-06-25 16:23:56'),(22,76,'Dolorem deserunt aliquam ad doloremque.','Id ut magnam vero et corporis qui id. Veniam veniam inventore ea dolore. Quas architecto veniam fugit laudantium. Dolorem explicabo autem odit earum non ea. Nihil non tempore mollitia. Expedita accusantium ea aut blanditiis rerum quia. Repellendus necessitatibus facilis enim voluptatum. Maxime eaque suscipit repellendus facilis occaecati autem id. Sunt nihil sed voluptatem aperiam.',1,'1991-09-22 17:43:24','2020-06-25 16:23:56'),(22,164,'Aliquam nulla veniam.','Placeat aliquid temporibus porro. Dicta illo est non nisi doloribus. Dolore molestias similique ipsa aspernatur. Dolores sunt qui saepe dolores mollitia repellendus. Veritatis vero neque et. Voluptate enim expedita nam itaque eveniet vero tempora. Quae sed atque sapiente voluptatum.',1,'1988-03-26 04:20:44','2020-06-25 16:23:56'),(23,96,'Ut nihil ab.','Ipsa fugit ut est ad corrupti. Aut quam dolores deserunt consequatur neque. Ipsa accusamus beatae est sunt qui ipsum quis. Id pariatur blanditiis ut sapiente dolore quas ad rerum.',1,'1999-07-09 15:38:25','2020-06-25 16:23:56'),(23,103,'Eum molestiae omnis culpa rerum.','Dicta atque asperiores voluptate dolor error. Excepturi et alias vel sit. Autem tenetur quo modi optio illo. Rerum et nulla voluptas veritatis autem saepe totam. Ab natus molestias quas blanditiis qui assumenda at. Et nemo dolores dolorem earum ea.',1,'1992-09-08 01:32:19','2020-06-25 16:23:56'),(23,128,'Facere nobis et at.','Alias consectetur magnam harum nisi nisi. Esse ipsum laboriosam accusantium quod. Sapiente voluptatem quia exercitationem magnam necessitatibus ex dolores. Dolore et voluptas in amet suscipit. Dolor voluptas inventore ut laudantium quia exercitationem officia. Accusantium ab ullam facere et non et. Dolores quia excepturi nobis. Magnam veritatis ex adipisci sit provident voluptatum.',1,'1989-12-23 22:17:21','2020-06-25 16:23:56'),(23,138,'Accusantium voluptatibus illum architecto.','Libero vel recusandae vitae a. Ea ut sapiente sed voluptatum dolor. Non deleniti corrupti nihil vel omnis. Occaecati et autem sit ullam. Consequatur voluptatibus corrupti alias animi occaecati velit. Optio quis voluptatem expedita sunt harum voluptatibus. Aut non est quos rerum atque vel. Atque ut ab fugit eos. Est impedit animi incidunt voluptatem fugit voluptatibus a.',1,'1973-03-08 16:54:13','2020-06-25 16:23:56'),(24,11,'Ut quos non aut et.','Dolore eveniet minus earum autem explicabo tempore aperiam a. Placeat nam distinctio omnis accusamus consequatur porro laudantium sed. Quis rerum velit qui et qui. Culpa dolore vero rerum tenetur enim laboriosam. Quibusdam perspiciatis nulla ut voluptatibus qui aliquid. Quas dolor aut eveniet quibusdam dignissimos sed. Ea ipsam itaque recusandae est saepe. Vero fuga esse esse et cum est qui.',1,'1986-08-28 06:20:55','2020-06-25 16:23:56'),(24,80,'Enim aliquam dolores.','Velit voluptatem voluptas quidem voluptas. Explicabo quae asperiores magnam debitis qui aut non. Qui aliquam consequatur expedita eligendi nemo rerum et. Aut quisquam nostrum consequuntur dolore et.',1,'2003-10-02 01:11:19','2020-06-25 16:23:56'),(24,95,'Et ut necessitatibus a.','Qui aliquam magni beatae fugit. Voluptatem voluptatem blanditiis omnis iusto ullam necessitatibus. Repudiandae sequi nam rem atque illo quaerat. Quis minus dolore voluptatibus a quas distinctio incidunt quo. Recusandae aut laudantium molestiae beatae. Nulla consequuntur omnis sit eum. Officia ex consequuntur ab est quia aliquid aut consequatur.',1,'2011-02-27 11:28:53','2020-06-25 16:23:56'),(24,200,'Consequatur est velit id dolor fugit.','Facilis et ad consequatur tenetur omnis quas dolor magnam. Molestias nobis maxime qui dolore omnis. Animi facilis suscipit aliquam illo et. Dignissimos quos facere quis perspiciatis. Similique explicabo molestiae et hic fuga quasi. Commodi voluptate est voluptas aut voluptas beatae. Voluptatem tenetur laborum harum voluptatem minima. Mollitia saepe tempore tempora.',1,'1970-04-28 17:10:03','2020-06-25 16:23:56'),(25,24,'Dignissimos et similique.','Perferendis quasi et culpa odit. Dolor error architecto provident totam. Tempore nostrum iusto sed amet tempore aspernatur. Quis nemo non hic maxime dolor. Aut sed quas dolorum. Qui illo dolorem quia minima.',1,'1991-09-04 19:56:09','2020-06-25 16:23:56'),(25,31,'Magni itaque eos ut quis quibusdam.','Sequi laboriosam et veritatis quia voluptate veniam. Impedit nihil impedit sed soluta quis quo. Molestiae dolores est iste facilis. Atque adipisci quod et consequatur quia. Excepturi nemo et odit eos itaque praesentium. Quae a praesentium iure veritatis et.',1,'2018-07-31 12:56:52','2020-06-25 16:23:56'),(25,114,'Illum asperiores et omnis illo a.','Unde harum blanditiis architecto nobis. Ad esse perferendis nemo necessitatibus sint quis repellat. Vel necessitatibus assumenda placeat velit odio. Dolorem excepturi omnis nesciunt aperiam magnam velit aut. Culpa aut nesciunt qui laborum et. Occaecati voluptas magnam maiores dolore.',1,'2004-10-02 02:17:10','2020-06-25 16:23:56'),(27,102,'Non omnis tempora quia similique.','Quis officia debitis libero et omnis. Dignissimos autem temporibus velit sit maxime debitis. Minus aperiam eos aut aliquam. Eum distinctio illum molestiae delectus qui aliquid praesentium. Et est eum est hic iusto cumque et. Est impedit eos omnis voluptatum non aspernatur. Velit autem laborum quas autem maxime. Fugit dolorem accusantium laudantium aut.',1,'1979-01-02 23:48:35','2020-06-25 16:23:56'),(27,186,'Animi eligendi tempore.','Quis at error qui et quo necessitatibus voluptate. Aut eum nemo numquam voluptatem et possimus tempora. Dolores consequatur ea laboriosam sapiente officiis. Nesciunt voluptas odit facilis delectus suscipit. Alias sunt sed incidunt sapiente vitae et.',1,'2017-07-05 20:15:23','2020-06-25 16:23:56'),(28,30,'Odit earum quasi magnam.','Laborum aperiam illo qui consequatur. Assumenda quam distinctio velit in et perspiciatis sunt. Adipisci vitae doloremque consequatur eum. Sunt ut inventore et excepturi facere cum. Blanditiis qui harum aut qui et nostrum voluptatem aut. Expedita perspiciatis unde voluptas. Animi deleniti quae doloremque incidunt et velit mollitia. Ut dolores sunt est alias sunt placeat.',1,'2003-02-22 22:47:06','2020-06-25 16:23:56'),(28,117,'Eum in tenetur adipisci et nulla.','Eaque aut nostrum consequuntur a ea illo. Eum delectus vero vitae. Voluptatibus eum et qui deleniti omnis porro et voluptatum. Asperiores sed reprehenderit id sed quia. Aperiam non eveniet nemo adipisci. Ut ipsa quas cumque recusandae qui nobis. Qui qui eaque quam hic a. Inventore ratione commodi eos maxime eaque voluptas.',1,'2018-08-07 20:45:24','2020-06-25 16:23:56'),(29,5,'Perferendis amet possimus quos aut.','Natus atque et eligendi quis ratione ipsa. Amet rerum qui quo maxime dolorem voluptatum maiores. Neque sit necessitatibus laboriosam at delectus. Exercitationem tenetur aut autem ipsam sit.',1,'2012-07-10 02:11:09','2020-06-25 16:23:56'),(29,46,'Unde iste similique.','Eius harum numquam qui. Laboriosam sapiente et voluptatem qui officia. Iusto tenetur natus autem suscipit sed quia. Enim esse eius qui ad ut. Sunt distinctio et aliquam maxime et.',1,'1992-12-18 00:48:39','2020-06-25 16:23:56'),(29,47,'Fugit quasi dolor voluptate mollitia.','Cumque magni labore aspernatur quis autem cumque. Illum aperiam quo dolor et quo nostrum aut. Sed minus illum eligendi necessitatibus quibusdam. Quos incidunt voluptatibus sint itaque nisi saepe. Fugiat eum est voluptatem illo nam enim vel. Qui rem non ratione tempore. Error neque sit asperiores. Quam excepturi est velit ab non iure. Libero eaque aliquam exercitationem illum.',1,'1991-06-21 10:25:56','2020-06-25 16:23:56'),(29,111,'Voluptatem pariatur omnis.','Veniam atque velit molestias natus non ducimus. Aspernatur mollitia et quae quaerat voluptatibus. Quas cupiditate voluptatibus odit alias voluptatem et aut. At alias eligendi distinctio dolores est placeat. Vel nesciunt qui dolores temporibus debitis sunt temporibus. Asperiores tempore est eveniet harum animi accusantium.',1,'2011-12-04 03:52:36','2020-06-25 16:23:56'),(29,142,'Eos alias vel numquam.','Corporis culpa et consequatur quia occaecati. Numquam modi mollitia vero molestiae sit ut. Qui provident optio quis ipsam. Aut omnis qui est. Tempora explicabo qui praesentium animi in quasi aperiam eius. Quisquam libero ut aliquam id ut placeat. Quis voluptatem assumenda illum aspernatur dolore vel fuga consequatur. Odit ea voluptatum corrupti ut.',1,'1976-10-09 21:46:20','2020-06-25 16:23:56'),(30,39,'Sit amet voluptatum aut.','Delectus at eos quia voluptas voluptates. Atque voluptate veritatis rerum velit. Nobis quis nemo velit voluptas illum voluptatibus non enim. Facere saepe architecto doloremque in eum. Ut enim aspernatur et animi.',1,'1974-03-27 00:46:29','2020-06-25 16:23:56'),(31,68,'Ad molestias necessitatibus iusto laborum quibusdam.','Vero quis delectus hic doloremque aut explicabo. Porro aperiam aut delectus harum. Deserunt sed quo magni doloribus dicta. Dolores odio ea temporibus corrupti error. Repudiandae quisquam occaecati vel sed sit. Recusandae debitis aperiam possimus cumque at aliquid. Fuga tempore id ullam praesentium qui adipisci fugiat dolorem. Est sit maxime repellat molestias.',1,'1984-07-29 23:40:22','2020-06-25 16:23:56'),(31,95,'Fuga sunt placeat.','Inventore alias est temporibus omnis maxime atque. Aut vero sed minus est nihil quidem cum provident. Rerum officiis dolore nisi nostrum sapiente possimus accusamus amet. Qui praesentium enim saepe. Minima molestias tempore est voluptas.',1,'2004-09-26 15:07:46','2020-06-25 16:23:56'),(33,23,'A enim dolore pariatur.','Cumque omnis non sed consectetur consequatur et. Ut aut qui iste tempora itaque. Quo autem quis alias ut. Quaerat temporibus non officia quia numquam. Recusandae quaerat dolorum fugiat non.',1,'1987-08-20 01:35:57','2020-06-25 16:23:56'),(33,55,'Veniam sed sed.','Non sint ex hic ad velit recusandae saepe. Non cupiditate quam aut dolores aspernatur ad perferendis. Asperiores quo ut aliquid quo itaque possimus. Nisi quam voluptate nulla quos quaerat. Dicta consequatur doloribus magni consectetur. Quia aliquid quis deserunt temporibus. Voluptatum impedit qui laborum ea enim vel fugiat.',1,'1975-07-04 20:35:09','2020-06-25 16:23:56'),(34,2,'Qui vero aut aperiam.','Neque et suscipit earum velit quos delectus. Dicta esse aut aut natus laudantium cupiditate. Excepturi iste sit reprehenderit nobis eius. Voluptatem omnis pariatur enim amet natus. Omnis autem quo provident voluptatem. Beatae earum doloremque nihil et. Placeat explicabo ipsum enim ipsa modi.',1,'1999-03-14 18:37:58','2020-06-25 16:23:56'),(34,137,'Et est nisi.','Consequatur eveniet quis aut dolore vel nobis magnam. Dolorem facere recusandae est. Laudantium quo eum ab. Nulla suscipit enim deserunt ipsum est. Voluptas laudantium iure et dolorem necessitatibus earum. Rem ut quo id nulla. Facilis itaque quia qui maiores esse id. Molestias porro corrupti ipsa ipsum debitis eos.',1,'1976-08-11 12:39:31','2020-06-25 16:23:56'),(35,159,'Quisquam quo unde.','Quisquam possimus officia dolorem qui. Mollitia eaque quaerat quia assumenda fugit. Iure magni reiciendis eaque soluta iste odio. Natus consectetur molestias aut adipisci ut quo. Eum rerum sequi qui modi laudantium dicta repellat. Aliquam amet quia omnis. Deserunt ipsa nulla deserunt ut rerum officia.',1,'2001-09-28 18:01:40','2020-06-25 16:23:56'),(36,16,'Rem doloremque rerum dolorem neque delectus.','Commodi repellat tempora numquam magni id nulla qui. Illum distinctio illum id eius. Cupiditate non voluptate quisquam autem dolorem. Reiciendis soluta laboriosam est repellendus nisi sint. Et iste repellat molestiae quis eveniet explicabo nihil. Eius dolor voluptas eum. Cupiditate fuga et est omnis. Ex autem numquam voluptatibus dicta.',1,'2009-02-17 09:45:54','2020-06-25 16:23:56'),(36,82,'In velit blanditiis mollitia.','Corrupti voluptas temporibus modi. Nesciunt quas sint voluptatem et. Consequatur aut aut voluptas quibusdam voluptatum animi provident. Labore error rerum natus laudantium ut quae consectetur omnis. Est asperiores placeat occaecati cupiditate sit occaecati eos.',1,'2019-06-04 12:19:15','2020-06-25 16:23:56'),(36,89,'Enim non eum omnis ut.','Explicabo necessitatibus expedita minus eos distinctio pariatur iste iste. Nostrum dolorem corrupti quo ex. Fuga voluptas assumenda perspiciatis cum. Voluptas ea velit totam eos.',1,'1990-06-16 20:59:31','2020-06-25 16:23:56'),(36,98,'Ut autem harum est qui repudiandae.','Beatae autem autem fugit corporis qui itaque aut. Iure optio officiis rerum minima neque. Rerum itaque perferendis animi non sit in est. Explicabo libero atque et et non et. Ut aut tempore quia id.',1,'2003-02-21 03:40:53','2020-06-25 16:23:56'),(36,105,'Ut labore voluptatem nihil.','Atque voluptatem aut voluptas beatae soluta a sint. Inventore aut consequatur vitae minus dolores eveniet voluptas. Ea explicabo officiis dolorum non. Velit quisquam minus distinctio fuga. Doloremque quae neque quo consequatur.',1,'2015-09-04 06:19:31','2020-06-25 16:23:56'),(37,13,'Fugiat impedit eos.','Quam modi et est harum. Ut eos quas sit rem quas. Facilis sint et reiciendis voluptates. Consectetur perferendis vitae quia veritatis sint dolorum minus. Temporibus ex et ab minus adipisci. Dolor laudantium aut quis iure nemo. Fugit qui esse vel. Maiores dolorem optio voluptatem commodi corrupti.',1,'1982-03-07 06:00:42','2020-06-25 16:23:56'),(37,29,'Molestias doloremque ea quis reiciendis est.','Dolores quia tempore libero dolores voluptatibus aliquid. Ab tempore consequatur voluptatem dolores sequi sed. Quod qui et doloribus voluptatem perferendis distinctio. Eveniet sed optio voluptas iure et quibusdam. A est fugit et qui. Mollitia fugit iure debitis est suscipit. Autem asperiores at molestias natus vel non sit rerum. Sit pariatur voluptate inventore ipsam et odit.',1,'2007-11-21 07:54:46','2020-06-25 16:23:56'),(37,105,'A nobis quia sed iure ut.','Dolorem magni quia sint sit voluptatem. Ut sapiente sapiente est et labore ut voluptas. Qui aliquam aut id voluptates. Voluptatem quia occaecati excepturi quas. Numquam autem veritatis voluptas amet. Qui maiores aut tenetur eum qui ut. Architecto quaerat vero vitae reprehenderit quo. Reprehenderit enim porro cumque magni. Sit eum quia est culpa maxime iusto quia.',1,'2017-06-29 05:10:51','2020-06-25 16:23:56'),(37,138,'Ex iste voluptatem.','Esse eaque iusto minus magni. Voluptatem omnis dolorem est id consequatur. Tempore facere consequuntur voluptatem iste. Reiciendis dolorem ipsam repellat voluptatem. Doloribus dolor ab occaecati nihil et animi non. Temporibus optio esse voluptatem consequatur sapiente nulla. Doloribus odit alias enim odit cupiditate.',1,'2001-06-11 20:23:26','2020-06-25 16:23:56'),(39,190,'Tempora odio aliquam delectus rerum rem.','Vel et eos quas. Reiciendis nemo pariatur eveniet amet quia voluptatem quis earum. Voluptatem eum inventore voluptatem corporis minima odit suscipit laboriosam. Sed molestias perspiciatis accusantium cupiditate. Molestiae aliquam labore commodi aut consectetur iusto asperiores. Quia deleniti iusto doloremque magni nihil ipsum. Quas unde quisquam enim veniam sit rerum. Quia minima et ut quae esse.',1,'1993-02-12 19:43:36','2020-06-25 16:23:56'),(40,26,'Modi recusandae eum voluptatem et.','Sunt beatae ea ut expedita in ea veniam nostrum. Totam sit non dolor vel modi. Mollitia repellendus tempore officiis quibusdam minus vitae magnam. A est et sit. Praesentium pariatur quasi accusantium rerum provident iusto. Incidunt porro dignissimos minima aut. Quis itaque aut est ea earum impedit non magni. Et quaerat magni nobis. Ut et sequi magni velit optio placeat.',1,'1978-09-12 13:09:22','2020-06-25 16:23:56'),(40,129,'Odio saepe molestias rerum.','Qui adipisci debitis consequuntur qui molestias. Non voluptas aut vel est sed. Ab quisquam reprehenderit sunt consequuntur. Consequatur eveniet quam enim velit culpa.',1,'2019-02-15 19:21:39','2020-06-25 16:23:56'),(41,51,'Veniam tempora iusto.','Sed consectetur similique aut voluptatibus accusantium id unde. Est aliquam qui quos cupiditate maiores nihil voluptate. Voluptatem totam aut quisquam necessitatibus sapiente qui quo quia. Commodi expedita culpa et voluptas earum. Nihil veritatis quidem pariatur inventore veritatis. Officia modi veritatis qui et sit quis. Perferendis vel qui consequatur veniam molestias non. Aspernatur error suscipit magni tenetur aspernatur odio. Ullam magni dolorum impedit aliquam eaque sit.',1,'1981-05-31 23:10:06','2020-06-25 16:23:56'),(41,197,'Amet nulla enim expedita.','Accusamus sunt incidunt ut asperiores. Sed beatae et quae quis iusto. Harum et vitae neque voluptas repellendus. Hic a blanditiis quo adipisci est. Consequuntur eius quibusdam quia quia. Dolores eveniet sint non et amet dignissimos tenetur. Voluptatem qui et harum ducimus dolores eius. Perferendis quaerat asperiores iure praesentium et laborum non.',1,'2017-04-27 17:10:00','2020-06-25 16:23:56'),(42,23,'Modi aut nulla praesentium.','Aut et velit ratione enim consequatur velit esse laborum. Veniam ratione commodi aspernatur exercitationem iusto. Qui temporibus eos explicabo possimus eius placeat quas. Quam molestiae aperiam aut commodi et in. Consequatur et eligendi aliquam illum aut ex et.',1,'1998-10-25 00:42:23','2020-06-25 16:23:56'),(42,53,'Voluptas voluptas veritatis ut.','Non ut aperiam quo odit quae. Temporibus molestiae consequatur corporis provident non iste. Maiores odit cum non quasi ut. Mollitia itaque ratione cumque reprehenderit dolorum suscipit nesciunt. Velit aut voluptas harum accusantium laboriosam perferendis. Sit non quibusdam ipsum provident facere itaque in. Nihil architecto qui harum voluptas id culpa est.',1,'2005-09-04 01:39:57','2020-06-25 16:23:56'),(42,60,'Expedita omnis velit nam accusamus sed.','Expedita ipsa repudiandae consequatur fuga enim aut dicta. Consequuntur voluptatem optio dolores est impedit. Perferendis est nisi magni occaecati. Et eligendi velit nihil sapiente nam sed rerum. Repellat quasi deserunt ut aut ducimus deserunt.',1,'1978-05-13 17:25:49','2020-06-25 16:23:56'),(42,68,'Nostrum architecto praesentium.','Consequatur aut facere autem soluta ipsam nihil nostrum. Voluptatem sed provident reprehenderit eius magni. Dolorum debitis iure porro laborum. Tempore expedita qui cupiditate harum nobis quisquam nobis. Tempora sapiente veritatis perspiciatis saepe. Cumque et ratione dolorum et.',1,'1982-07-30 09:28:13','2020-06-25 16:23:56'),(42,134,'Non sapiente vero.','Aut esse illum at fugit impedit suscipit. Temporibus vel nemo nobis dolorem numquam nulla. Ducimus dicta nostrum amet aliquid. At similique accusamus esse est eveniet rerum.',1,'2011-10-04 00:30:30','2020-06-25 16:23:56'),(42,173,'Facilis illum quaerat autem.','Cupiditate ad voluptatem est aut. Voluptatem doloremque velit vitae dolorem vel voluptatem. Eligendi libero ut quia voluptas debitis laboriosam qui assumenda. Quo modi ut minima vitae odit. Est quia et laudantium. Iusto laboriosam iusto occaecati neque consequatur consequuntur. Maiores animi repudiandae necessitatibus.',1,'1999-04-12 13:28:32','2020-06-25 16:23:56'),(43,7,'Ut voluptas illo autem.','Laborum nisi expedita vitae. Et tempora quia provident sapiente molestiae exercitationem odio. Quis deserunt similique accusamus debitis et. Sunt sit maiores voluptas quidem quas laudantium aperiam facere. Eum sunt vel accusantium ea debitis temporibus. Incidunt corrupti et nihil dolorem voluptate sunt sed. Corporis vel dolores omnis eligendi autem repellat minima molestiae. Illo et fuga dolor qui consequatur a optio.',1,'1981-03-06 13:58:59','2020-06-25 16:23:56'),(43,165,'Recusandae laudantium nobis porro in.','Magnam animi harum qui sunt est dolorem maxime. Quos non illo ducimus. Quis iure magnam ut cum temporibus. Quibusdam amet ipsa dolor non eos. Voluptas incidunt aut magni magni velit possimus debitis. Rerum nihil et eos autem voluptates repudiandae totam. Tempore ut et corrupti et fuga nobis. Accusantium rem aspernatur eos ipsam.',1,'1992-03-27 23:53:23','2020-06-25 16:23:56'),(44,2,'Harum omnis qui dolorum sapiente.','Pariatur assumenda vero natus enim ullam rerum perspiciatis. Repudiandae assumenda fugit ut. Suscipit consequuntur ipsum autem. Quia dolorum in aut ut reprehenderit et harum. Atque aut laboriosam dolores tempore dolore.',1,'2000-11-27 21:19:35','2020-06-25 16:23:56'),(44,16,'Veritatis rerum aperiam est.','Atque sunt aliquam a sed velit. Odit qui sit dolor et laborum. Temporibus minima nihil delectus sequi excepturi. Enim mollitia porro est a ut. Distinctio ipsa et quis officia ipsum modi nisi. Odit mollitia laborum molestias aut. Eos pariatur sit voluptatem.',1,'1974-08-06 02:01:09','2020-06-25 16:23:56'),(45,146,'Qui eaque omnis.','Aspernatur eius reiciendis enim ratione sequi eligendi maiores. Non et sed id sapiente. Quae commodi dolor sapiente nulla eum. Cumque ad ut inventore. Aspernatur optio quidem voluptas ipsa natus et magnam. Harum quod quis rerum inventore sequi quo non.',1,'2018-01-16 09:32:22','2020-06-25 16:23:56'),(45,193,'Nihil officia iste ut.','Quos modi et consequatur enim. Rem distinctio quos asperiores saepe architecto voluptates est. Porro iusto vero nostrum voluptatem accusantium esse voluptate. Ea nam quia asperiores delectus eveniet. Et adipisci voluptas numquam distinctio sapiente.',1,'2007-01-17 15:34:09','2020-06-25 16:23:56'),(46,50,'Cupiditate cumque natus animi.','Neque nesciunt nihil maxime qui omnis quia. Architecto tempora nesciunt repellat culpa. Sint sed suscipit voluptas commodi. Dolorum officiis non ullam repellendus expedita. Illo dolor quia libero labore. Maxime nemo incidunt velit voluptatem inventore saepe. Quo magnam asperiores magnam pariatur.',1,'2001-11-15 18:15:09','2020-06-25 16:23:56'),(46,99,'Qui praesentium sed quia recusandae cumque.','Laboriosam beatae corrupti possimus dolores adipisci sunt. Ad omnis dolores et fugit. Quisquam dolore dolorum in corrupti ut aspernatur assumenda. Est voluptatibus est sit. Voluptatem quam ad eaque. Consequatur qui blanditiis aut omnis. Quo perferendis voluptas et corporis vel ut. Et quibusdam ex occaecati doloribus.',1,'2015-08-03 21:05:53','2020-06-25 16:23:56'),(47,123,'Nemo ipsa officia sit.','Vitae alias culpa ipsam. Esse corrupti qui aliquid sint non. Reiciendis reiciendis odio eligendi beatae. Quia doloribus sint debitis est sint nulla ut. Quae dolorum vel nihil consequatur eum et.',1,'1987-09-27 18:35:15','2020-06-25 16:23:56'),(48,14,'Et odit est ipsum.','Iusto dolorem beatae maxime et harum ad voluptatem modi. Ut perspiciatis adipisci excepturi sunt sint distinctio. Nostrum neque nam ut sed voluptas commodi non. Repellat consequatur alias recusandae corporis qui nam eveniet rem. Non excepturi error deleniti. Iste et dicta consectetur expedita ipsa. Ut iusto reprehenderit omnis nulla. Optio commodi laudantium eos aut molestiae.',1,'2001-11-07 14:24:23','2020-06-25 16:23:56'),(48,82,'Dolorem eaque explicabo.','Omnis aspernatur aut ullam veritatis. Assumenda consectetur sed molestias ut sit odio ut eius. Quas quo sint perferendis officiis. Nam doloribus sequi tenetur aut fugiat. Optio quia soluta magnam iusto at. Impedit quia quos totam fugiat.',1,'2011-12-25 21:02:13','2020-06-25 16:23:56'),(48,90,'Enim rem autem quia.','Eligendi est culpa architecto fuga. Provident sed quia et. Autem cum sed molestias modi. Cupiditate unde quos vel enim. Porro sunt quibusdam voluptates atque ut rerum voluptatem.',1,'1982-05-30 16:52:00','2020-06-25 16:23:56'),(48,116,'Et odit voluptate.','Incidunt rerum porro itaque. Debitis et porro a. Quos maiores aut deserunt libero at. Reiciendis natus fugiat repellat fugiat. Quo porro quis rem earum illo voluptates. Nulla dolore ad non dolor qui qui dolore. Omnis aspernatur officiis eveniet est molestiae.',1,'2006-06-15 22:35:30','2020-06-25 16:23:56'),(49,192,'Qui magni quisquam.','Culpa suscipit praesentium natus exercitationem. Explicabo error in voluptatum harum optio saepe autem. Aut vel ut non enim ipsam alias corporis. Et repudiandae labore eaque ea nihil nemo neque. Quia ullam deserunt ut aut dolorem.',1,'2018-11-24 22:56:40','2020-06-25 16:23:56'),(49,200,'Distinctio quae voluptatum ullam.','Corporis repellat ex aut adipisci. Qui culpa est dolor animi nostrum rem voluptatem a. Et dolorem reiciendis rerum nostrum. Temporibus explicabo quae fugit et delectus ratione. Ut sit veritatis consequatur reprehenderit vitae. Temporibus eos non aut. Nisi impedit ut aut nulla. Consequuntur explicabo perspiciatis saepe porro autem laboriosam voluptatibus iure. Rerum laborum temporibus iusto reiciendis excepturi quisquam hic similique.',1,'2014-10-28 02:09:07','2020-06-25 16:23:56'),(50,22,'Voluptas aliquid ut ea officia.','Aspernatur necessitatibus ullam eos omnis non debitis. Et perspiciatis quae adipisci quo ducimus. Perferendis sed delectus recusandae. Et molestiae et id error id a expedita id. Qui eos non quisquam omnis veniam. Rem doloribus fugiat ab nisi eos quas laborum.',1,'1975-04-05 23:14:00','2020-06-25 16:23:56'),(50,112,'Assumenda autem aut repellat illo accusamus.','Exercitationem accusamus explicabo excepturi id. Rerum illum quo a enim. Harum molestiae est quia non eos. Dolores voluptates est culpa et. Iure at reiciendis aut harum. Mollitia amet dolores voluptas sit cumque dolor asperiores. Saepe culpa assumenda ullam iste temporibus harum. Ea dolores sint dolorum.',1,'1988-10-25 12:50:02','2020-06-25 16:23:56'),(50,162,'Repudiandae debitis soluta et illum.','Voluptatem qui voluptatibus sint assumenda molestias. Nemo quae qui similique molestiae. Ut ut quia expedita qui magnam est. Repellat quis delectus quam. Recusandae eaque quia quae nihil. Qui vero consequatur molestias modi tempore.',1,'1982-06-24 22:29:03','2020-06-25 16:23:56'),(50,168,'Odit qui asperiores eum.','Accusamus est nesciunt saepe in. Atque illum sed aut quasi adipisci ipsa enim. Nostrum est aspernatur vel voluptas animi aut aut. Dolore et minus voluptas minus. Libero quasi consequatur aliquam voluptates beatae ut.',1,'1992-02-17 12:15:15','2020-06-25 16:23:56'),(51,35,'Libero molestias aut.','Repellendus culpa fuga incidunt. Corporis consequatur sint aperiam beatae inventore. Earum quibusdam esse non placeat sapiente optio. Cum quis quam expedita quasi doloribus non. At esse aliquid sit.',1,'2013-05-20 11:24:47','2020-06-25 16:23:56'),(51,62,'Inventore aliquid corporis nemo.','Natus aut recusandae repellendus vitae enim reiciendis occaecati ex. Aut dicta culpa enim et dolor ad impedit ut. Quia officiis sit mollitia et. Nisi id omnis et beatae. Mollitia recusandae rem repellat qui non incidunt dolor deleniti. Est sed excepturi aperiam omnis voluptates iure.',0,'1998-08-08 06:59:46','2020-06-25 16:25:29'),(51,93,'Dicta est magnam minus.','Harum ipsam quibusdam laborum. Vitae aspernatur et facere adipisci illum corrupti voluptas. Quidem eos quia deserunt earum modi adipisci eos. Magni ducimus sed veritatis provident omnis non fugit culpa. Quod non quo qui totam. Quia cum accusamus neque delectus quia eveniet nesciunt. Harum esse explicabo ipsa. Ex autem cupiditate hic tenetur.',1,'1974-07-25 02:46:54','2020-06-25 16:23:56'),(52,84,'Natus officia sequi sequi.','Quidem dolores sapiente nisi earum. Dolor incidunt fuga exercitationem unde sunt velit suscipit. Magni facere nemo eligendi optio tempore. Atque et ducimus ut earum soluta sint sint esse. Officia accusantium sit molestiae et sint culpa tenetur. Distinctio reprehenderit est officia. Ut aut quod saepe iure. Id non atque sed hic.',1,'1985-04-20 09:15:54','2020-06-25 16:23:56'),(52,175,'Nihil deserunt molestiae exercitationem voluptates.','Vero dolorem blanditiis aut corporis architecto voluptas. Id veniam doloribus est ipsum. Fugit est maiores non sint tempora voluptates. Ut laboriosam omnis similique eaque quae aspernatur perferendis. Dolorem iste reiciendis inventore. Animi atque corrupti consequatur nisi aliquam earum nam. Alias aut laborum laborum quo excepturi. Sint praesentium ea et distinctio.',1,'1990-02-08 02:50:56','2020-06-25 16:23:56'),(53,74,'Nihil qui et ab porro.','Nesciunt dolorem id occaecati. Ut suscipit impedit soluta soluta. Minus ut porro odit dolorem aperiam ea. Rerum modi suscipit quia voluptas ipsa omnis deserunt. Voluptatem velit consequatur et quo cum libero ea. Corporis adipisci nihil temporibus qui. Ex quidem sapiente nihil dignissimos nostrum debitis.',1,'1987-09-25 17:52:22','2020-06-25 16:23:56'),(53,174,'Corporis voluptates aut explicabo consequatur.','Et aut et quibusdam consequatur qui veritatis. Dicta aperiam harum ipsum repellendus placeat eveniet ut. Ipsa fuga non molestiae. Consequatur et fugit excepturi alias culpa ipsum quia optio. Sequi aperiam fugit eum necessitatibus non fugiat sunt minima. Illum cumque architecto aut aperiam repellendus. Voluptate tempore quas quia magnam. Molestiae incidunt odit quis recusandae debitis optio magnam.',1,'2002-01-07 14:46:10','2020-06-25 16:23:56'),(54,31,'Ab inventore totam voluptas numquam sit.','Aliquam et magnam nesciunt in sequi perspiciatis laborum. In molestiae numquam perferendis repellendus non. Veniam laudantium libero sit minima in eaque. Animi in id alias ipsum ratione veritatis. Corrupti minima non quia illum praesentium et soluta. Recusandae accusantium repellendus qui repellat est. Aliquam commodi nihil delectus reprehenderit repudiandae eum quia repellendus.',1,'1985-11-09 22:08:51','2020-06-25 16:23:56'),(54,65,'Voluptatum dolor tenetur reprehenderit quae.','Repellat consequatur ipsam dolorem aliquid mollitia dolorem quam quam. Provident dolores cumque modi nulla reiciendis voluptate ducimus sint. Ut vero ut nemo neque. Possimus in expedita repellendus debitis. Dolor quam possimus asperiores architecto nobis.',1,'1991-07-09 22:00:29','2020-06-25 16:23:56'),(54,130,'Quidem et qui eligendi.','Sed ut rerum rerum culpa autem architecto autem debitis. Tenetur delectus cupiditate consequatur omnis tenetur molestias possimus. Quidem vel labore repudiandae et totam voluptatum perferendis. Cupiditate et molestias iusto repellat nam labore. Voluptatum et et sit fuga voluptatem nisi voluptatem.',1,'2016-12-30 02:41:39','2020-06-25 16:23:56'),(55,64,'Dolore earum dolorum.','Et possimus illum soluta et sit quia reprehenderit. Omnis et quos eveniet illo rerum. Et aliquid odit consequatur. Maxime dolor et sunt quod quaerat sapiente velit ea. Fuga praesentium necessitatibus ea incidunt incidunt. Consequatur doloribus vel ut debitis harum perspiciatis voluptas. Maiores esse non non aut.',1,'1994-12-22 10:49:28','2020-06-25 16:23:56'),(55,83,'Suscipit dolores iusto voluptates.','Quas at debitis est eaque repellendus. Maxime unde voluptates reprehenderit asperiores. Harum et beatae at nemo ipsum autem possimus. Neque ad nesciunt nesciunt dolores exercitationem rem natus qui. Odio dolor nesciunt blanditiis ex. Odio hic quisquam et dignissimos non.',1,'2017-01-15 20:52:12','2020-06-25 16:23:56'),(55,143,'Similique inventore et architecto.','Impedit aliquam aut quia aut ad velit accusantium. Quia ipsam non earum adipisci dolores atque autem. Accusantium provident ipsam voluptatem voluptatem repellendus ex id velit. Nesciunt et suscipit asperiores officiis est. Voluptas ut pariatur quas omnis facere. Accusamus et illo quisquam facere. Nesciunt distinctio nam est. Impedit cumque aut ea dignissimos dignissimos provident et facere.',1,'1993-02-04 01:20:19','2020-06-25 16:23:56'),(56,56,'Vitae quasi perferendis.','Consequuntur aliquid in nisi perferendis quasi qui. Ut est est hic voluptas facilis. Hic hic sapiente maxime sit minus vel. Consequatur culpa voluptatem fugit. Sed sit fugit ipsam nihil atque. Neque sint delectus doloremque assumenda hic nulla.',1,'1978-06-12 17:42:19','2020-06-25 16:23:56'),(57,65,'Optio eius dolorem eos odio.','Saepe odio adipisci corrupti itaque debitis quibusdam. Maxime quas delectus excepturi corporis et qui non. Qui et rem vero et recusandae officia. Nulla dolores et autem sint est voluptatibus soluta. Et quas reprehenderit dolor quia. Est labore rerum maiores praesentium explicabo. Dolores molestiae voluptates quia. A praesentium repudiandae magnam itaque eius.',1,'2008-07-29 18:50:40','2020-06-25 16:23:56'),(57,70,'Modi repellendus sint hic vel.','Facere perspiciatis ad omnis quod iusto minima autem. Facere aspernatur blanditiis debitis voluptates ducimus quia. Nesciunt omnis id delectus quidem. Molestias repudiandae officia repudiandae dolor. Dolores cum et et tempora. Animi officiis qui qui nemo voluptatum vero temporibus. Rerum quod soluta amet et.',1,'1987-11-28 22:47:14','2020-06-25 16:23:56'),(57,96,'Corporis eius aspernatur et.','Reprehenderit ut in animi deserunt. Vel dolores ut atque similique eveniet. Consequatur numquam iste dolorum doloribus. Velit aut aperiam perferendis voluptatibus nesciunt. Incidunt eaque magni sed non. Sint esse nisi aut laborum.',1,'1999-06-16 09:43:01','2020-06-25 16:23:56'),(57,99,'Et repellat dolore est maxime reiciendis.','Fugiat eum quis natus omnis odio nemo ex. Officiis eum provident autem minus deserunt quo. Quidem id laborum sed omnis blanditiis asperiores quo. Inventore autem alias asperiores nisi facilis. Et aliquid non corporis et iure atque. Facilis vero mollitia incidunt voluptas beatae cumque modi.',1,'1979-10-25 10:07:16','2020-06-25 16:23:56'),(57,119,'Enim temporibus tempore deleniti.','Quos architecto nostrum delectus ea alias facilis. Repellat impedit deserunt minima cupiditate facere quibusdam amet. Eveniet nisi aperiam delectus quidem. Est dolore sint consequatur reiciendis id corrupti.',1,'1975-01-17 05:43:43','2020-06-25 16:23:56'),(58,193,'Facere odit blanditiis eveniet perferendis et.','Illum a exercitationem sed quis aliquid tempore quis ducimus. Quis impedit et ullam sed non distinctio alias. Earum architecto nesciunt modi aut. Veritatis est est ipsam quis aliquid assumenda voluptate. Architecto perferendis aliquam distinctio non. Id veniam aspernatur voluptas itaque modi. Architecto molestias possimus temporibus officiis. Autem tenetur rerum illo quae perferendis dolorum. Eum illum animi aut ut magnam dolore.',1,'1981-07-20 18:52:34','2020-06-25 16:23:56'),(59,110,'Molestiae ut quia quam tempore.','Et odio voluptate quia qui qui tempora temporibus. Non in molestias ad. Rerum aut voluptatem qui ut earum dolor. Et laudantium dolorum culpa neque sunt autem harum quia. Distinctio quibusdam earum suscipit quo dolor id inventore. Officia et animi iste sed.',1,'1980-03-23 03:53:31','2020-06-25 16:23:56'),(59,115,'Omnis dolore odio dolor nemo.','Voluptas eos consequatur nobis repellat. Soluta est quae deserunt quas veritatis dolorum officia. Pariatur quidem aliquid nisi dolor. Ratione laudantium maiores aut temporibus voluptatum ea sequi doloribus. Et illo omnis vel nihil ducimus voluptatem distinctio aut.',1,'2005-12-26 03:34:33','2020-06-25 16:23:56'),(60,181,'Quas nulla doloremque et praesentium esse.','Laudantium inventore qui qui quis exercitationem fugiat reprehenderit. Officiis et sit et facere provident tenetur quisquam. Consequatur consequatur sed quam consequatur maiores. Sit saepe quia corrupti iure quisquam veritatis. Ut officiis impedit id rerum.',1,'1972-05-19 18:19:22','2020-06-25 16:23:56'),(61,7,'Qui eos provident.','Vero sed error velit architecto quis voluptas vel. Facere consectetur distinctio est. Quisquam enim fugiat est quos. Iure sint error in vel accusantium. Vel voluptate assumenda non ducimus quo fuga. Praesentium eos voluptas suscipit eveniet pariatur.',1,'1998-11-11 15:37:18','2020-06-25 16:23:56'),(61,129,'Praesentium beatae ex accusamus et.','Quos voluptas nisi inventore ducimus atque et aliquid qui. Porro sed corrupti quia dolores ut animi. Enim voluptatibus quia reiciendis doloribus eius aperiam quia. Voluptatem ut odit quaerat est modi voluptatem alias. Alias ipsam itaque eius qui voluptas. Dolores eos exercitationem vel est et consectetur ea. Nihil officia consequuntur quis adipisci magnam. Voluptatibus eaque molestiae ipsa consequuntur atque aperiam nesciunt voluptas.',1,'1996-02-24 14:40:47','2020-06-25 16:23:56'),(62,37,'Quidem et repudiandae dicta consequatur est.','Voluptas reprehenderit quo ipsa hic earum. Quis ut nulla ipsa molestias. Officia soluta saepe rerum harum placeat ipsa. Rem dolore dolores molestias veritatis cumque eum pariatur. Inventore itaque deserunt quo saepe aut laudantium. Perspiciatis ut laborum quia esse ducimus placeat est. Aperiam veniam animi fuga perferendis rerum id. Ea aspernatur ab voluptatem natus.',1,'1995-11-29 16:53:52','2020-06-25 16:23:56'),(62,183,'Iste eum dolore magni culpa sed.','Harum rerum et eum quia. Quas culpa voluptatem error beatae ex voluptatem. Temporibus voluptatum ea quidem hic non quae. Consequatur sit et earum nemo. Maxime quia sit quidem consequatur maxime. Pariatur maxime sit eos occaecati commodi aut ex iure.',1,'1988-03-21 10:06:54','2020-06-25 16:23:56'),(63,1,'Voluptatem nam nesciunt.','Qui quis ut consequuntur ut est. Officia quis repudiandae aut voluptatum. Dolorem ut rerum minima quis dolor odio fugit. Sint et qui qui quia neque eos non deleniti. Temporibus eius aut consequuntur neque.',1,'1982-05-14 05:41:20','2020-06-25 16:23:56'),(63,22,'Assumenda ipsum optio sapiente.','Nobis et doloremque aperiam perferendis sit reiciendis quo ad. Sed non ut dignissimos quis doloribus nulla. In nam est et incidunt doloribus repellendus. Sint asperiores nisi minus incidunt. Ut incidunt autem error.',1,'1999-07-08 00:18:10','2020-06-25 16:23:56'),(64,186,'Est veniam voluptate.','Sint tenetur sequi reprehenderit alias est sit aut. Quae sequi est necessitatibus illo unde eligendi nam. Qui sunt amet ut autem. Voluptatem porro itaque cumque molestias enim ut. Consequuntur tempore quo ex ratione suscipit. Reiciendis rerum voluptatem voluptatum rerum et aspernatur aliquam. Ea molestias consectetur debitis blanditiis aut accusantium.',1,'2010-11-18 18:02:16','2020-06-25 16:23:56'),(65,23,'Voluptatum enim est rerum.','Et dolores architecto aut minima non tempore optio laboriosam. Occaecati dicta nulla praesentium officia aut. Nulla dolore occaecati dolores fugit et omnis. Perspiciatis libero qui eum enim.',1,'1991-05-06 07:34:46','2020-06-25 16:23:56'),(65,44,'Nam quidem quam facere labore.','Quos reprehenderit ut sunt debitis officiis impedit. Nemo qui possimus nobis quos alias ea rerum. Et laborum aut ut accusamus vel illo. Aut doloremque velit totam possimus quia. Eos ut est mollitia exercitationem delectus aut officia omnis. Impedit in odit odio modi. Nulla ad eum eos ducimus. Dolorem quasi distinctio quis enim ipsum voluptatum reiciendis.',1,'1981-05-09 11:12:18','2020-06-25 16:23:56'),(65,120,'Est et molestias soluta voluptate.','Exercitationem dolorem ipsa sed quia. Vitae non eum quia qui ut similique nulla facere. Repellendus id ea reprehenderit aut consequatur vitae eum doloremque. Reprehenderit maxime quia et adipisci aut aperiam. Consequatur fuga sed voluptatum tempora earum.',1,'1973-05-11 13:24:54','2020-06-25 16:23:56'),(66,33,'Explicabo sunt dolores possimus voluptatem.','Fuga explicabo mollitia numquam dolor. Eveniet autem temporibus vel sed atque id mollitia expedita. Illum voluptas consectetur sint assumenda assumenda eveniet. Enim consequatur asperiores autem repellendus earum dolores quae. Voluptas magni et quidem dolores id molestiae. Praesentium adipisci ea impedit nihil est voluptas. Pariatur aut ullam dolorem nam assumenda incidunt. Eum rerum optio et est sint quo. Voluptas aperiam animi qui dolorem autem quas et.',1,'1971-09-03 18:25:17','2020-06-25 16:23:56'),(66,53,'Dolor natus ab.','Repudiandae corrupti sequi inventore neque velit quae in. Eveniet impedit est maiores asperiores ut. Est omnis ipsam est voluptatem sit at. Aut a libero cum labore assumenda nobis. Nesciunt quis vitae neque provident consequuntur. Consequuntur nostrum qui praesentium ipsam. Sit voluptatibus nisi omnis id sint accusantium. Sed quidem distinctio qui repellat fugit voluptate.',1,'1974-07-18 14:06:48','2020-06-25 16:23:56'),(66,126,'Omnis quibusdam qui cum.','Rerum quam blanditiis sed perspiciatis expedita rerum magni sit. Perspiciatis dolor porro quae dolorum. Eaque consectetur veniam quia animi est impedit. In ex dicta molestiae atque nihil autem. Dolor qui voluptatum officiis et aspernatur. Excepturi ut sint et nam modi. Laudantium rerum minus suscipit adipisci dicta odit. Vero minima rerum nostrum. Non vero distinctio accusantium pariatur et reiciendis.',1,'1980-09-29 12:05:11','2020-06-25 16:23:56'),(67,3,'Perferendis voluptatum maiores aliquam.','Accusamus voluptatibus doloribus ullam corporis omnis. Nobis voluptates tempore autem quo facere dolor. Qui est eaque recusandae porro asperiores quia. Qui debitis esse eos. Quia blanditiis libero omnis est possimus dolorem. Quasi consequuntur veniam impedit dolorem.',1,'1971-10-31 22:39:29','2020-06-25 16:23:56'),(67,42,'Consequatur in incidunt sint ut.','Recusandae optio sit ut qui ipsam voluptatibus illum. Eligendi occaecati debitis explicabo. Consequatur voluptas similique delectus deleniti et iusto perspiciatis. Tempora doloremque omnis vitae voluptatibus et et nulla est. Aut dicta expedita expedita autem distinctio consectetur aut. Illum sunt quos neque deleniti eum. Et sunt et aut delectus reiciendis est. Accusamus sint debitis qui dolorem aut quo aut. Voluptas dolorem provident ea similique atque.',1,'1982-10-12 18:18:34','2020-06-25 16:23:56'),(67,65,'Sint repudiandae maxime ratione debitis maxime.','Qui adipisci impedit sed similique ipsam perferendis iusto. Quaerat ut maxime nobis nemo quo. Neque accusamus minus modi iste rem non soluta. Quos expedita veritatis ea sint quis aut quod. Non reprehenderit consequatur tempora quaerat repellendus. Magni et fugiat id. Facilis nihil accusantium voluptatem. Ea ut reiciendis soluta earum voluptatem aliquid.',1,'1978-10-13 04:30:41','2020-06-25 16:23:56'),(67,100,'Vitae esse tempora recusandae occaecati.','Dolorum dolor enim incidunt ullam cupiditate quae quis. Sint vel incidunt in et optio iure sint. Rerum veritatis quos cupiditate qui nihil blanditiis. Aut vel saepe id consectetur voluptatem consectetur. Cum et architecto aut magnam voluptatem accusamus et dolorum. Excepturi sed a ut et qui sunt ut. Omnis quo amet possimus est velit.',1,'2008-08-07 11:46:57','2020-06-25 16:23:56'),(67,181,'Facilis quia dolores aliquid.','Voluptatem culpa nemo vel ullam quo magni. Ratione at similique architecto officiis. Dicta sequi accusamus maiores odio itaque ad. Praesentium cum enim reiciendis at iure id. Error ducimus ratione quod porro voluptatibus. Quia hic veniam est ab harum occaecati. Explicabo vel ex quia.',1,'1987-04-15 21:59:26','2020-06-25 16:23:56'),(68,76,'Eaque iusto voluptatem autem sit.','Nulla eius atque et sit eveniet. Qui cumque omnis dolorem cupiditate dolore non. Temporibus soluta quis excepturi omnis et omnis omnis. Explicabo rerum et mollitia consequatur assumenda. Labore soluta similique dignissimos aut fugit tempore ex. Velit corrupti facilis rerum voluptates. Qui quos est impedit eum ipsum.',1,'1985-02-28 02:24:25','2020-06-25 16:23:56'),(69,124,'Enim qui perferendis omnis placeat.','Et perspiciatis laborum omnis vitae ea voluptatum sed. Doloribus explicabo recusandae velit consequuntur et. Quis eum quam ea consequuntur iusto qui aspernatur. Ut velit asperiores et. Ipsam et eum omnis voluptatibus explicabo sit similique. Distinctio iste enim modi aut rerum delectus. Laborum fugit ut possimus impedit voluptas natus. Quo aut recusandae eos laboriosam et perferendis est. Distinctio nihil ullam ut itaque libero velit.',1,'2002-08-20 08:32:58','2020-06-25 16:23:56'),(70,10,'Illum et ut et adipisci.','Fuga facere ut voluptas qui quae doloribus id. Non quod veritatis aut omnis perspiciatis est ut. Aspernatur in ratione facere illo. Et veritatis voluptatum a sed tempora ducimus. Nesciunt ad recusandae illum sapiente est. Autem earum magni repellendus fugiat quo omnis.',1,'1979-06-13 15:45:43','2020-06-25 16:23:56'),(70,15,'Velit aut non non ipsum in.','Quia blanditiis quidem accusantium eum. Autem nostrum eos dolor non qui. Laudantium deleniti inventore dolore voluptatem cumque ut nihil. Voluptates nam explicabo minus est aperiam doloremque. Ipsam quam quaerat voluptatum sed et.',1,'1974-01-23 14:32:50','2020-06-25 16:23:56'),(70,148,'Enim iusto eaque hic enim nostrum.','Non impedit modi et rem et. Dignissimos inventore voluptatem beatae corrupti. Sed quas ad ea officiis animi id molestiae. Eum repellendus magnam quaerat accusamus non laboriosam. Et vel ad quidem quia id. Et eveniet quia eius nesciunt est quaerat repudiandae. A dolores rerum numquam repellendus vel amet qui quod. Minima possimus nihil beatae adipisci autem ut dolores.',1,'1976-12-31 14:57:36','2020-06-25 16:23:56'),(71,157,'Quia sit ut.','Qui itaque aliquid velit sequi et velit nesciunt. Optio consequatur odio nemo repellat temporibus qui. Iure repudiandae omnis unde recusandae sit aut enim non. Eos numquam sit vitae omnis et quis quasi. Voluptas eos in repellendus est. Sequi est praesentium culpa velit aut. Assumenda in est inventore nobis.',1,'1974-07-18 22:22:36','2020-06-25 16:23:56'),(71,169,'Aut in ducimus.','Quos odio at laborum minima eligendi vitae blanditiis ea. Libero illum quibusdam aut fugit quod. Quisquam culpa molestias quo ut ut et. Porro vel temporibus nostrum aut aut.',1,'2017-09-12 18:31:23','2020-06-25 16:23:56'),(72,38,'Consequatur perspiciatis dolores labore quia.','Sed deserunt necessitatibus sapiente aut enim minima. Illum error eos mollitia quos nihil repudiandae in. Nihil qui aut non reiciendis nam at. Porro est autem optio. Velit inventore tempora eos consequuntur iure quo nesciunt.',1,'1983-08-07 18:43:41','2020-06-25 16:23:56'),(72,48,'Consequatur autem velit aut voluptas.','Adipisci reprehenderit aut aut unde. Eligendi iure corrupti repellendus voluptas at. Assumenda modi modi tempora maiores. Veritatis ab dolorem non accusantium quo dolorum esse repellat. Sit natus ut et iste. Incidunt quidem modi aspernatur nulla. Repellat dolores non provident atque dicta ad. Voluptatem enim placeat doloribus autem error.',1,'1984-01-24 15:57:19','2020-06-25 16:23:56'),(72,76,'Eum reiciendis tempore eaque delectus.','Nihil quaerat voluptatem rerum placeat non sapiente debitis. Molestias atque fugiat mollitia alias dolores rerum a. Necessitatibus nesciunt harum velit corporis. Et tempore suscipit corrupti ad qui ab in ut. Est ex enim voluptatibus et quis incidunt ea. Quo nesciunt qui iusto qui id nam. Odit laboriosam soluta velit laudantium et eligendi veritatis sed.',1,'2013-09-04 13:10:44','2020-06-25 16:23:56'),(72,111,'Reprehenderit eius sit perferendis molestiae blanditiis.','Maiores et ratione ut sit odio inventore molestias. Ratione vero illo facere quod sit mollitia corrupti deleniti. Architecto aut expedita nesciunt vero atque. Aut illum aut culpa exercitationem quas odit ea.',1,'1970-11-15 07:45:48','2020-06-25 16:23:56'),(72,135,'Consequatur asperiores harum vitae blanditiis at.','Labore voluptatibus eligendi ea ad voluptatibus unde eaque alias. Consequuntur necessitatibus perferendis ut et sint doloribus quas. Et eius et quam inventore ipsa. Quas est cumque et nihil autem. Aut aut inventore molestias qui.',1,'1981-08-09 16:52:16','2020-06-25 16:23:56'),(73,19,'Nobis voluptatem accusamus aspernatur.','Rerum ratione ut consectetur odit hic explicabo. Qui nihil assumenda explicabo repellat est facilis. Est odit aut unde aspernatur repudiandae. Provident reprehenderit repellendus perferendis. Enim cum quo aut aliquam nulla temporibus molestiae. Corporis debitis fugiat recusandae expedita sapiente totam placeat. Eum eligendi doloremque fugiat perspiciatis et quidem.',1,'1984-07-06 17:08:32','2020-06-25 16:23:56'),(73,119,'Maxime ut voluptas.','Inventore rerum aperiam labore et est voluptatem voluptas. Aut molestias quibusdam deserunt ipsum molestias laudantium. Et numquam dolorem quia quo sunt architecto tempore. Minus deserunt ut laboriosam omnis a. Soluta est quia ipsam ut necessitatibus. Sed iusto illum fuga. Quibusdam deleniti qui ratione modi eveniet architecto dolores. Libero voluptas odio enim corrupti ut tempore quod. Perferendis voluptatibus ducimus omnis adipisci officiis qui est officiis.',1,'2015-06-25 06:55:49','2020-06-25 16:23:56'),(73,176,'Animi est illo velit eligendi fuga.','Repudiandae quibusdam optio ut a magnam. Doloremque sit quam ut asperiores unde porro. Totam autem magni non illo dignissimos deleniti voluptatibus. Sint dicta ex modi et temporibus vitae. In nobis ullam tempora quisquam ipsum eveniet repudiandae. Consequatur enim cupiditate adipisci tenetur similique et. Repudiandae ut sit ut placeat perspiciatis. Mollitia ullam reiciendis placeat et. Explicabo error est temporibus omnis porro molestiae ratione.',1,'2001-11-11 14:02:48','2020-06-25 16:23:56'),(73,196,'Voluptatem sed fuga ea.','Quaerat dolorem occaecati praesentium. Voluptas expedita sed commodi atque. Assumenda excepturi deserunt eos deserunt aperiam et fugiat. Asperiores quisquam possimus ipsam est quaerat dolorum. Qui atque nemo tempore et voluptatum pariatur rem. Pariatur facere esse consequatur dolorem. Laudantium vel autem praesentium aut deleniti. Dolor ut exercitationem ad.',1,'1997-03-11 14:14:32','2020-06-25 16:23:56'),(74,67,'Omnis illo quae vero iusto.','Ea tempore est et velit enim. Natus dolor labore et debitis aut sed. Minus possimus vitae inventore non. Fugit id beatae nostrum quaerat nam. Ad a eos at. Corrupti delectus molestiae soluta explicabo ut.',1,'2012-06-17 11:28:58','2020-06-25 16:23:56'),(74,97,'Possimus consequatur iure.','Dolor eius quis aut id repellendus est inventore. Et rerum non deleniti unde error quisquam quas. Sit et et facere repellat placeat et ullam. Accusantium qui qui consequatur et quis doloribus et in. Enim omnis fugit optio distinctio molestias. Aut tempore ducimus quisquam. Qui in repellendus numquam nemo molestiae excepturi et laborum. Necessitatibus odio necessitatibus hic quia deleniti accusantium ullam.',1,'1982-01-09 03:00:52','2020-06-25 16:23:56'),(74,118,'Temporibus dolore ipsa repudiandae.','Ut debitis nisi sed impedit voluptate in molestiae. Voluptas enim illo ea aliquam quos id. Eius provident consequatur sed qui blanditiis explicabo. Animi aut numquam sapiente est. Non voluptatem molestias exercitationem dolor. Sit qui quidem adipisci aliquam voluptatem voluptatem odit iusto.',1,'1998-11-29 11:48:03','2020-06-25 16:23:56'),(74,136,'Veniam et temporibus possimus.','Veniam vitae qui officia et. Nostrum velit expedita odio eveniet consequatur minus corrupti cum. Qui dolores rerum voluptas consequatur. Voluptatem qui sunt assumenda eius. Et aut quasi ducimus delectus voluptas quo iste. Optio excepturi assumenda animi nihil possimus porro.',1,'1978-01-21 01:11:27','2020-06-25 16:23:56'),(75,182,'Quam vitae illum illo sapiente.','Qui est esse sit aut voluptate. Et laborum voluptas ratione aut aut eum ex quia. Distinctio veniam distinctio odio ut voluptatum voluptas atque. Incidunt sunt eum quis odio aut eum illo qui. Explicabo mollitia soluta debitis quo. Omnis dolores aut quos magni voluptas et.',1,'2006-08-03 19:59:55','2020-06-25 16:23:56'),(76,161,'Adipisci cupiditate est.','Velit amet dolores voluptas sint ut. Omnis perferendis dicta placeat non ea dolorem. Vel voluptatum laboriosam rem. Sunt minima error magnam voluptatem consequatur ducimus. Ex et voluptas quibusdam eaque mollitia omnis. Cupiditate voluptatibus qui debitis odio doloremque quisquam. Deserunt excepturi dolorem alias eum qui sed at sint. Iure aut placeat nemo et commodi dignissimos adipisci voluptate.',1,'1981-11-17 20:27:36','2020-06-25 16:23:56'),(77,2,'Et et cum omnis odit.','Sed dolorem ipsum possimus aut voluptatum sint. Consequatur illum mollitia eaque voluptatem eum. Repudiandae praesentium qui vel illum. Et repellat fuga et voluptatem deserunt eum culpa ducimus. Reiciendis fuga provident animi molestias dolorem illo consectetur. Atque aut deserunt veniam corrupti necessitatibus numquam quis. Veritatis nemo rem quod eum. Quia ullam beatae laborum totam. Minus corporis quos enim veritatis aspernatur iusto.',1,'1996-06-07 18:14:21','2020-06-25 16:23:56'),(77,6,'Eveniet eius officia dolores et incidunt.','Dolorem assumenda molestiae explicabo illo temporibus. Recusandae ea aut aspernatur illo et quia qui. Nobis debitis error exercitationem fuga aut nostrum. Nisi ex voluptatem esse rerum qui et. Perferendis amet voluptatem ipsum occaecati quasi in laboriosam repellendus. Voluptatibus voluptatem rerum in cupiditate.',1,'2015-03-19 05:08:18','2020-06-25 16:23:56'),(78,188,'Rerum eligendi laborum et illum.','Suscipit et eum omnis quas consequuntur quidem. Cumque eos accusamus minus necessitatibus quo. Dignissimos occaecati mollitia vel officiis facere molestiae temporibus. Ut dolores nihil dolore modi quisquam error dolorem. Sint voluptate dolores ipsam amet. Eveniet delectus cupiditate dolorem voluptatem. Maiores omnis aut modi magnam odit in doloribus.',1,'2005-01-07 09:42:24','2020-06-25 16:23:56'),(79,156,'Dolores eaque nisi.','Occaecati repudiandae exercitationem molestiae voluptatem. Enim in quia rerum quidem unde. Corporis provident voluptatem ut voluptatum. Voluptatem perferendis blanditiis inventore recusandae et quia facere. Voluptate dolores cupiditate ipsa hic qui. Culpa neque a voluptates exercitationem vitae.',1,'1976-01-18 18:02:02','2020-06-25 16:23:56'),(79,159,'Non iure et minima eligendi.','Rerum suscipit dicta vel sit magni neque earum. Voluptatem officiis a unde rem. Excepturi enim ut expedita reprehenderit repellat. Distinctio odit velit sit repudiandae quos. Est corporis ab ipsam ducimus. Modi explicabo quia et saepe aliquam sed. Voluptates amet sequi repellat enim eos fugiat non.',1,'2019-09-27 12:25:37','2020-06-25 16:23:56'),(79,177,'Veritatis nihil aut.','Illum rem incidunt accusantium possimus. Sed sed molestias est enim qui. Voluptate omnis vero illum sapiente alias repudiandae sint. Et est qui unde quia facere eius in. Temporibus ea sit voluptatem. A voluptatum ipsum molestiae aliquid optio aliquam. Cum et ab ipsum dignissimos. Fugit alias dolorum dolor sint officia.',1,'1987-01-28 01:51:10','2020-06-25 16:23:56'),(80,62,'Ut adipisci unde delectus beatae.','Facilis est neque vero dolores inventore illum. Sed et non ut commodi. Id totam magni beatae accusantium. Harum perferendis placeat ut maiores. Quos dolorum deleniti sed veritatis dolorem amet rerum. Accusamus id recusandae sint. Doloremque facilis quibusdam sunt quibusdam officia ea animi.',1,'1973-08-21 17:21:17','2020-06-25 16:23:56'),(80,90,'Non esse fugit dolorem.','Nesciunt sint et quasi incidunt. Commodi adipisci inventore cumque necessitatibus amet porro rerum excepturi. Earum corporis ea unde voluptatibus ducimus omnis aspernatur. Saepe quia dolor et. Ex et in neque maiores. Voluptas officia ipsa eveniet officia ullam est. Hic laboriosam consequatur voluptates recusandae dolores corporis mollitia cumque.',1,'1996-07-10 17:04:44','2020-06-25 16:23:56'),(81,168,'Sed vero eveniet accusantium accusantium.','Esse sapiente nesciunt pariatur est. Hic maxime labore commodi culpa unde saepe. Quisquam doloremque dolor vero quo nulla. Omnis fugit exercitationem dolores voluptas alias sit. Quis beatae dolorum aut autem quod eos voluptatem. Aut harum molestiae vel quae veritatis. Cum nostrum illum culpa molestiae recusandae recusandae saepe.',1,'1987-03-25 08:03:00','2020-06-25 16:23:56'),(82,61,'Dolor at exercitationem aliquid.','Explicabo quos ut et consequatur quo. Facilis quia ea nam hic voluptatibus et enim. Quia architecto dolorem cumque eum. Culpa sequi sit quia harum natus sit officiis quia. Molestias provident et unde quo saepe. Quasi magnam debitis non perferendis officiis quasi autem expedita. Ut laboriosam ea dicta dolorem et et. Sed ab nisi iusto fugiat sint consequuntur molestiae. Laudantium odio harum sed et veniam.',1,'2008-11-23 23:47:12','2020-06-25 16:23:56'),(82,74,'Velit qui qui aperiam iusto facere.','Atque unde rem autem vero at rerum. Voluptates quae rerum ab est sunt ad. Praesentium praesentium impedit quis fugiat vel praesentium. Dolorem perferendis nobis dolor. Tenetur dolores vel quis provident explicabo laudantium. Reiciendis exercitationem eaque voluptatem temporibus atque doloremque. At ut ipsum voluptatem amet qui. Repudiandae quos suscipit laboriosam. Consequuntur magni illo eos voluptatum.',1,'2001-05-21 14:53:16','2020-06-25 16:23:56'),(82,98,'Laborum distinctio minima ducimus.','Voluptates error laborum nulla ea voluptatem in rem. Sequi unde quia perspiciatis eaque quisquam saepe suscipit. Aperiam quia molestiae temporibus quod rerum. Et labore officiis natus non tempore et quasi. Harum explicabo eaque rerum itaque est. Tempora et error deleniti est eum ex. Iste vel iure dolore aperiam qui.',1,'1981-05-02 23:24:47','2020-06-25 16:23:56'),(83,34,'Itaque nemo minima consequatur.','Quod cupiditate et temporibus corrupti. Ut sit exercitationem rerum deserunt commodi recusandae. Nulla iure inventore voluptatibus velit. Culpa iusto exercitationem sed sequi ipsum praesentium ut natus. Qui magnam ut et eligendi.',1,'2001-02-27 09:58:42','2020-06-25 16:23:56'),(83,121,'Et et consectetur.','Fugiat autem esse adipisci. Voluptate cumque in cumque doloribus atque vero perferendis. Repellendus iure aperiam tempore illo quidem consequatur minus. Earum id natus et qui recusandae fugiat saepe voluptatem. Ut quaerat atque dicta consequatur molestiae sit iusto non.',1,'1994-08-01 13:45:47','2020-06-25 16:23:56'),(84,41,'Eaque quo vel omnis sed consequatur.','Autem totam provident asperiores et delectus a. Excepturi sunt cum veritatis illum qui sint quo. Consequuntur veritatis et natus omnis perspiciatis. Nostrum similique esse illo. Pariatur nam rerum molestiae corrupti aut asperiores unde. Assumenda inventore repudiandae cupiditate tempora eum debitis vel. Placeat est explicabo non illo et perferendis sed.',1,'1971-01-10 18:02:29','2020-06-25 16:23:56'),(84,64,'Recusandae consequatur quam sunt minima et.','Et error explicabo soluta vel et eum asperiores. Et numquam quisquam velit temporibus reprehenderit totam. Quasi maiores voluptates qui dignissimos similique ut. Odio aut doloribus beatae. Doloribus repellat et harum quo nam laborum. Tempora ut eligendi ea perspiciatis dolores sint. Est aliquam ea placeat vero molestias molestiae autem. Tempore quos quia maiores sed vel ut ad. Est autem sapiente quidem voluptatem porro ut in.',1,'1998-12-24 17:32:10','2020-06-25 16:23:56'),(84,136,'Quia autem quia suscipit alias autem.','Nihil similique dolor explicabo voluptas aut assumenda odio. Aut vel omnis quod voluptatem nam iure perferendis. Et sunt similique earum. Dolorem qui officiis placeat maiores. Quas aut harum non cumque consequatur vitae quia. Molestiae praesentium est omnis voluptatibus delectus accusantium et. Qui et et sunt eveniet est optio cum quidem. Amet vero velit est consectetur sit.',1,'2008-06-23 19:17:14','2020-06-25 16:23:56'),(85,15,'Illum culpa error quam.','Inventore illo dignissimos voluptates velit aperiam perspiciatis. Qui deleniti similique officiis saepe aut ut. Ex molestias minima est voluptatem vero enim illum. Autem pariatur in ipsum vel molestiae labore voluptates. Repudiandae accusamus placeat consequatur voluptas quo accusantium. Consectetur commodi soluta qui aliquid enim voluptates. Nostrum assumenda aut eum. Iusto qui porro consectetur possimus. Iusto unde amet sit dignissimos.',1,'1983-03-28 19:17:44','2020-06-25 16:23:56'),(85,31,'Suscipit consequuntur rem ipsum eum.','Repellat dolore rerum culpa eum asperiores et autem et. Sed ea et voluptatibus placeat qui consequuntur. Ut natus id eligendi cum. Ut omnis fugiat nemo dignissimos maiores aut aperiam. Molestiae rerum ut doloremque autem est. Dolores officiis recusandae in id dolores.',1,'2002-10-21 13:21:02','2020-06-25 16:23:56'),(85,92,'Dolorem ut nihil molestiae in.','Dolores delectus qui dolores. Repudiandae qui non unde atque. Nihil vitae fugit et in necessitatibus repudiandae. Quasi eos autem non ipsam magni neque. Consequatur corrupti esse perspiciatis sint. Voluptate quis reiciendis cupiditate voluptas temporibus deleniti numquam eum. Itaque vel doloribus consequatur distinctio et qui. Ratione sapiente debitis placeat ea sequi placeat.',1,'1990-03-30 12:51:43','2020-06-25 16:23:56'),(85,190,'Sed fugit similique placeat.','In et sed aut sunt est. Vel rerum quaerat explicabo. Id ipsum animi iure ut adipisci. Tenetur facere explicabo eos quis. Laboriosam itaque ut veniam tenetur eveniet. Illo quis id et harum possimus voluptate dolorem. Quis et eius a earum ut sed nisi error. Dolorum facilis possimus at ea qui eos. Voluptatibus sunt quae sint dolore quisquam asperiores quos.',1,'1995-11-12 14:05:02','2020-06-25 16:23:56'),(86,112,'Est a inventore quia minus in.','Et reiciendis ea earum rem non nam recusandae. Aliquam quis dolore in eligendi et accusantium quo. At maxime sed optio velit praesentium corrupti. Voluptas in saepe reprehenderit sapiente sit sit et. Neque labore iste corporis provident ex iste.',1,'2019-06-18 03:22:48','2020-06-25 16:23:56'),(86,114,'Ducimus praesentium fuga molestiae non fuga.','Ad quia similique consequatur et quo. Vero in nemo repellendus neque sapiente. Minus impedit adipisci voluptate corrupti commodi quia sit. Possimus modi ut facilis nobis. Molestiae suscipit iste reprehenderit eveniet ducimus. Laboriosam fuga aut ab ullam. Aut illo in aut non voluptatum rerum dolores.',1,'1986-06-15 01:23:23','2020-06-25 16:23:56'),(87,78,'Vitae aut quis consequatur.','Est et esse culpa maiores. Quaerat quae eaque fugiat excepturi eaque delectus. Qui esse ipsa omnis dolor id in optio et. Voluptas aspernatur consequatur voluptatem sint. Ut et aut alias necessitatibus quasi vitae. Ut facilis repudiandae magni nihil. At ut quas dignissimos.',1,'2019-12-15 15:11:04','2020-06-25 16:23:56'),(87,187,'Aut facere qui quas iste.','Nam error fuga ut sunt molestiae qui. Eum commodi adipisci esse eaque nulla. Voluptatem qui optio sint velit corrupti ipsa quia et. Neque illo eos et minus. Nisi saepe incidunt ducimus fuga earum. Natus accusantium optio vel ut ut est. Eveniet voluptatem qui ut rerum neque commodi.',1,'1976-10-23 03:07:29','2020-06-25 16:23:56'),(88,123,'Quia modi similique qui.','Enim earum placeat officia qui voluptas omnis quis est. Et deserunt enim deserunt. Vel sequi qui aliquid vero eum quis sed saepe. Repellat dolorem aut nobis earum voluptates nesciunt molestiae. Eos dolore quos maiores sit.',1,'1983-03-08 14:52:19','2020-06-25 16:23:56'),(88,148,'Et doloribus iste quam atque labore.','Maiores et nobis libero illum accusamus possimus voluptas. Ut provident quam consequatur. Nesciunt et distinctio voluptatem. Voluptatem voluptatibus est explicabo similique nostrum. Ullam sint soluta aut architecto provident.',1,'2001-10-23 16:38:50','2020-06-25 16:23:56'),(88,190,'Fuga modi dolorum dicta occaecati eos.','Consequatur eius eaque et. Est at tenetur pariatur sit aut quae. Omnis eum modi exercitationem magni nihil. Tenetur quam aut odio dolorem ut qui animi. Perspiciatis itaque quis laboriosam possimus asperiores esse maiores earum. Qui omnis vitae asperiores quam.',1,'1971-10-14 20:14:28','2020-06-25 16:23:56'),(89,48,'Neque nemo voluptas.','Excepturi repudiandae architecto et qui distinctio nihil. Veritatis dolorum voluptate dolorem illum dolor et voluptatum. Non ea voluptatem assumenda non voluptas cumque adipisci. Voluptatem temporibus qui quam debitis ut. Voluptatem perspiciatis consectetur dolores ad earum.',1,'1970-05-01 17:17:47','2020-06-25 16:23:56'),(89,100,'Non maiores placeat vel ullam.','Asperiores eos eum voluptatibus. Ut itaque consequatur id ut et quia. Hic explicabo quibusdam necessitatibus in omnis nobis. Est consequuntur cum earum distinctio aut aut vel qui. Iste itaque omnis enim blanditiis libero fuga.',1,'2019-10-02 05:20:17','2020-06-25 16:23:56'),(89,190,'Voluptas odit id.','Voluptatem quia cupiditate cumque delectus recusandae. Enim mollitia nam harum libero. Amet quia illo voluptas labore dolorem. Eius a magni dolores tempore doloribus est aliquid in. Aut odio mollitia numquam delectus sapiente. Id voluptates pariatur nisi autem non. Ut et explicabo quis hic dolores.',1,'2010-11-22 01:21:18','2020-06-25 16:23:56'),(91,9,'Blanditiis sit quaerat.','Laborum dolor perspiciatis voluptatem dolores temporibus corporis. Qui maiores aliquam minima eligendi qui aut quae cumque. Magni perferendis aut praesentium dolorem autem minus quis. Vel adipisci error saepe perferendis. Perspiciatis accusamus quaerat voluptatibus consequatur est deserunt. Veritatis non error et ex quas ratione. Fugiat facere quo corporis rem.',1,'2017-07-01 15:01:47','2020-06-25 16:23:56'),(91,26,'Magnam iste nostrum sequi voluptatem qui.','Temporibus sit alias eaque quam. Rerum asperiores ut dolor odit hic dolores quo. Et et amet accusantium. Aspernatur et expedita iste eos eum voluptatem. Aspernatur porro sint enim qui.',1,'2016-06-10 10:07:41','2020-06-25 16:23:56'),(91,27,'Est fugiat itaque provident eum.','Atque quod eveniet magnam qui a molestiae. Quae eius nobis quod porro omnis. Fugit aut recusandae sed asperiores distinctio quibusdam. Id dignissimos dignissimos iure et. Maiores qui dolorum ab veniam occaecati officia repellat. Sunt est laboriosam ullam ab ut minima et.',1,'2006-09-01 16:30:47','2020-06-25 16:23:56'),(91,74,'Fugiat at optio doloribus voluptatem.','Accusamus et ut et voluptatem error. Accusantium pariatur nemo omnis provident distinctio omnis aspernatur aut. Sit dolores eos ut impedit tempore. Voluptates tempore vel autem. In dolorem odio dolor ut. Et nihil debitis dolor consequatur.',1,'1976-08-18 15:01:47','2020-06-25 16:23:56'),(92,30,'Laudantium eum ad.','Sed qui dolores et repellendus. Nisi velit ut est amet. Quia sequi alias qui saepe dolores et. Nihil deserunt eos odit laudantium. Dolores quibusdam deserunt cupiditate quos non in atque. Ad animi maxime architecto natus.',1,'1972-04-06 23:31:16','2020-06-25 16:23:56'),(92,63,'Voluptate aliquam quia.','Unde tempore ducimus beatae quod nihil est officia ut. Molestias dolor fugit enim explicabo aut culpa cum. Amet est in aut eum maiores et inventore. Voluptatem repellat consequatur animi quas. Voluptate eaque et ut sequi.',1,'2020-03-11 06:00:34','2020-06-25 16:23:56'),(92,134,'Deserunt itaque et eveniet.','Qui minus eos consequuntur. Maiores id ea illum numquam optio fugiat. Quod et dolorum aut. Nemo temporibus natus qui quia aut. Ad ut a et fugiat accusantium eius repellat.',1,'2009-11-18 13:27:33','2020-06-25 16:23:56'),(93,5,'Delectus maiores possimus.','Omnis aperiam aut harum perspiciatis unde. Fugiat provident ut est. Commodi dolorem officia rerum cupiditate ab. Et aut sequi aliquid non perspiciatis optio ipsum. Unde sapiente non quae necessitatibus incidunt odio vel. Laboriosam dicta molestiae quia. Et quas hic quia et maxime. Repudiandae quo iure consequatur ab velit corporis.',0,'2013-09-06 08:45:50','2020-06-25 16:25:29'),(93,57,'Impedit temporibus necessitatibus at culpa ducimus.','Fuga ipsa asperiores explicabo dolore voluptas iusto delectus. Nulla est vero rerum eos omnis architecto vitae. Voluptates facere mollitia hic aliquid. Maiores sit cupiditate voluptatum dolor. Consequatur ipsum provident omnis saepe soluta enim vitae. Laudantium quibusdam corrupti inventore eveniet delectus et. Doloremque odio dicta magni aut non quia. Aliquam voluptatum odit id at rerum velit ut.',1,'1972-08-20 02:02:31','2020-06-25 16:23:56'),(93,63,'Maiores autem dolorem tempore.','Et molestias mollitia voluptas consequatur quae dolore. Eos ratione explicabo eum sed. Voluptate ea voluptas expedita quisquam optio illum tenetur. Ut error nesciunt omnis corrupti aut voluptatum dignissimos. Nostrum repellat pariatur facere quaerat. Magnam necessitatibus aliquid aliquid nostrum. Consequatur omnis eum consequatur non. Perferendis voluptatum ut ex labore optio. Perferendis quae et sit odit ipsum necessitatibus.',1,'1981-03-14 05:38:47','2020-06-25 16:23:56'),(94,75,'Aut in officiis.','Est neque qui molestiae dicta. Maxime ut eligendi omnis iusto. Iusto asperiores fugit provident est sint eius molestiae rem. Esse non dolor id. Error dolore eum dolorem laboriosam voluptates debitis. Aspernatur pariatur adipisci minus ut id delectus. Maiores fugit aut quaerat. Rerum consequatur pariatur assumenda qui impedit.',1,'1983-10-09 10:01:28','2020-06-25 16:23:56'),(95,53,'Quod hic rem vero architecto.','Nostrum officia necessitatibus vel velit alias. Delectus error et quo nisi voluptas. Omnis sapiente voluptas voluptatem corporis maxime. Rem deleniti quis repellendus ut. Omnis alias maxime omnis enim deleniti nisi. Numquam repudiandae ipsum aliquid ea odio soluta quibusdam.',1,'2018-10-03 01:38:25','2020-06-25 16:23:56'),(96,91,'Cupiditate culpa aperiam asperiores saepe.','Ratione vitae ducimus voluptas sapiente necessitatibus libero. Similique quae recusandae nihil necessitatibus eos dicta eos. Quisquam nisi voluptates labore quos quia molestiae. Atque a aut vitae ut. Provident sit quidem quia aut fugiat ipsum corrupti. Omnis consequatur aperiam molestiae ab ea quam. Adipisci consequuntur veniam sed vel sit.',1,'2017-11-11 06:44:45','2020-06-25 16:23:56'),(97,65,'Distinctio consequuntur soluta et.','Nostrum impedit sint enim sed est omnis impedit. Quo laboriosam quam incidunt consequatur. Consequatur sequi animi quisquam incidunt et. Et error enim occaecati eum similique voluptas. Libero numquam accusamus asperiores fuga non dolor architecto officiis.',1,'1975-01-20 18:28:34','2020-06-25 16:23:56'),(97,175,'Et sint aliquam ut.','Non ut esse placeat excepturi nobis fuga repellendus. Excepturi beatae provident commodi magnam optio. Earum officia nihil dignissimos unde enim et eos. Necessitatibus natus provident voluptatem blanditiis. Tempora soluta laboriosam molestiae numquam. Eum modi eligendi veritatis non consequatur nulla odio.',1,'2010-11-13 10:09:31','2020-06-25 16:23:56'),(98,40,'Voluptatem quia tempore perspiciatis non sint.','Ex iusto voluptatum quia fugit aut omnis ut. Vel possimus voluptatem tempora quia. Minus dolor ut qui qui et. Sed corrupti et soluta aliquam non vel odit. Sit sequi delectus id facere.',1,'2002-09-27 22:34:49','2020-06-25 16:23:56'),(98,66,'Eligendi et unde.','Nesciunt quia ipsa nobis commodi et architecto. Ut sapiente asperiores assumenda suscipit. Quia modi perferendis repellat saepe laboriosam dolorum rerum. Aperiam voluptatem asperiores ab cum. Sequi qui enim illum autem vel ut inventore. Cumque sapiente facilis ea qui unde. Quidem sunt omnis illo saepe consequatur similique.',1,'1988-12-01 12:55:18','2020-06-25 16:23:56'),(99,30,'Autem excepturi est quam.','Asperiores in nobis ullam consectetur autem nisi facere. Quis ut et maxime veritatis. Quaerat in est voluptatibus laboriosam est. Qui cum assumenda optio magnam quo. Voluptates eveniet voluptatum sit placeat et aut eos. Incidunt et rem sequi et. Ad tempora illum et dolorem aspernatur et itaque. Facere sapiente qui voluptatum rem. Quis suscipit id quis vel laborum.',1,'2002-08-29 04:37:02','2020-06-25 16:23:56'),(99,176,'Voluptatem debitis occaecati in est aliquid.','Sequi sint et est perferendis. Quia sit reiciendis amet et perspiciatis ut qui qui. Cum necessitatibus molestiae enim eos et maiores. Molestiae voluptas iste a et enim est ut. Rem neque optio id aut consequatur animi similique et.',1,'2013-01-23 00:03:55','2020-06-25 16:23:56'),(100,48,'Quidem quo velit autem.','Voluptatem numquam provident assumenda vitae beatae est qui. Nisi quod iusto accusantium sit deleniti. Dolor velit velit amet est similique autem aut error. Et sapiente dignissimos minus autem sapiente. At sit omnis ut similique culpa. Commodi repudiandae perspiciatis animi odio. Quos commodi dicta aut iste totam aut. Corporis et ut nostrum quos commodi quas possimus. Sunt a omnis molestiae velit nesciunt vero.',1,'1971-02-20 22:10:14','2020-06-25 16:23:56'),(100,52,'Adipisci architecto et sed sit.','Quo consequatur impedit sint occaecati maiores qui quaerat. Eum dolor ea itaque est ratione nam quaerat illo. Earum aliquid rem ipsam amet sit veniam omnis. Nobis hic quas possimus sint tempora consequatur. Placeat distinctio nulla animi deleniti omnis aut et. Iure in voluptatem provident. Quas incidunt rem ipsum nihil illum reiciendis. Amet excepturi amet quae in quidem sint molestiae.',1,'2015-06-15 03:47:23','2020-06-25 16:23:56'),(100,122,'Dolorum fugit qui est.','Voluptatem consequatur unde reiciendis est eos exercitationem. Doloribus est ad perspiciatis et aspernatur ex. At fuga laboriosam quos qui. Veritatis error voluptas minus est iure. Debitis est modi quia et. Voluptatem sit delectus aut mollitia impedit.',1,'2004-10-31 15:17:35','2020-06-25 16:23:56'),(100,183,'Molestiae placeat accusantium perferendis nobis non.','Sit consectetur unde possimus doloremque ut. Similique perspiciatis reiciendis tempore. Nihil totam blanditiis porro hic qui. Omnis a corrupti porro quae voluptate unde voluptatem. Sed voluptas ut placeat enim. Praesentium voluptas illum consequuntur dolore. Aut accusamus voluptas quibusdam dolor.',1,'2012-04-08 13:01:07','2020-06-25 16:23:56'),(100,185,'Architecto natus aperiam ut et et.','Ut voluptatem aperiam iusto ut perspiciatis eos rem. Placeat veniam placeat omnis voluptatem animi. Quidem ipsa enim praesentium explicabo veniam natus ut. Necessitatibus praesentium alias consequatur velit. Dolor earum voluptatem in est consequatur ullam asperiores. Similique repellendus suscipit pariatur dolorem ut minima. Ab voluptates ratione qui magni maiores voluptatem nostrum. Eligendi sint qui qui possimus. Reprehenderit aliquam maxime consequatur repudiandae quo nesciunt.',1,'1970-05-01 23:22:35','2020-06-25 16:23:56'),(101,110,'Pariatur aperiam fugiat saepe et rerum.','Voluptatem qui et itaque ipsam consequatur eligendi id. Repellendus libero non voluptatibus ut. Fugit minus ea et velit. Qui iste nobis voluptatem. Quos ut voluptas quo.',1,'2004-04-02 11:03:31','2020-06-25 16:23:56'),(101,111,'Voluptas velit suscipit.','Animi facilis vero vero ut sed. Quis tempora odit qui odit voluptates doloribus molestiae aspernatur. Et nam tempora aliquam magnam perspiciatis provident. Quo porro est temporibus maxime rerum. Omnis recusandae velit voluptas enim quos architecto.',1,'1971-07-12 12:30:44','2020-06-25 16:23:56'),(101,123,'Possimus ex qui numquam.','Dolore est iste doloremque nihil a vel. Dolores error similique et minus quaerat illo. Velit nihil esse rerum corporis delectus a expedita. Dolorem voluptas quia tenetur reprehenderit. Qui est numquam et perferendis. Magnam similique et ut autem.',1,'1970-01-08 01:21:36','2020-06-25 16:23:56'),(103,118,'A ipsam cupiditate sed et consequatur.','Animi excepturi qui molestias quasi doloribus numquam. Sequi natus perferendis consectetur. Omnis voluptatum mollitia veniam itaque velit qui quidem. Laboriosam blanditiis reiciendis neque et itaque ullam doloremque. Rerum ut quo nostrum adipisci possimus. Blanditiis quia nesciunt cum et et eum inventore. Dolores dolorum aut est autem dolore ea temporibus dolorum.',1,'1974-07-29 23:03:12','2020-06-25 16:23:56'),(104,89,'Et aut ut accusantium itaque.','Minus commodi et quia ea officiis quos ut. Repudiandae nisi amet dolor molestias aspernatur corporis. Occaecati dolorem minus aspernatur aliquam est assumenda et non. Unde perferendis ex occaecati temporibus eaque. In delectus nam rerum quibusdam enim quae pariatur dicta. Et non dolores repellat dicta sit corporis repellendus.',1,'1977-04-28 14:59:42','2020-06-25 16:23:56'),(105,146,'Libero ut esse dolor consequatur minima.','Consequatur libero ducimus error consequatur officiis excepturi qui. Minus et a culpa maiores sed dolorem. Dolores deleniti laudantium quas velit molestiae cupiditate. Consequatur doloremque aut suscipit ut. Neque accusamus et beatae consectetur. Non et corporis voluptatem quia. Quis in reiciendis at sequi. Dicta facilis qui quis asperiores.',1,'1983-12-21 18:05:54','2020-06-25 16:23:56'),(105,174,'Fugiat hic maxime.','Dolore fuga ratione omnis tempora quod. Eum quibusdam aut eum error voluptatem. Hic dolores repellendus laboriosam at aut qui itaque. Assumenda ut eum aspernatur ex. Officia asperiores qui non eos error esse iste nulla. Accusantium neque quia ullam et illo.',1,'1989-12-21 13:56:10','2020-06-25 16:23:56'),(106,115,'Ea excepturi similique.','Deleniti explicabo reprehenderit est a quia iure non explicabo. Ut voluptatibus itaque deserunt dolores. Ab soluta culpa ut est aspernatur libero voluptatibus consequatur. Similique tempore sit est minima ut pariatur cum. Consequatur ut accusantium fuga esse ut. Corrupti aliquid id non. Quae et saepe ratione veniam. Quae tempora dolorem et perferendis suscipit. Illum accusamus fuga id a veritatis eaque dolor itaque.',1,'1989-04-09 01:53:12','2020-06-25 16:23:56'),(106,180,'Eum aliquid corrupti ut.','Deleniti illo non fugit maiores. In sequi occaecati dolorum aliquid aliquid quia provident explicabo. Maxime ipsam eaque dicta porro quia quia modi. Quod tempore minus enim provident suscipit explicabo. Architecto neque unde sint tempora minus sunt. Et aliquid rerum exercitationem qui itaque perferendis quis.',1,'2005-08-16 12:13:54','2020-06-25 16:23:56'),(107,17,'Animi similique cupiditate doloremque ullam aut.','Amet consequuntur sint et autem magnam architecto. Aut sit aut iure consequatur iste voluptatem magni. Recusandae a repudiandae veniam quia ducimus. Sequi quia alias nostrum et ut quis nulla. Enim enim perferendis minima est sed aut.',1,'2020-01-24 09:06:37','2020-06-25 16:23:56'),(107,76,'Quaerat aperiam sit.','Hic iste placeat quia aut ad hic. Doloremque perspiciatis velit officia non ut. Ipsum expedita et tempora incidunt laboriosam possimus. Alias autem deleniti molestias. Suscipit porro rerum aut est libero sint. Dolore et fugit qui voluptas facere culpa recusandae tenetur.',1,'1979-04-17 03:05:24','2020-06-25 16:23:56'),(107,90,'Amet pariatur et ut qui nihil.','Voluptatem nesciunt ratione ut amet. Ratione non in blanditiis. Nostrum dolor aut quia laborum voluptatem. Quibusdam voluptatem unde fuga voluptatum. Et non quos et qui ut. Eaque repudiandae sed qui sunt labore. Labore consectetur dolore odio et eos repellendus.',1,'1983-08-22 21:38:42','2020-06-25 16:23:56'),(107,200,'Voluptas reiciendis praesentium explicabo et optio.','Cupiditate quia eos corporis illum architecto reprehenderit laboriosam. Et doloribus alias quidem accusamus voluptatem. Assumenda sunt est sed doloribus dolorem. Consequatur repellat qui eius fugiat eum repudiandae temporibus. Maiores tempore culpa ad aut doloremque iste. Quaerat et quis eveniet et nam suscipit exercitationem.',1,'1990-03-03 06:24:35','2020-06-25 16:23:56'),(108,116,'Eum unde soluta.','Qui quia incidunt quisquam expedita. Non placeat enim autem est fugiat consequatur. Molestiae voluptas rerum a ex adipisci sunt. In quia amet est distinctio eveniet. Non fugiat debitis enim. Aut qui incidunt tenetur facilis. Incidunt aspernatur alias cum similique eaque ut. Enim ullam dicta sit labore.',1,'2010-03-18 03:53:33','2020-06-25 16:23:56'),(108,137,'Vel est iusto quo.','Voluptatem molestias laboriosam expedita consequuntur odit. Debitis qui quia qui commodi. Aut iusto consequatur architecto dignissimos. Magni sit pariatur voluptates voluptatum asperiores maiores repellat voluptates. Harum dolores consequatur quisquam dolore. Reiciendis voluptatem recusandae quae et ullam qui velit. Dolores sint minus cum possimus beatae doloremque rerum nostrum.',1,'2018-04-09 12:30:42','2020-06-25 16:23:56'),(109,49,'Excepturi consectetur hic quia facere ipsam.','Repellendus quia quos corrupti at error adipisci dolore. Velit deleniti quas ea dolor voluptatem. Aperiam hic voluptatem nobis non ratione quia. Aut quidem fugiat occaecati soluta. Libero odio reiciendis error modi. Sapiente a ut ab. Id consequatur sapiente ea ex non officia. Et rem in tempore sed veritatis assumenda ut quia.',1,'1983-02-02 23:14:16','2020-06-25 16:23:56'),(109,174,'Numquam rerum ipsa.','Eaque ipsum et eaque fugiat provident. Inventore a ut enim quos possimus et. Deleniti quaerat vel recusandae in. Perferendis similique debitis et quaerat et.',1,'1985-04-24 23:38:10','2020-06-25 16:23:56'),(110,137,'Cumque sint recusandae sit dolor.','Doloribus non reprehenderit consequatur sunt fugit sunt. Quia sed veniam necessitatibus cumque autem. Quisquam sunt ut qui est magnam est cupiditate. Deleniti et accusantium nemo cum ut dolores. Odio perspiciatis nulla nulla rem voluptatem. Dolores quaerat autem id ut debitis eveniet. Rerum ratione ipsa aperiam quam.',1,'2019-11-03 19:29:50','2020-06-25 16:23:56'),(110,176,'Recusandae voluptate blanditiis qui architecto perferendis.','Accusantium ratione nulla placeat ipsam molestiae. Similique incidunt dolor velit corporis. Quos nostrum asperiores magnam molestias iure et. Et deleniti aperiam omnis rerum ipsum accusantium corporis et. Quasi sunt laborum voluptatum nam. Error aut repellat doloribus atque.',1,'2019-05-15 12:59:06','2020-06-25 16:23:56'),(111,2,'Voluptates voluptates aut voluptatem dolorem.','Excepturi provident voluptas saepe occaecati. Dicta quis adipisci error architecto aut nihil rem ducimus. Excepturi mollitia aut doloribus consequatur quis. Natus error dolor inventore voluptas quae voluptatem modi. Eligendi omnis amet non. Blanditiis dolores aut a tenetur.',1,'2000-01-11 22:09:55','2020-06-25 16:23:56'),(111,8,'Voluptatem dignissimos a nobis.','In blanditiis temporibus expedita aspernatur nesciunt. Voluptatibus rerum repellat vel et ratione distinctio delectus. Modi ad eum cum repellat. Est magnam ea quisquam qui molestias nesciunt quidem illo. Inventore quia autem ad autem sunt. Perferendis ullam aut ipsa velit. Esse explicabo ipsa cumque temporibus sit minus. Laboriosam ipsam dolorum voluptatem in sapiente.',1,'2012-08-19 09:44:05','2020-06-25 16:23:56'),(111,47,'Qui dolorem cumque ut eos.','Qui voluptatem quis facere aliquid nostrum quam aliquid. Molestias magnam exercitationem aut nulla praesentium. Eveniet consequuntur veniam nihil mollitia illo. Non veritatis rerum saepe quis voluptatum aut accusamus. Eius facere ex sed.',1,'1978-06-14 03:45:08','2020-06-25 16:23:56'),(111,121,'Voluptates ab occaecati repellat minima voluptates.','Et nihil adipisci aspernatur aut nulla ratione consectetur. Pariatur sunt cupiditate nesciunt explicabo repellat repellat dolores. Debitis voluptatibus porro voluptates omnis minima expedita beatae minus. Rem qui accusantium fuga et laudantium voluptatem. Dolore non voluptas tempore dolores adipisci. Sit ad eos molestias ex omnis eius eos et. Nulla et sit tempora doloribus tempore ut est. Mollitia in cum aut.',1,'2019-01-30 11:08:53','2020-06-25 16:23:56'),(112,111,'Molestiae ad quo et.','Molestias excepturi unde fugit debitis. Atque est sed velit aspernatur quia. Eveniet quod eveniet hic. Animi deleniti sequi ratione rerum. Eos inventore expedita in magnam. Debitis quos fugit ut dolores dolores natus. Ut voluptates explicabo modi eius ratione possimus esse.',1,'1997-01-07 17:10:26','2020-06-25 16:23:56'),(112,172,'Dolor dolorem nobis unde reprehenderit exercitationem.','Magnam ad qui consequatur quisquam perspiciatis. Ut suscipit et eos repudiandae. Quaerat qui veritatis distinctio voluptas recusandae qui deleniti. Odio consectetur sint facilis numquam sit.',1,'1994-03-18 19:36:10','2020-06-25 16:23:56'),(113,111,'Qui impedit consectetur voluptatem sed consectetur.','Amet sit qui et in fugiat voluptas neque aut. Earum voluptates recusandae quibusdam laborum non quia. Consequuntur quam facere omnis unde ad placeat repellendus. Ratione quia quis nulla doloribus rerum tempore dolor autem. Impedit consequuntur quasi minus qui. Qui eos perspiciatis alias qui. Non qui debitis et totam ab laboriosam ullam. Ut facere et aut dolore quis velit omnis. Illum facere voluptates doloribus reprehenderit.',1,'1985-10-05 09:24:34','2020-06-25 16:23:56'),(113,115,'Maiores alias alias consequuntur itaque fuga.','Quis enim temporibus alias enim consequatur est eaque. Dolore aperiam neque veritatis qui. Officia numquam ut sint laboriosam perspiciatis debitis vitae. Voluptas dolorem magnam non ab voluptatem ut. Saepe quaerat nemo eaque. Labore molestiae quos velit rem laborum. Debitis voluptates nihil rerum eos. Exercitationem eos eos minus et rerum et totam.',1,'1977-12-08 20:50:06','2020-06-25 16:23:56'),(114,11,'Placeat ipsam nostrum rem magni sit.','Accusantium eius aut esse omnis pariatur ea ducimus. Sit esse at ut voluptas quia tempora qui. Voluptatem harum vero voluptatibus velit ut nihil. Culpa quibusdam voluptatem soluta molestiae. Itaque sapiente nobis quibusdam amet in.',1,'2019-01-03 22:54:26','2020-06-25 16:23:56'),(114,13,'Quis delectus et perspiciatis.','Maxime neque inventore id. Voluptatem perferendis assumenda neque cupiditate qui maiores iusto. Vel amet sed laboriosam voluptate voluptates. Iste non quae quas rerum nihil. Vitae aliquam officia ea dolorem et. Sint praesentium neque ea eligendi. Nisi dolorum sequi dolorem inventore nulla. Enim delectus voluptatibus fuga saepe deserunt magnam. Suscipit minus quas vitae non ullam veritatis.',1,'2016-07-17 07:37:48','2020-06-25 16:23:56'),(114,145,'Unde eius autem.','Nam minima voluptas eius porro aut. Quis reiciendis qui est nemo dolor dolor minus iusto. Aut distinctio expedita voluptas dicta nemo quia eum ipsa. Saepe ut aspernatur adipisci velit. Perferendis impedit at et saepe. Officiis non rerum sit dolorem vel dolorem iusto. Ut blanditiis vel veritatis delectus sit consequuntur. Tempora molestias itaque dicta consequatur voluptas et.',1,'1971-09-07 05:14:42','2020-06-25 16:23:56'),(115,11,'Dolores totam totam quo ab.','Consequatur laborum sit nemo non. A sunt illo quas consequatur qui et aut consequatur. Nam et voluptatibus optio quae. Distinctio est et quod. Eum ea autem fugit.',1,'1988-02-01 04:41:14','2020-06-25 16:23:56'),(115,26,'Reprehenderit facere quae debitis.','Iste ipsum sit beatae sit non. Vitae explicabo aliquid tenetur placeat est dolorum. Soluta minima suscipit ratione quas ut impedit aliquid. Ut beatae maxime aspernatur cum sint eius. Sed earum voluptas blanditiis quam. Dolorum sapiente et sit veritatis error eum.',1,'1977-01-24 22:22:33','2020-06-25 16:23:56'),(115,82,'Debitis sequi maiores ea neque.','Facilis porro voluptatem quos quidem eum et velit. Qui impedit odio non aspernatur magnam aut nihil. Tempore qui suscipit maxime at voluptatibus odit sed. Velit consequatur quis consequatur molestiae et placeat.',1,'2008-03-20 14:45:23','2020-06-25 16:23:56'),(116,3,'Facilis et et.','Voluptatem mollitia autem labore est quis atque et. Ex aut quasi vel numquam et quis nulla. Aliquam voluptatum repellendus enim quis consectetur aut. Nesciunt quis sint est corporis ipsa fugit natus. Laborum dolorum ipsa harum maxime cum. Iusto aperiam id iure. Modi dolorem voluptatem quis minus odio. Pariatur dolore aliquam dolores.',1,'2006-12-22 01:16:39','2020-06-25 16:23:56'),(116,6,'Saepe nostrum enim voluptatem doloremque.','Asperiores voluptas aliquam quia qui est omnis. Minima eius voluptatum veniam odio magni dignissimos enim nemo. Rem rerum quasi est unde debitis. Nobis libero et neque perferendis nisi sed laudantium.',1,'2009-03-18 09:05:41','2020-06-25 16:23:56'),(116,52,'Est sit blanditiis ut earum nam.','Recusandae est iste unde omnis voluptas aut. Iusto necessitatibus eos culpa maiores fugit quas corrupti. Perspiciatis exercitationem similique aliquid et. Expedita porro qui enim quia non voluptas. Quo eum reprehenderit quia. Aut libero velit et qui doloremque vero. Laboriosam commodi magni dolores in tempore expedita. Blanditiis numquam rerum vero magnam nobis culpa.',1,'2002-04-12 10:03:39','2020-06-25 16:23:56'),(116,89,'Ut recusandae a dolores distinctio.','Impedit ut cupiditate soluta illum voluptas dolores enim. A laborum magnam molestiae. Eum iste officia rem ut. Autem qui voluptas necessitatibus repellendus aliquam aut. Autem quia et quas est officia. Beatae dolores inventore vel sequi. Magni pariatur ut dignissimos sed nesciunt possimus.',1,'1973-09-27 09:21:17','2020-06-25 16:23:56'),(116,184,'Facere eum fugit pariatur expedita voluptatibus.','Esse atque laboriosam eos voluptas neque nesciunt. Asperiores vitae aut non sint vero sit autem. Blanditiis earum id impedit aut. Mollitia voluptatem praesentium porro iusto occaecati iusto.',1,'1999-12-07 23:51:09','2020-06-25 16:23:56'),(117,63,'Sed autem dolorem in.','Laborum fuga fugiat rerum nisi eum. Praesentium quia sunt minima dignissimos. Libero repudiandae qui consequatur ratione delectus vitae. Et doloremque nobis dolor esse amet. In dolorum alias fuga provident ab qui iure. Ex totam eligendi similique voluptatem ut.',1,'1992-03-27 06:02:05','2020-06-25 16:23:56'),(117,100,'Voluptatem repudiandae et voluptatem deleniti.','Voluptatem qui saepe ut voluptatem. Est ut inventore ipsa sunt sed a autem. Vel qui voluptatum consequatur cumque. Veritatis illo quidem doloremque optio rerum consequatur ut. Et architecto saepe laudantium ut debitis. At ex eum neque dignissimos nihil molestiae. Qui omnis nulla harum facilis laudantium. Dolores consequatur aut ducimus similique et provident.',1,'2010-11-25 11:48:54','2020-06-25 16:23:56'),(117,120,'Odit provident occaecati libero distinctio saepe.','Iste consequatur voluptatem fugiat quis. Voluptate iure expedita reiciendis soluta architecto. Sint est eius deleniti ratione porro commodi. In veniam voluptatum placeat voluptas. Neque voluptatem amet vitae neque omnis porro. Mollitia velit recusandae quas voluptatem quo sunt. Excepturi ducimus distinctio dolorum numquam aut fuga. Omnis eveniet porro ipsam explicabo. Facilis quaerat a neque quaerat magni quo animi.',1,'2015-10-09 22:27:58','2020-06-25 16:23:56'),(117,171,'Et ullam consequatur id.','Saepe rerum debitis vero eius qui. Eum voluptatem officiis vel praesentium at. Quibusdam architecto dicta et nobis voluptatem. Qui accusamus ut quia porro. Provident sunt ut commodi. Mollitia qui asperiores qui aliquid qui sint dolorem. Quibusdam ad nobis qui natus. Maiores reiciendis ut repellendus suscipit totam quaerat voluptatem.',1,'2013-07-14 10:08:13','2020-06-25 16:23:56'),(118,148,'Et consequatur optio aut.','Ea vero vero voluptates sit. Eum non enim necessitatibus odio harum. Dolor quo rerum illum. Vitae quam magni velit sit aliquam asperiores. Nulla veniam ut nisi reprehenderit corporis. Autem voluptatem est amet et quasi similique. Numquam quia voluptas molestiae.',1,'2012-01-15 09:40:19','2020-06-25 16:23:56'),(119,7,'Sed voluptatem aspernatur possimus.','Ut voluptate dicta omnis cupiditate expedita ut magnam ducimus. Quisquam quaerat distinctio rerum. Eos animi dolores voluptatum libero sunt nostrum. Quaerat eius ut neque veritatis. Excepturi odio inventore quis est.',1,'1977-07-04 09:18:24','2020-06-25 16:23:56'),(119,47,'Ut officiis ea expedita natus quibusdam.','Dolores velit recusandae delectus atque dignissimos perspiciatis nobis. Sed esse molestias molestiae. Facere vel ipsam fugit. Quia esse aspernatur impedit. Dolor a quidem temporibus laborum modi qui.',1,'1977-05-17 11:42:01','2020-06-25 16:23:56'),(119,104,'Voluptatem iusto commodi aut.','Esse velit ut sunt ut expedita accusamus ducimus. Voluptate rerum nihil quos porro. Voluptatem architecto eum quasi eos. Voluptatem amet porro delectus et modi dolorem et sit. Suscipit dicta fugit reprehenderit quia dolor. Consequatur eos qui tenetur praesentium omnis cumque maiores. Atque quasi accusantium ea ut aperiam ut soluta. Iusto quibusdam repudiandae veniam natus impedit. Esse necessitatibus et enim.',1,'2013-03-21 11:45:32','2020-06-25 16:23:56'),(119,196,'Quidem dolor odio error.','Suscipit architecto sed inventore ut omnis. Distinctio ea laborum aliquid blanditiis. Vel sed totam necessitatibus et corrupti. Facilis non eligendi nesciunt molestias totam. Ut quasi vitae aut in dignissimos ipsam mollitia. Sint et culpa voluptatem optio repellendus minus. Facilis perspiciatis ad dolorem qui tenetur dolorem distinctio aliquam. Veritatis placeat aut voluptas labore. Et quae qui cupiditate voluptas.',1,'2009-06-23 23:49:55','2020-06-25 16:23:56'),(120,5,'Voluptatem quo hic.','Perspiciatis saepe sit quia hic consequatur. Repellat fugit totam ipsam nulla. At eveniet et eum temporibus. Maxime porro cumque praesentium vero. Nobis esse vel nisi quia at fugiat sequi. Ut ut aut fugiat veniam sed explicabo. Et dolore odio possimus qui laborum. Enim excepturi architecto tenetur architecto assumenda amet.',1,'1997-08-23 22:43:21','2020-06-25 16:23:56'),(120,139,'Debitis qui dolores.','Dolorum eveniet animi et nostrum. Sed repudiandae id suscipit sit reprehenderit modi. Ut tempora voluptatem est minima occaecati voluptas incidunt. Laudantium aut et laborum. Quibusdam accusantium doloremque eos debitis natus animi. Qui non id rerum aliquam. Tempora mollitia saepe occaecati quis omnis omnis magni. Ut tempore deserunt dolorem eligendi assumenda in.',1,'1975-04-06 00:07:04','2020-06-25 16:23:56'),(120,157,'Sed eaque consequatur est aut odit.','Quos doloribus quis dolor sunt dicta consequatur. Ipsa cumque similique voluptas. Eius assumenda eum eos qui distinctio sed. Eligendi fuga veritatis quam sit quasi exercitationem accusamus. Maiores velit mollitia qui et ab dolores. Repellat dolore vel quis qui ut. Nisi qui praesentium omnis maxime voluptatem ea omnis. At accusantium recusandae dolor nesciunt.',1,'2018-12-25 21:01:05','2020-06-25 16:23:56'),(121,36,'Voluptas ullam sit voluptas.','Porro amet est et voluptatem assumenda inventore. Voluptatum iusto nam illum dolor incidunt voluptas debitis. Aspernatur praesentium quam dolorum et aliquid ea. Libero veniam ipsum sint ut iste. Earum facilis suscipit aut velit perspiciatis dolores explicabo. Maiores quo iusto molestias amet earum perferendis aliquam commodi. Cumque ut exercitationem est facere velit. Doloremque non aliquam suscipit sint similique reprehenderit.',1,'2011-06-22 22:03:50','2020-06-25 16:23:56'),(121,85,'Perspiciatis sapiente dolor quas voluptates.','Sit repellendus eveniet aliquid culpa dolor nihil. Quasi ipsam voluptatem quia sapiente doloribus. Quae quas et saepe aliquid odio accusamus iure nemo. Aut accusamus repellat consequuntur perferendis. Et doloremque neque tempore eos tempore laudantium. Incidunt eveniet id veniam adipisci debitis. Veniam aliquid hic eius ducimus corrupti praesentium deserunt.',1,'2019-10-14 04:58:38','2020-06-25 16:23:56'),(121,147,'Dignissimos beatae excepturi et totam.','Minima officia nemo voluptatem eligendi voluptate reprehenderit delectus. Voluptatem officiis similique quasi odit. Sit ipsam perspiciatis et maxime sunt ratione dolorem. Quo quis est voluptas nihil dignissimos sed cupiditate ad. Et aut temporibus nihil et quidem harum ut. Qui et necessitatibus sed consectetur voluptate commodi sed. Omnis modi voluptatum ex asperiores. Similique iusto reprehenderit et vel reprehenderit. Iure ipsa soluta nisi aut cupiditate voluptatem.',1,'2007-12-18 23:37:19','2020-06-25 16:23:56'),(122,68,'Quas tenetur sapiente ducimus.','Corporis natus nesciunt quo et. Fugiat itaque deleniti sed omnis. Unde exercitationem dolor libero iusto debitis illo. Ut culpa debitis hic delectus. Perferendis et unde id dolorum eum sed. Et autem iure quidem nihil architecto sit. Omnis aut suscipit odio quia et in. Quae eum fuga officiis eligendi dolore rem. Incidunt deleniti laudantium quo molestiae saepe dolorem.',1,'1984-07-11 17:26:29','2020-06-25 16:23:56'),(122,137,'Eveniet neque earum.','Ut ratione velit quod sint. Voluptas sint ipsam cum dolorum qui dolorum. Et eos quia nihil voluptatem delectus exercitationem consectetur. Nesciunt dolorem error est velit quo recusandae qui. Magnam autem sapiente iusto amet dolor ut accusantium veritatis.',1,'1973-03-16 03:36:30','2020-06-25 16:23:56'),(122,174,'Rem sit eum aut debitis voluptatum.','Assumenda iure velit qui omnis voluptatibus eaque ut. Velit voluptatem animi minus perspiciatis ipsum ipsum rerum et. Harum nemo quis officia aut. Sit voluptatibus alias quia sint.',1,'1986-03-13 03:43:39','2020-06-25 16:23:56'),(123,63,'Quo nam quas soluta vitae nobis.','Omnis aut ipsa excepturi nisi ut blanditiis facilis. Aut odio in eius consectetur voluptas ratione est. Ut sit laudantium eos assumenda. Nihil qui soluta aut dolor quis expedita. Rerum aut omnis iusto. Inventore ut distinctio et qui labore. Autem officiis ex molestiae adipisci consectetur cum est. Earum quas sit qui minus itaque.',1,'1991-12-09 21:26:52','2020-06-25 16:23:56'),(123,140,'Repellendus porro nemo aut.','Et et molestiae aut assumenda exercitationem. Eveniet asperiores cum velit sunt repellat odit. Temporibus reprehenderit sequi odio delectus sunt eos explicabo. Eum occaecati corporis aut sit autem qui architecto quos. Omnis nisi id suscipit adipisci.',1,'1993-12-04 09:40:21','2020-06-25 16:23:56'),(124,188,'Quibusdam aperiam libero et.','Dicta doloremque iusto ut dolores occaecati eveniet et odio. Nulla commodi accusantium voluptatibus dolore voluptatem quod maiores. Pariatur et sint tempora quo. Possimus ea molestias aut. Blanditiis omnis repellat atque reiciendis asperiores velit impedit sed. Aut voluptas voluptate quaerat laudantium asperiores voluptatum alias. Debitis est dolor officia qui accusamus veniam vero quaerat.',1,'1998-05-09 18:44:31','2020-06-25 16:23:56'),(125,114,'Voluptas ut libero sit.','Est veritatis eius distinctio possimus ullam quae. Nobis ab recusandae et aut animi in asperiores dolores. Consectetur expedita minus commodi. Perspiciatis est omnis ut eum adipisci. Iusto nesciunt sit voluptas aperiam. Expedita eveniet est non ut eum iusto. Facere qui tempora repudiandae esse beatae repudiandae reiciendis. Fuga fuga molestiae qui est nesciunt laborum. Maxime tenetur repellat excepturi et in illo.',1,'1992-10-06 05:37:59','2020-06-25 16:23:56'),(125,126,'Aut odio eius ad dolores.','Non incidunt nam rem dolor blanditiis fuga inventore. Adipisci aut accusantium qui doloribus cupiditate a ratione aut. Distinctio vero excepturi eum quo. Rem sit impedit eveniet dolor ratione magni sunt. Cumque enim tempore et dicta vel voluptas. Aut asperiores excepturi dolores quas.',1,'1972-12-28 14:24:55','2020-06-25 16:23:56'),(125,171,'Iste et et qui alias.','Sequi minus quaerat sed natus rerum quia perspiciatis molestiae. At quia consequatur reiciendis nesciunt aspernatur sit. Quasi aut dolores debitis. Dignissimos consequatur nihil esse nam error. Vero exercitationem sint sed iste et. Harum veritatis beatae quia quaerat nemo voluptatem commodi. Alias debitis qui autem animi aspernatur tenetur dolorem.',1,'2016-09-20 09:33:39','2020-06-25 16:23:56'),(126,15,'Corrupti consequuntur doloremque iusto ipsa.','Laudantium ipsam quaerat nihil rerum eius iusto corrupti. Illum ipsum ratione molestiae magni. Necessitatibus et voluptatem voluptas modi voluptatem dolorum sunt numquam. Sunt vero saepe doloribus vel. Provident at saepe qui eius. Omnis quos debitis sed aut omnis eveniet. Ab nostrum quis impedit qui molestiae est et. Rerum et deleniti ea. Accusamus facilis sit nulla.',1,'1985-02-14 03:01:04','2020-06-25 16:23:56'),(126,145,'Qui quia a iure delectus.','Sed autem doloribus voluptas vel ducimus. Voluptas saepe reiciendis sint inventore quas fugit. Reiciendis vel earum aut ut aspernatur non. Cum culpa dolorem deserunt quo quod ut dolor et. Voluptas voluptas magnam officia atque blanditiis cumque vitae. Ex accusantium est fuga sit. Et libero a ut quis quae. Necessitatibus quia soluta quasi voluptas.',1,'2009-07-21 20:21:38','2020-06-25 16:23:56'),(126,172,'Et repellendus pariatur.','Consectetur consequatur vitae incidunt non nobis quisquam officiis optio. Aspernatur facilis atque sit aliquid est. Dolorem debitis fugiat officia voluptas. Harum quam iure sint minus quis dolor. Est repudiandae nulla et non aut voluptatum. Quae eum voluptates quis qui minus qui. Et nostrum voluptates molestiae sit error excepturi molestiae.',1,'1993-01-15 22:23:02','2020-06-25 16:23:56'),(126,176,'Consequatur consectetur incidunt quos nam.','Incidunt repudiandae modi quia nihil quisquam. Et molestiae non ut corrupti minus. Aliquam perspiciatis laboriosam cumque. Ipsa molestiae voluptatem deleniti corrupti quis. Ad nostrum recusandae fugiat et est. Sint laudantium qui dolorum tenetur. In esse eum qui et atque id id.',1,'1988-09-04 07:20:48','2020-06-25 16:23:56'),(127,36,'Culpa nihil corrupti architecto.','Ut ratione eum numquam aperiam aut. Vitae ut occaecati aliquid enim. Laborum quia explicabo qui repellat id. Velit velit et voluptatem quo repellendus. Voluptatem veritatis at fugiat provident minima inventore fuga. Illum cumque sed incidunt. Quos commodi non officia rerum sequi cum dolorem ut. Ea magni libero corporis ut. Nemo id debitis saepe itaque dolor similique et.',1,'2018-03-26 14:08:56','2020-06-25 16:23:56'),(127,113,'Saepe ratione aut ab.','Omnis voluptas magni maxime unde rerum molestiae voluptatum ut. Quia nemo occaecati et. Pariatur voluptas consequatur repudiandae quam. Laboriosam consequuntur eum voluptatem rerum iure explicabo officiis. Aut reprehenderit aliquid deleniti dolores ipsam. Debitis ut occaecati rerum qui illum ipsam quia. Placeat ullam possimus ut.',1,'1977-01-07 01:11:10','2020-06-25 16:23:56'),(127,122,'Iure rerum officia aspernatur nisi quia.','Id omnis id est saepe et. Harum dolor ut et dolores placeat commodi culpa eius. Tempora praesentium nihil quidem quia inventore officiis. Consequatur impedit tempora qui aspernatur omnis molestiae autem. Molestias aliquam labore inventore dignissimos nemo cumque.',1,'2014-10-27 10:48:18','2020-06-25 16:23:56'),(127,138,'Excepturi rerum id.','Unde non expedita dignissimos molestias aperiam hic vel. Necessitatibus eaque accusantium voluptate nam. Dicta doloribus reprehenderit consequatur necessitatibus cupiditate enim voluptas. Maiores qui cupiditate harum harum quam sed. Temporibus dolores doloremque enim placeat delectus. Rerum magnam molestiae et quia ipsum. Dolores aperiam nostrum occaecati perspiciatis iusto omnis quibusdam. Eos non quos quibusdam rerum dolorem.',1,'2014-05-01 20:41:51','2020-06-25 16:23:56'),(128,142,'Consectetur eligendi voluptas.','Sit facilis dignissimos doloremque. Deserunt repudiandae aliquid reprehenderit cum sint. Et atque aspernatur quas voluptas vel ratione. Expedita nisi commodi quis voluptatem voluptatem quas eius. Explicabo quasi tempora nesciunt et consequatur eius aut. Eos odio et qui vero ab voluptatem dolor. Id repudiandae reiciendis deserunt ea incidunt animi veniam exercitationem.',1,'1981-05-07 17:25:24','2020-06-25 16:23:56'),(129,124,'Sit non ea accusamus.','Ut voluptatum ut quis id ipsa reiciendis autem. Corporis ipsa ad veritatis ea suscipit totam. Cumque est exercitationem rerum est excepturi et eum. Ratione provident iusto dicta. Eos quia natus corporis ullam saepe. Nihil fugiat perspiciatis sint aspernatur culpa et facere. Esse itaque expedita dicta debitis dolorem sed velit est.',1,'1998-05-08 05:10:37','2020-06-25 16:23:56'),(130,27,'Distinctio officia consequatur et.','Porro sequi totam et iusto dolor consequuntur. Dolore quo sapiente sapiente et et omnis. Molestiae nulla dolores ut voluptatem corporis tenetur provident. Sit vel maxime cupiditate voluptas enim facilis praesentium. Qui et voluptate magni est corrupti optio. Autem rerum voluptatem eaque quibusdam numquam aut. Consequatur quisquam explicabo et incidunt minus sed perferendis. Nisi reiciendis commodi minima itaque voluptate corrupti sint. Beatae voluptates voluptas quisquam voluptate neque dolores.',1,'1990-12-04 22:54:13','2020-06-25 16:23:56'),(130,102,'Aut accusamus sed.','Quae cum aperiam fuga molestiae reprehenderit porro odio quas. Aut quia dolores iusto qui et deleniti. Illo sit aspernatur est labore a nam eos. Modi accusantium quo suscipit sunt necessitatibus adipisci omnis. Quo qui officiis quis saepe at. Delectus asperiores tempora iure dicta temporibus.',1,'2011-10-04 21:55:43','2020-06-25 16:23:56'),(130,105,'Veniam molestiae pariatur numquam cupiditate.','Omnis delectus autem voluptas provident sunt et deserunt. In est eligendi et quisquam vel voluptas. Nemo nihil dolores voluptatum reprehenderit architecto ullam. Voluptatum amet voluptas ea non consectetur non quia. Aut veritatis quaerat tempore aut voluptatem. Libero distinctio consequatur provident quia doloribus porro et. Id incidunt est vel praesentium ipsam quia labore.',1,'1973-06-05 00:42:05','2020-06-25 16:23:56'),(130,113,'Sed inventore velit.','Quo voluptatibus voluptas ab in magni voluptatibus. Incidunt vitae et eveniet sit est alias. Illum et occaecati quos vel. Et qui doloribus aliquam aut reprehenderit molestias blanditiis. Fugit atque eum rerum qui deserunt non. Velit rem dolores corrupti error a non voluptatum. Hic sed sapiente numquam voluptatem eum. Facere dicta aut expedita assumenda quibusdam et deleniti.',1,'1998-05-19 15:03:32','2020-06-25 16:23:56'),(131,21,'Sint quisquam magnam in accusamus.','Rerum dignissimos dicta neque harum id accusantium. Provident ut laudantium corporis perspiciatis laudantium. Eum ut ipsum praesentium quisquam suscipit amet in. Porro quia in dolores et. Soluta quia et laborum laborum facere est aliquid. Nisi repellendus quo cupiditate eos necessitatibus dolorem.',1,'1998-01-06 20:14:40','2020-06-25 16:23:56'),(131,59,'Consectetur quasi fugit commodi adipisci.','Earum aperiam dolor saepe perferendis ratione maxime suscipit. Magni et molestias consequatur maxime nobis sed quia. Facere est dolores explicabo aliquid. Ut natus quia debitis. Omnis incidunt nisi ut placeat. Est recusandae sed nobis pariatur corporis maiores vitae.',1,'1985-06-02 05:29:32','2020-06-25 16:23:56'),(131,60,'Tempore dignissimos provident aut.','Corrupti quod eos delectus repellat enim est voluptate. Enim unde aut qui vero. Rerum blanditiis numquam aut qui ea quos. Repellendus et perferendis nesciunt aut quibusdam eos commodi delectus. Ut sequi unde qui velit dolorem deserunt. Voluptatem veritatis voluptatum error quaerat. Rerum ut aliquam aperiam laborum reiciendis quod suscipit. Facilis aperiam magni corporis soluta qui dolor est.',1,'1973-03-27 08:25:07','2020-06-25 16:23:56'),(132,75,'Aut est omnis.','Debitis illo illum mollitia numquam laudantium enim. Autem hic ipsa totam delectus et et et natus. Atque ullam consequatur animi accusantium voluptatem. Dolorum perspiciatis quisquam molestiae illo provident. Magnam rerum eos sunt unde distinctio repellat. Ad tempore consequatur sit distinctio nesciunt a excepturi. Eum sit qui consequuntur odio ut ut et.',1,'1991-06-25 19:28:10','2020-06-25 16:23:56'),(132,128,'Debitis dignissimos maxime magni nesciunt.','Quidem voluptas debitis dolores qui. Neque sed tempora qui laboriosam. Quia et similique voluptatibus iusto quaerat corrupti. Excepturi culpa aut pariatur molestiae. Aut saepe id est est ratione maxime.',1,'2018-02-28 08:33:01','2020-06-25 16:23:56'),(133,123,'Omnis aut autem quia.','Quia sapiente quae et nam nam similique. Corrupti consequatur maxime sit repudiandae sit nesciunt. Ab incidunt architecto dolores. Voluptatem ipsa beatae ab repudiandae non officia quaerat modi. Dolorum eius qui repellendus quasi illum hic molestiae. Provident ipsum sapiente nulla alias quo perferendis alias.',1,'2010-03-08 03:59:07','2020-06-25 16:23:56'),(133,176,'Quaerat facere exercitationem omnis pariatur.','Assumenda debitis unde et ullam tempora. Omnis expedita deleniti fugit ducimus. Aut non blanditiis voluptas atque. Vitae officiis pariatur eum dolor. Autem consequatur maxime eos recusandae suscipit. Eum labore vitae non facilis. Et maxime alias sed aut. Vel quo nihil recusandae cupiditate vel.',1,'1987-04-07 09:28:56','2020-06-25 16:23:56'),(133,194,'Iure quidem saepe quo.','Praesentium sed qui ipsam et ex explicabo. Velit dolore voluptas odit saepe illo. Dolorum voluptas hic inventore quia odit. Voluptas officia iusto et unde. Est libero quis molestiae eveniet. Quidem maxime quae quisquam facere tempore.',1,'2005-09-22 12:29:30','2020-06-25 16:23:56'),(134,41,'Nostrum et officiis ea consequatur.','Ab consequatur officiis quae aperiam sed hic commodi. Commodi et aut tenetur autem reprehenderit omnis dolores. Ut id maiores adipisci qui ratione adipisci molestiae. Debitis libero illum sunt ipsa nihil aperiam. Ut autem dolor explicabo atque ut voluptatem. Eos et sit dolorem deleniti et at. Sint voluptatem itaque omnis eius dolor consectetur.',1,'2018-08-24 00:33:32','2020-06-25 16:23:56'),(134,89,'Voluptas itaque odit voluptatum quisquam.','Accusamus id consequuntur unde cupiditate sint ipsa. Veniam facere sequi numquam voluptas. Quaerat ex velit sapiente pariatur est ut. Maxime voluptatem molestias fugit culpa.',1,'1997-11-20 12:29:10','2020-06-25 16:23:56'),(134,167,'Delectus quidem sed officia quo.','Quis deserunt ut ratione eveniet officia. Nesciunt labore quod autem. Nobis ipsam vero qui quis nobis aut cum. Voluptatem voluptas accusamus nulla ipsum dolorem deleniti nisi et. Tempore qui quos facilis quod et eum.',1,'2001-12-06 03:03:25','2020-06-25 16:23:56'),(135,91,'Adipisci dolore asperiores.','Ut facere aut quia dolores. Facilis neque aspernatur iusto deleniti quos incidunt. Ipsum ducimus quas numquam minima quo enim libero. Autem facilis voluptatem sint. Provident voluptas nulla facilis omnis ex exercitationem. Molestias rerum nesciunt iusto et quas culpa voluptate alias. Sint sunt fuga distinctio ex minima omnis. Aut et error nisi ad culpa minus. Voluptas doloribus iusto non sapiente ipsum.',1,'2013-10-14 10:18:32','2020-06-25 16:23:56'),(135,192,'Qui quae consequatur velit.','Molestiae quasi repellat rerum dolorem aliquid et voluptatem quibusdam. Esse qui labore et atque aliquam dolorem. Officiis dolorem ratione maiores aut cupiditate doloremque deserunt. Voluptatum ut dolor sit porro et enim. Minima non cumque ab quaerat voluptatibus fugit rem exercitationem. Provident magni itaque qui provident.',1,'1987-11-13 04:00:22','2020-06-25 16:23:56'),(135,193,'Et repudiandae et minima.','Praesentium fuga quo excepturi culpa animi. Repudiandae voluptatibus distinctio dolorem ea quasi. Autem hic optio quia id accusantium sapiente. Quis ut vero corporis iste ab nihil et. Illum suscipit cupiditate commodi eveniet. Inventore ad totam soluta hic commodi reprehenderit. In autem nesciunt quidem. Deserunt dolorum excepturi perspiciatis excepturi ut unde voluptates.',1,'2019-12-17 17:28:25','2020-06-25 16:23:56'),(137,155,'Quae ipsam officiis.','Est illo corporis autem amet earum non odio. Ea temporibus deleniti odit non suscipit ducimus suscipit. Nemo commodi accusantium voluptatem voluptatem ipsam enim debitis nobis. Quas optio illum eveniet a animi nesciunt facere. Neque ipsum amet dolore et. Beatae fugit accusamus quia blanditiis quia culpa. Repellat consequatur qui non beatae iusto et et. Illo eaque illo rem.',1,'2012-11-24 22:05:02','2020-06-25 16:23:56'),(137,186,'Doloribus quaerat sint dolores eos tempora.','Accusamus ad quia sapiente suscipit accusamus quibusdam impedit sunt. Assumenda pariatur iure velit fugiat qui commodi. Voluptas consequatur deleniti rerum repudiandae. Aperiam sed sint delectus rerum mollitia nesciunt. Impedit ut et et voluptatem quasi. Voluptas ipsum necessitatibus iure ut eum est. Consequuntur dicta placeat dignissimos sequi in harum.',1,'2008-10-22 00:04:35','2020-06-25 16:23:56'),(137,187,'Autem aut at necessitatibus dolore similique.','Iusto deserunt sit non ad. At sed quia consequatur voluptatum sint. Sed omnis aliquam quia et ab et. Voluptatem et et sequi est et odit reiciendis. Aliquid earum possimus a quod. Fugit doloremque eaque inventore sequi aperiam qui.',1,'1980-08-30 06:25:34','2020-06-25 16:23:56'),(138,83,'Rem quod laudantium nihil numquam.','Fuga molestiae quo dolores ipsum occaecati. Sit nulla natus nobis eum suscipit aut. Est et maxime facilis harum. Porro earum minima non qui laudantium.',1,'1988-02-08 11:46:47','2020-06-25 16:23:56'),(138,97,'Rerum laborum hic qui quia.','Quo iusto et vel. Nesciunt aliquid autem in. Quasi quisquam deserunt nihil consequatur quo officiis dolor. Numquam et reprehenderit corrupti repellat aut architecto repellat.',1,'2018-09-16 21:32:54','2020-06-25 16:23:56'),(138,102,'Necessitatibus nulla sed debitis labore.','Voluptatibus tempore non quos ut placeat. Quis debitis quia nam sequi sed. Consequuntur maxime enim similique quia accusantium autem. Enim labore corporis aut voluptates molestias. Voluptates debitis nesciunt non perferendis minima dignissimos. Quia et minima repellendus aperiam saepe. Alias dolor non aut et non nulla qui. Sint laudantium omnis cupiditate est vel. Voluptatem aut similique iusto maiores voluptatibus et officiis sint.',1,'1974-08-11 07:54:04','2020-06-25 16:23:56'),(138,117,'Aperiam et nihil.','Sit doloribus illo quod voluptatem facere aut. Enim ipsum et illo et maxime suscipit. Sed et et et. Numquam deleniti repudiandae incidunt veniam et provident. Repudiandae sunt repudiandae dolorem impedit maxime atque qui.',1,'2013-04-18 22:28:58','2020-06-25 16:23:56'),(139,32,'Possimus beatae dolore.','Suscipit in rerum quam praesentium ipsam pariatur pariatur facere. Totam et reiciendis occaecati debitis id maxime mollitia. Est nisi veniam corporis qui in. Dicta ut ratione et quis. Doloribus ipsum omnis ab deserunt ab. Quod qui sed hic laborum vero eligendi autem.',1,'2000-08-07 00:27:11','2020-06-25 16:23:56'),(139,91,'Ut quos natus enim dolores sit.','Doloribus tempore harum consequatur aut. Est sequi sint eius modi rerum excepturi. Nemo ab deleniti quo cupiditate vero. Qui omnis quo esse aut amet. Nihil eius veritatis odit sed quibusdam esse explicabo vel. Illo mollitia quidem sed reprehenderit. Ad labore quia consequatur suscipit quis.',1,'2004-06-19 23:18:48','2020-06-25 16:23:56'),(139,174,'Exercitationem neque distinctio rerum.','Dolores omnis accusantium et dolores repudiandae. Dolorem corporis nulla voluptatem repellendus eum. Est animi ea at soluta. Veniam reiciendis aut porro tempore itaque. Qui alias corporis molestias quo ut sunt. Dicta quo optio qui.',1,'1984-04-06 09:35:45','2020-06-25 16:23:56'),(140,19,'Debitis in vel natus dolor.','Non quo laudantium recusandae illum accusamus illum aliquid. Distinctio doloribus vero nisi in. Officiis aut aperiam cum harum. Doloremque distinctio ratione et ipsa aut illo et. Consequuntur minus dolor sunt quis distinctio. Eligendi dolores delectus adipisci natus consequatur qui iste. Harum alias vel quia quasi dolores. Repellendus nostrum perferendis corrupti incidunt dolorem vel. Laborum ut vitae placeat voluptatibus quis quas vel quos.',1,'2009-09-01 05:50:18','2020-06-25 16:23:56'),(140,31,'Neque nesciunt asperiores eum.','Dolor asperiores debitis ipsum eaque est est voluptatum odit. Voluptas qui et error. Facilis et quis reiciendis minima saepe quisquam. Omnis deleniti asperiores voluptatum mollitia possimus officia. Cumque libero id ullam eum. Magni sint porro voluptate totam quos doloremque rerum. Qui quis necessitatibus sequi quis veniam quae. Adipisci quo et numquam adipisci. Possimus totam facilis et impedit excepturi.',1,'2004-09-15 18:22:41','2020-06-25 16:23:56'),(140,88,'Qui quisquam ab.','Temporibus ipsum doloribus et ipsam officiis aut earum occaecati. Ipsam iure assumenda magnam. Dolores aperiam vel nulla totam alias inventore. Quia numquam corporis consequatur amet numquam quo. Aut animi incidunt voluptatibus possimus quis omnis atque.',1,'1985-08-19 01:23:29','2020-06-25 16:23:56'),(140,114,'Aut saepe incidunt.','Perspiciatis et et molestiae maiores consequuntur. Amet molestiae sed aut dolor quam molestiae tempore. Ea harum pariatur quia numquam tempora quia. Ut autem expedita laborum dolorum. Iste consequatur accusantium dolorum aut qui voluptatem libero. Autem ipsum expedita quia consequuntur reprehenderit excepturi sint. Laudantium fugiat neque magnam earum ea explicabo est. Quo error distinctio officiis nihil quis deleniti.',1,'2008-05-02 13:10:19','2020-06-25 16:23:56'),(141,36,'Sit quis eum iure sint qui.','Alias nam atque ea est quisquam qui minima. Nihil tenetur consequuntur quia ullam. Alias ducimus enim consequuntur. Quas corporis qui eaque et reprehenderit dolore. Totam aliquid nisi suscipit. Et nihil dignissimos quia quidem aut. Cupiditate consequatur modi ullam ipsam nostrum nam sed. Dignissimos laudantium sed autem eum molestiae est.',1,'1978-07-27 17:50:11','2020-06-25 16:23:56'),(141,124,'Occaecati dolorum veritatis distinctio.','Labore dolore autem a. Ipsam aliquam vel ullam voluptate temporibus. Dolore esse iste tempora excepturi molestiae maiores facilis. Debitis non non quia. Voluptatem culpa soluta consectetur enim laudantium dolorem eum.',1,'1976-06-17 23:41:48','2020-06-25 16:23:56'),(141,142,'Est blanditiis illo et magni.','Magnam doloribus sed vero inventore excepturi neque. Voluptatum aut quis veritatis voluptatem. Consectetur repellendus vero temporibus qui aut ducimus. Quis nostrum qui nesciunt voluptatem quidem occaecati repudiandae. Numquam expedita maxime excepturi omnis ad. Hic facere voluptas aliquid occaecati architecto. Voluptates corporis dicta nihil facilis.',1,'1996-04-23 00:17:59','2020-06-25 16:23:56'),(141,175,'Tempora omnis sint quis.','Officia quia et temporibus odit. Occaecati consectetur quam laboriosam nostrum et est animi facilis. Suscipit cum debitis ipsa eum repellat nisi aut. Ducimus dolorum facere et incidunt et doloremque quos. Ipsam magni eum aut ut.',1,'2005-10-14 07:59:07','2020-06-25 16:23:56'),(141,178,'Maiores velit accusamus sunt quidem.','Ducimus veniam voluptatem recusandae sint ut repellat. Sequi est sapiente sequi aut quod ipsum aut. Aliquam molestiae esse doloribus optio. Possimus ut expedita nulla illo. Neque sed optio est voluptas. Fuga corrupti possimus ea debitis. Aut provident sit quis dolor dolore et. Officiis voluptates similique nostrum consectetur.',1,'2014-02-09 21:25:37','2020-06-25 16:23:56'),(142,33,'Distinctio quod atque aspernatur provident.','Nihil quia ea voluptatum eligendi totam aut recusandae. Fuga numquam sequi officiis voluptas necessitatibus nobis. Repellat eius sit tempore adipisci cumque quia. Asperiores consequatur eaque aliquam eaque illo libero. Voluptatem porro harum iure. Nostrum officia aut officiis et. Maiores nobis repudiandae accusantium architecto sint.',1,'2014-09-03 19:48:43','2020-06-25 16:23:56'),(142,84,'Ipsam omnis aliquid aliquid.','In harum eos accusamus eum. Aspernatur amet voluptatem aperiam quo exercitationem quis. Nihil officiis commodi delectus est qui dicta consequatur. Assumenda enim eaque rem dolores pariatur. Dolorem possimus et voluptates totam magnam. Expedita cum odit rem velit. Ea nemo et repudiandae fugiat amet asperiores ut.',1,'1991-02-01 17:05:57','2020-06-25 16:23:56'),(142,88,'Dolores eos consequatur.','Eum quo a voluptatem deserunt omnis. Id exercitationem beatae omnis illo. Dicta laudantium enim qui sunt accusantium dolor vitae. Corrupti et id harum et. Voluptas voluptatibus officia voluptate sapiente dolor voluptatibus. A quia aut consequatur ea. Accusamus veritatis facilis facilis dolor et vero beatae. Et enim illum aut velit magni minima provident assumenda. Asperiores porro quo odio.',1,'1971-11-20 07:50:32','2020-06-25 16:23:56'),(142,92,'Assumenda qui rem ipsa voluptates facere.','Quo occaecati nihil dolorem natus adipisci. Dolorem est et et assumenda qui atque ab. Iure quisquam temporibus nulla fugiat. Minus odit enim qui nobis dolor. Expedita doloribus cupiditate natus ea aspernatur. In qui rem itaque ut qui fuga qui dolorum.',1,'1975-05-10 18:03:53','2020-06-25 16:23:56'),(142,119,'Sunt qui qui.','Quibusdam nobis nesciunt dolor vel. Quisquam reiciendis dolorum molestias nihil. Facere est molestiae totam quia voluptatem. Qui et non est eos. Necessitatibus qui autem ea et. Sed ut ab vitae dolor commodi adipisci voluptatem reiciendis.',1,'1972-06-19 03:16:32','2020-06-25 16:23:56'),(143,92,'Ex at doloremque.','Earum dolorem laboriosam inventore sint et alias voluptatem. Ad velit cum maxime temporibus quo beatae nesciunt. Earum earum qui enim est. Ratione velit mollitia omnis fuga nam aliquam distinctio. Explicabo quos ipsa aspernatur repellat minima dolorum ut sed. Ipsa omnis omnis velit ad nam qui voluptas.',1,'2015-11-10 09:37:48','2020-06-25 16:23:56'),(143,107,'Illo ea eum blanditiis enim.','Aperiam in expedita cumque consequuntur quidem. Facilis commodi aspernatur et aperiam nihil vero quia. Velit sed non magni sit officiis. Odit dolores tempore quis mollitia. Maxime ut possimus ut enim. Molestias eos est in eaque. Totam possimus vel ut repellendus fugiat numquam. Fuga laudantium amet vel sunt ut eum suscipit sapiente. Sunt velit similique debitis error nam.',1,'1980-02-17 16:59:53','2020-06-25 16:23:56'),(144,9,'Totam tenetur reprehenderit ad sint.','Officia fugiat et ad quae praesentium animi. Ullam iste amet totam facilis. Nobis odit rerum qui vero. Ad dolor alias voluptas et quasi doloribus. Iste fuga quod at pariatur illo qui. Qui architecto distinctio delectus sed adipisci. Id maiores possimus dolor sit. Et consequuntur nam id perferendis quia laudantium repellendus odit.',1,'2007-04-26 20:36:22','2020-06-25 16:23:56'),(144,73,'Exercitationem molestiae eum voluptatem enim voluptates.','Fuga dolores quo numquam beatae magni dicta molestias. Voluptatum similique et nisi nesciunt et accusamus. Voluptas quia harum sit non quae. Sed animi vel omnis atque esse.',1,'1987-04-25 14:15:23','2020-06-25 16:23:56'),(144,168,'Sint voluptas commodi sit voluptates blanditiis.','Quia laudantium at fuga corporis aut eum veritatis. Minus ullam reiciendis quas ab aut voluptatem voluptatibus. Iusto ad ut laboriosam est soluta ducimus cumque. Commodi et pariatur assumenda consequatur. Eum qui tempore vitae laborum. Ratione sit repudiandae tenetur sunt necessitatibus. Modi perspiciatis sunt ducimus et porro libero reprehenderit id. Ratione voluptatem qui quam explicabo quo deleniti.',1,'2019-12-01 09:46:45','2020-06-25 16:23:56'),(145,3,'Corporis et libero voluptatem.','Vel et quam qui eos reprehenderit occaecati quidem quia. Est vitae id doloribus dolores ut aliquid eos. Facere ipsa amet sit. Ratione ut dicta maxime debitis ea consectetur repudiandae. Nostrum amet beatae laborum suscipit laudantium aut qui. Incidunt et adipisci quaerat id doloremque quasi placeat. Saepe ut ut omnis eum rem quam.',1,'1977-06-03 08:16:59','2020-06-25 16:23:56'),(145,54,'Vero modi voluptatem voluptatem.','Iusto sapiente autem sequi magnam temporibus animi. Pariatur exercitationem est possimus necessitatibus pariatur sapiente. Neque et tempora quos facilis. Quo eaque quo tempore voluptas unde. Modi dolorum quo aut magnam cumque sit. Ratione inventore eius voluptatem qui consequatur voluptatem aut. Animi perferendis maiores ut soluta veniam voluptate. Rerum voluptatem pariatur asperiores quo natus voluptatem. Beatae quia magnam consectetur vitae necessitatibus.',1,'2006-12-06 00:43:25','2020-06-25 16:23:56'),(145,67,'Reprehenderit ut necessitatibus ratione id.','Facilis rem et voluptas vero consequatur velit. Sed quod quia eum molestiae vitae omnis tempora. Sunt vitae id earum porro esse. Ut aperiam quia in facilis dolorem voluptas. Dicta ad quaerat repellat et.',1,'2001-05-05 13:12:13','2020-06-25 16:23:56'),(145,110,'Eaque odit in voluptas deserunt doloremque.','Corrupti facilis dicta eum deleniti. Et et quas corrupti. Aut qui non delectus itaque deleniti sapiente. Asperiores sed qui sed quam temporibus. Et quam iste quia nostrum aut. Omnis eius sint ducimus. Et odit voluptates officiis architecto non. Vel aspernatur nobis dolores autem incidunt placeat.',1,'2008-01-04 06:47:04','2020-06-25 16:23:56'),(145,117,'Iste consectetur dignissimos ex quo.','Rerum ut molestiae veritatis nostrum qui placeat perspiciatis. Odio corporis minus fugiat excepturi accusamus molestiae tempora doloribus. Similique doloribus tenetur repellat illo sunt. Rerum ut rerum sit facilis odit eligendi eum. Quasi libero et odio voluptas rem. Rerum temporibus harum laudantium laborum. Neque architecto ipsa facilis qui sint ut quisquam.',1,'2015-04-29 10:47:38','2020-06-25 16:23:56'),(145,151,'Dolorem nam alias magni.','Exercitationem et consequatur tempore corrupti asperiores enim placeat. Fuga quae iure provident voluptas et expedita sed. Cum quod beatae hic dolorum aut. Eos error qui incidunt cumque eius sed iure. Dolor dolorem dolore nihil molestias voluptatibus. Vel vel quia reiciendis ipsam repellat soluta.',1,'1987-07-25 01:42:07','2020-06-25 16:23:56'),(146,19,'Quo et voluptatibus repellendus nostrum.','Praesentium doloribus natus ratione odit minus. Dolorem dolorem laboriosam enim. Nihil praesentium qui enim aut quae. Asperiores incidunt sed fugiat et cum corrupti. Animi id a cum. Deleniti temporibus et et voluptatibus fuga rerum. Est veniam numquam quas sit.',1,'1992-11-20 00:15:46','2020-06-25 16:23:56'),(146,78,'Illo voluptas rerum vitae provident aut.','Commodi quo dolor repellendus itaque. Itaque placeat totam dolor hic. Incidunt et laudantium rerum. Voluptatibus necessitatibus assumenda cumque optio suscipit illum aut qui. Ducimus inventore occaecati enim ipsam ut. Eum perspiciatis sint in officia voluptatem.',1,'2007-11-28 17:12:03','2020-06-25 16:23:56'),(146,98,'A quis nisi.','Dolore dignissimos ut illo impedit enim. Ut recusandae sint ipsa nulla provident rerum voluptate. Deleniti cumque ut illum assumenda pariatur temporibus. Sed consequatur illum ut aliquam ea rerum. Expedita ut quod mollitia commodi. Sunt molestiae beatae aspernatur qui dolor. Eum et occaecati illo quas recusandae et.',1,'1988-03-20 14:26:40','2020-06-25 16:23:56'),(146,177,'Est sunt laborum dolorem nesciunt autem.','Doloremque atque sit aliquid ut. Qui error quas eos odit. Asperiores placeat voluptatem doloremque delectus quia quisquam. Quis placeat voluptate eum qui voluptates. Similique ea sapiente non eius iusto. Sint harum consequuntur sit harum corrupti quos totam. Non rerum sint quam. Facilis autem numquam mollitia.',1,'1978-06-23 07:04:17','2020-06-25 16:23:56'),(146,178,'Voluptas quas impedit quo eum.','Et ad aut veniam. Amet tenetur aut doloremque facilis quasi architecto. Hic aut doloribus earum esse omnis et. Voluptatum repellat cupiditate voluptatibus consectetur velit soluta. Corrupti itaque quam accusamus et mollitia numquam nisi. A doloremque quae laboriosam vel. Quia mollitia in amet ullam mollitia perspiciatis odio. Nihil in quia ipsum nisi. Voluptas laborum rerum veniam possimus aspernatur animi rerum non.',1,'1991-05-21 02:29:26','2020-06-25 16:23:56'),(147,44,'Consequatur animi explicabo id.','Enim a aut aut tempora hic. Sit quia repellat exercitationem laborum doloribus. Et nemo voluptatibus libero iste in vitae. Ullam aliquam a mollitia mollitia. Perspiciatis nam at sed aspernatur ut beatae ut ut. Quam at voluptatem aut recusandae odio id officiis exercitationem. Qui vel dignissimos temporibus qui id sed.',1,'1989-12-23 15:07:28','2020-06-25 16:23:56'),(147,53,'Ea sed natus et.','Itaque autem officiis consequatur eligendi iusto sit rerum et. Iusto officiis laborum consequuntur omnis facilis libero. Illo aspernatur ipsa similique vitae. Rem ea ut voluptatum ratione qui fugiat. Dolor assumenda soluta accusantium aut amet.',1,'2004-11-28 13:39:06','2020-06-25 16:23:56'),(148,18,'Ut minima perferendis ab.','Quo est sed explicabo officia facere. Qui cupiditate animi assumenda harum maiores quod. Nesciunt voluptatibus veniam nemo voluptatem sunt. Reprehenderit occaecati autem aut eum unde corrupti. Beatae quia vitae ex laudantium delectus quasi aut.',1,'2012-11-26 09:52:50','2020-06-25 16:23:56'),(148,49,'Laboriosam et qui.','Fugit repellat ratione et sed mollitia quia. Ipsum eum at reiciendis ut qui voluptatem ducimus. Itaque ducimus et eaque consequuntur. Sint tempora aliquam alias qui dolorum dolor a. Laborum id porro assumenda in.',1,'1987-03-03 06:23:09','2020-06-25 16:23:56'),(148,80,'Ut repellat voluptatum rerum.','Excepturi dolores ut amet veniam aut magni quo. Et fugit consectetur consequuntur dolore commodi. Reiciendis eligendi laborum quo accusantium vitae magnam. Doloribus quia molestias ab est aut.',1,'2010-11-13 21:01:25','2020-06-25 16:23:56'),(148,147,'Maxime esse molestiae odit totam.','Enim voluptas perspiciatis consequatur rerum tempora voluptate fuga. Dolorem impedit explicabo voluptatem et. Dolorum quis non officiis excepturi nisi autem. Ea cupiditate magni et modi eum consequuntur autem amet. Excepturi quaerat quaerat numquam ex dolorem dolores culpa. Voluptatibus et in accusantium vel nihil. Autem ab et deleniti sit. Impedit dolor tempore harum magni eaque. Vel dolorem et quidem voluptas magnam.',1,'2018-06-16 04:45:21','2020-06-25 16:23:56'),(148,177,'Quia molestiae error.','Beatae doloremque temporibus ut harum eum qui ab. Cumque enim sint sit ipsam modi sit dolorem. Necessitatibus laborum aspernatur quas blanditiis. Molestiae quisquam quia dignissimos eum nam. Excepturi itaque aut voluptatum est cumque sit asperiores illo. Et quo impedit autem dolorem.',1,'1986-03-27 10:49:47','2020-06-25 16:23:56'),(149,41,'Non sunt officiis sunt.','Necessitatibus voluptatem inventore autem explicabo id dolor nam excepturi. Ipsam eum distinctio totam. Qui sunt consequatur in quos autem vero facere. Perspiciatis harum et numquam voluptatibus. Quidem deserunt quasi ut esse eligendi omnis. Totam nesciunt labore sed odit. Et explicabo vitae animi vero fugit accusamus quibusdam. In id beatae fuga optio aspernatur.',1,'1976-01-19 07:17:41','2020-06-25 16:23:56'),(149,142,'Temporibus incidunt veritatis.','Aut voluptatem aut est corrupti est sed. Reprehenderit sapiente provident beatae hic quasi deleniti. Autem ut quaerat nam fugit in error. Nam sint voluptatem qui dolor. In reprehenderit vitae quisquam aut id ut. Voluptates aperiam fuga dolor sit quia harum. Repellendus possimus voluptatibus voluptatem exercitationem.',1,'2015-03-16 14:08:48','2020-06-25 16:23:56'),(149,150,'Nemo et rerum.','Ipsum adipisci eligendi quas doloribus perspiciatis officiis. Dolor et tempore repudiandae animi a vel odit. Cupiditate quas commodi veritatis explicabo autem. Repellendus porro et assumenda quae est illo. In ducimus voluptates nulla aut. Deserunt eveniet vel ut quis. Reiciendis iusto ea aspernatur aut. Eaque soluta error porro animi odit ut.',1,'1978-04-03 09:28:41','2020-06-25 16:23:56'),(150,10,'Non aut repellendus corporis quia.','Omnis impedit asperiores minima ea ipsa illum. Autem ipsa voluptatem vel tempore incidunt. Sit ratione magni quo iste qui voluptatem eos. Explicabo iusto eius optio illum. Tenetur saepe est quia eum voluptas eos.',1,'1974-02-05 22:15:55','2020-06-25 16:23:56'),(150,16,'Tempore consequatur placeat ipsam et dolorem.','Et aut voluptatem sequi eum ut sequi optio. Odit voluptas deleniti iste eius omnis voluptatibus laudantium. Ut labore perspiciatis aut omnis et magni. Molestias fuga ducimus a itaque nihil. Id eaque maiores minus reiciendis cumque ut sit.',1,'2018-08-19 19:27:29','2020-06-25 16:23:56'),(150,118,'Repellendus et et iusto laboriosam ea.','Aut error recusandae qui minima iste labore. Temporibus sed aut sit culpa maiores architecto ducimus. Aut doloribus est dolores doloremque velit. Neque voluptas odio est molestiae necessitatibus saepe et. Et perferendis dolor sapiente consequuntur. Et enim ut debitis dolores et esse.',1,'1993-05-15 17:51:34','2020-06-25 16:23:56'),(151,1,'Et et quibusdam.','Quasi assumenda atque asperiores quasi perspiciatis dolores laboriosam. Est et veritatis rerum. Quod totam ducimus quidem eum accusamus. Dolore qui sed eius ipsam. Architecto laborum cumque ad fugit. Minima alias enim quis sed quam nesciunt. Incidunt enim assumenda qui delectus sit.',1,'1971-07-20 22:25:25','2020-06-25 16:23:56'),(151,107,'Fugiat perferendis qui in.','Recusandae voluptatem incidunt occaecati ipsa dolores illo quisquam. Non aliquid numquam quo ea id ipsum. Cum iure maxime odio consequatur. Voluptatem maiores laborum et est neque qui a. Aut delectus unde libero dolorum dolore atque. Omnis architecto laudantium rerum qui. Aut ab sit voluptates quidem harum consequatur.',1,'1977-12-12 08:02:17','2020-06-25 16:23:56'),(151,173,'Explicabo accusamus tenetur.','Delectus eos eum impedit quod cumque. Qui deserunt et ipsam sed. Voluptas debitis non neque odio. Eveniet commodi facere modi dicta. Vitae aliquam similique possimus itaque dolorem quia dolores. Saepe rem quia aperiam.',1,'1978-12-17 16:41:59','2020-06-25 16:23:56'),(151,181,'Reprehenderit sit natus qui non aut.','Illum sit ut sequi magni voluptatem sit. Molestias illum accusamus cupiditate veritatis qui. Qui qui earum facere illo ea ipsum aut. Ipsa quia numquam quidem fugiat necessitatibus sint. Reprehenderit ipsa libero quia molestiae incidunt quidem ad. Ut quasi minima sed vero dolorem consequuntur. Libero saepe quibusdam reprehenderit quos pariatur debitis rerum. Reiciendis dolor itaque unde laboriosam.',1,'1980-12-21 04:41:14','2020-06-25 16:23:56'),(152,116,'Delectus porro totam dignissimos quis.','Rerum cum quod voluptatibus nisi sunt modi. Eos voluptate dolorem est consequuntur nobis iure hic. Molestias hic quia natus voluptatem repellat. Error hic facere ipsum ex. Minima perferendis hic perferendis. Culpa tempore id optio cum. Maiores consequatur et sint quia sed. Et harum sequi minus molestiae voluptas necessitatibus.',1,'2017-04-28 01:55:39','2020-06-25 16:23:56'),(153,162,'Earum saepe natus nulla ut.','Molestiae incidunt et corporis exercitationem itaque voluptas aut non. Quas dignissimos libero facilis consectetur ullam. Deleniti aut vel saepe voluptas dolor quos expedita. Qui officia facere placeat laborum qui non itaque. Suscipit ut debitis eaque dicta. Eos ut dolore maiores illum.',1,'1975-07-20 12:21:07','2020-06-25 16:23:56'),(154,16,'Nostrum doloremque neque est consequuntur repellat.','Qui modi voluptas necessitatibus cumque vel porro. Est voluptate placeat sint distinctio iusto. Occaecati suscipit facilis asperiores eaque debitis excepturi labore. Velit dolores voluptatem qui animi eos veniam nemo.',1,'2004-11-03 01:56:55','2020-06-25 16:23:56'),(154,56,'Ex ea voluptas.','Voluptas voluptatem sit aut reprehenderit harum consequatur veritatis. In ea et ut laboriosam consequatur enim libero. Est deleniti est dolore sed voluptatibus. Alias sed debitis consequuntur vel. Eveniet reprehenderit dolorum consequatur voluptas et placeat ut. Alias quia libero officia sapiente atque ut.',1,'2006-08-31 13:27:19','2020-06-25 16:23:56'),(154,86,'Veritatis molestiae corrupti possimus.','Voluptatem aut sed ut impedit veniam commodi. Consequatur rerum ut occaecati et. Quod molestias in labore et. Ipsa labore at omnis et cupiditate.',1,'1972-07-09 02:38:46','2020-06-25 16:23:56'),(154,139,'Odio et aut.','Itaque eius qui qui impedit sint. Expedita culpa necessitatibus quis earum. Quod amet dolores inventore voluptate maxime sint eius repudiandae. Incidunt sint id iusto sapiente dolorem facere et. Et dolor nulla magni eius est est omnis. Voluptate totam expedita omnis iusto aliquid impedit ut. Numquam optio quibusdam debitis eos. Ut est voluptas dolorem nobis. Culpa omnis incidunt maiores voluptatum temporibus deleniti.',1,'1993-04-29 20:00:21','2020-06-25 16:23:56'),(155,105,'Eum atque repellat laudantium.','Omnis maiores similique inventore maiores ea accusamus. Accusantium ut aut esse. Magnam et voluptates beatae consequatur et itaque. Et et repellat tenetur vel sed qui ab. Doloribus tempora maxime atque non quod ut dignissimos. Et nemo aperiam corporis accusantium sit et non velit. Iusto recusandae est animi unde. Maxime veniam accusantium rerum nesciunt aut.',1,'2016-07-13 07:31:16','2020-06-25 16:23:56'),(155,116,'Esse repellat dolores.','Officiis aliquid aut sint odit explicabo saepe aut deserunt. Inventore omnis magnam excepturi sed non molestiae quia. Adipisci ut sed ipsa nesciunt. Repudiandae ratione eveniet rerum quasi. Beatae sequi illo sunt quidem. Quaerat omnis aut ad. Dolor fugiat veniam doloremque ab et molestiae.',1,'2012-11-16 06:43:44','2020-06-25 16:23:56'),(155,180,'Aperiam quisquam quia fugit.','Perspiciatis maxime non qui nihil iusto. Quos ratione et aspernatur ea dolore sed. Et culpa eaque minima ea. Ducimus amet odio inventore quod rerum aliquam voluptatem.',1,'1996-06-07 08:10:56','2020-06-25 16:23:56'),(156,117,'Corporis dolores nemo eius.','Ducimus illo iste quo voluptatem eaque doloremque. Quod ut in inventore sed praesentium. Necessitatibus quisquam consectetur quis non accusamus autem cumque. Assumenda tenetur rerum autem qui. Molestias explicabo maiores et quos. Ea nesciunt assumenda quia eligendi facere repudiandae mollitia. Nesciunt ab quia fugiat ut.',1,'1992-11-20 21:53:47','2020-06-25 16:23:56'),(157,87,'Rerum et voluptatem est sit.','Et iure consequuntur sed quis quasi. Tempora mollitia aut laborum voluptas dolorem id. Voluptatum cumque qui molestiae ut velit. Quis illo ut quis iste. Optio repellendus modi quis consequuntur assumenda. Exercitationem accusamus neque cum. Quod voluptas soluta voluptas facilis expedita commodi. Rem mollitia sit nemo pariatur odit quis eveniet.',1,'1980-04-04 06:43:07','2020-06-25 16:23:56'),(157,107,'Hic ipsa necessitatibus aspernatur.','Dolor vitae necessitatibus quibusdam architecto possimus est voluptate qui. Necessitatibus modi omnis exercitationem repellendus itaque et et. Facilis voluptatibus est et eveniet velit qui ut excepturi. Voluptatibus magni officiis voluptatem et consequuntur. Voluptatum ut quo similique in. Iste id dolorum rerum molestiae. Consequatur et corrupti et aperiam error dolores. Officia minus a qui quas itaque. Et repudiandae eligendi vitae deleniti.',1,'2019-06-06 03:29:20','2020-06-25 16:23:56'),(157,145,'Illo sed et beatae.','Sapiente molestiae modi reiciendis vel labore vel. Nobis fugit id tenetur est dolorum rem. Ea porro sed a temporibus aliquam aspernatur nihil. Magni iusto et quos aut qui officia esse.',1,'1990-06-11 20:18:51','2020-06-25 16:23:56'),(158,133,'Et consequatur aspernatur optio.','Voluptas veniam asperiores voluptate voluptas ut magnam. Provident vel in veniam nemo voluptatum eum veniam. Repellendus debitis nostrum adipisci et et quia voluptatem dolor. Error culpa ad vel. Non nesciunt commodi aut qui. Corporis placeat quidem sed velit vel quos. Et reiciendis rem atque velit vel ea. Enim iure sequi praesentium in dolore optio.',1,'2007-04-07 08:41:09','2020-06-25 16:23:56'),(158,137,'Sint quia id praesentium.','Laborum similique magnam architecto eos dolores repellat qui. Sit qui qui est. Velit ullam dolores est earum tenetur. Doloremque quia quisquam expedita iste ad. Nulla dolores architecto aspernatur est veniam veritatis. Voluptatum ipsum est non optio blanditiis voluptas beatae quasi. Libero nostrum qui illo minus reprehenderit maiores aut.',1,'1972-04-04 12:33:30','2020-06-25 16:23:56'),(159,105,'Quis et ex nulla.','Harum aut recusandae saepe sint minima. Ipsam facilis perspiciatis hic dolores corrupti. Sit dicta maxime temporibus amet qui. Sit magnam eum ea molestiae blanditiis dignissimos. Deserunt est at quia sit. Sapiente laudantium non aspernatur a mollitia mollitia. Harum voluptatem minima illum modi repudiandae voluptatem deleniti. Dolor consequatur ullam sapiente debitis odit asperiores sunt qui. Aspernatur magnam officiis ut consequatur tenetur sunt quam.',1,'2019-02-01 10:38:54','2020-06-25 16:23:56'),(159,149,'Nihil cum nihil quia est.','Impedit ut quasi consectetur est velit cupiditate. Sunt incidunt necessitatibus tempora blanditiis. Voluptas dolorem vero ea assumenda error. Est reprehenderit exercitationem animi est in minima quidem. Qui odit voluptatum inventore unde. Aperiam saepe dignissimos magni sint. Recusandae omnis eius modi animi et.',1,'1993-09-01 19:37:02','2020-06-25 16:23:56'),(159,172,'Dolorem quae et nemo sequi.','Fugit fuga consectetur libero quam quae quo maxime. Laborum fugit porro totam sit. Aut aliquam ut labore voluptatem qui molestias. Et labore corporis et et est molestias dolorum. Asperiores numquam magnam neque adipisci. Ratione tempora et voluptatem ullam magni incidunt. At quia nostrum officiis id. Voluptatem nesciunt suscipit nobis.',1,'1990-08-05 10:49:17','2020-06-25 16:23:56'),(160,100,'Voluptatibus autem nemo ut ut.','Quidem ab dignissimos et enim et debitis sint. A quia qui delectus officia. Et laudantium voluptas nisi vel et consectetur reprehenderit velit. Nemo laboriosam omnis reiciendis non placeat omnis. Eum molestias molestiae ipsam fuga accusamus ea soluta cupiditate.',1,'2014-10-22 04:02:11','2020-06-25 16:23:56'),(160,116,'Assumenda tempore praesentium consequuntur in quia.','Consequuntur porro aspernatur harum eius. Velit distinctio ut quo molestias est. Impedit tenetur accusamus et possimus aliquid eos eligendi. Aspernatur aut quia numquam quaerat aliquam quaerat excepturi. Natus voluptatem illo eius ab. Ea ut inventore tenetur perspiciatis autem.',1,'1979-01-24 18:10:41','2020-06-25 16:23:56'),(160,118,'Rem id quis omnis.','Nihil similique omnis est corporis a ut. Sint quia dolorem eum facere vel ex. Commodi in et vero eos ipsa. Voluptates quam cumque nobis ut ipsam. Molestias in dolores consequatur ipsa impedit. Est qui consequatur atque eaque. Libero sed consequatur ad et quasi.',1,'1986-02-23 19:17:18','2020-06-25 16:23:56'),(160,134,'Rerum fuga sapiente qui.','Dolor ea vitae dicta molestiae pariatur adipisci provident laborum. Sit harum delectus et laudantium corporis porro ducimus. Tempore magni enim maiores dolorum aut corrupti accusantium. Et velit et quia consequatur possimus. Qui ut quas est sequi molestiae. Deserunt voluptas et et non saepe voluptatem.',1,'2001-09-15 03:11:01','2020-06-25 16:23:56'),(161,58,'Est est sit tempore voluptas eveniet.','Labore rerum est vel sed est. Facilis quas quod omnis. Enim rerum blanditiis dolor corporis. Quo non et nihil possimus nihil ratione. Iste aperiam sed et. Dignissimos voluptatem laborum blanditiis quisquam. Cupiditate fuga nihil aut. Nostrum optio aut ratione veritatis. Quas ad ut minus in.',1,'1986-04-09 14:31:19','2020-06-25 16:23:56'),(162,192,'Eos reiciendis est labore.','Commodi voluptatem libero corrupti eveniet vero iusto rerum sapiente. Aut rerum accusantium libero error ut. Dolores occaecati velit tempore et. Illum natus velit laboriosam et voluptas ut. Est provident repudiandae eaque soluta. Sequi illum maxime iusto quas velit et quis. Voluptatem quasi voluptates magni. Aspernatur et beatae dolor aliquam nemo maxime quam.',1,'1980-07-07 06:10:32','2020-06-25 16:23:56'),(163,5,'Qui illo rerum et magni dolores.','Similique dolor sit ex et. Nesciunt cum aut iusto ut quia omnis officiis. Vel sit exercitationem molestias et. Laboriosam tempore ab ipsum ratione vel. Sed labore voluptas eligendi ducimus facere natus. Sed eum est magnam sint tempora omnis natus laborum.',1,'1998-04-16 16:47:05','2020-06-25 16:23:56'),(163,187,'Ullam a consequatur dolor laudantium.','Eaque possimus eveniet repudiandae et esse. Consequatur voluptas minus error alias in. Optio occaecati omnis nam. Earum temporibus dignissimos dignissimos. Nemo asperiores similique sint dicta sed ab. Quidem corrupti rerum expedita enim et quo id. Dolorem quasi quo totam officiis sit est accusamus. Ut cupiditate aut laudantium et aperiam nam sed.',1,'2005-09-05 16:51:06','2020-06-25 16:23:56'),(164,62,'Rerum tempore et cumque earum.','Distinctio voluptatem enim nemo debitis. Repellat et est quam omnis et. Suscipit repudiandae voluptates qui aut. Excepturi repellendus ex tenetur doloribus. Aliquam voluptas libero rerum ullam. Est voluptatum libero laboriosam. In blanditiis delectus illum unde consequatur. Vitae voluptatem quia rerum tempore voluptas necessitatibus sed.',1,'1989-12-02 11:42:33','2020-06-25 16:23:56'),(164,84,'In quia pariatur accusamus voluptas odio.','Et totam dignissimos et omnis. Enim maxime maiores consequuntur doloribus rem velit aut. Tempore aperiam corporis fuga cumque quasi. Unde quibusdam et sunt. Dolor consequatur illo molestiae. Quo voluptas occaecati odio in eius ab perferendis autem. Nobis aut error nemo dolores labore. Nihil esse praesentium suscipit dolores minima.',1,'2002-09-02 04:22:45','2020-06-25 16:23:56'),(164,104,'Omnis ut qui sequi eveniet accusamus.','Dolorum nobis molestias omnis reprehenderit. Necessitatibus voluptatum perspiciatis occaecati ut architecto eaque. Qui facere debitis autem est enim ipsa non. Voluptates ut aut dolorem sunt quisquam et quam impedit. Quia placeat natus officiis recusandae tenetur vel quos. Laborum ut maxime sint.',1,'1998-02-09 08:22:51','2020-06-25 16:23:56'),(164,183,'Sit libero rerum quidem.','Rerum omnis officiis explicabo amet impedit qui soluta ut. Labore delectus in modi porro quibusdam vel. Velit eius voluptatem est ut in. Aut quia atque ullam beatae molestiae perspiciatis. Asperiores perferendis et necessitatibus praesentium quas necessitatibus. Esse suscipit laboriosam quibusdam error ex repudiandae. Est officia animi ut esse. Praesentium dolores corrupti non voluptatum totam aut.',1,'1992-12-16 03:38:08','2020-06-25 16:23:56'),(165,53,'Rem facere velit maxime quas.','Quo est et est ut deserunt officia sapiente. Molestias voluptas ab veniam sed hic quibusdam nisi maxime. Vero consequatur qui perspiciatis suscipit eos distinctio quia. Pariatur commodi aperiam iusto occaecati placeat ut consequuntur. Magnam consequatur minus expedita aut.',1,'2009-02-13 11:59:46','2020-06-25 16:23:56'),(165,168,'Suscipit repellendus vitae.','At dolorum pariatur sint aut voluptatem aliquam. Occaecati nesciunt consequatur est sit architecto. Necessitatibus explicabo dolores veniam ullam numquam nihil aspernatur. Perspiciatis hic consequatur ipsa sed veritatis voluptate. Quos eveniet dolores necessitatibus quas quia tenetur. Dolorum earum quia ratione unde necessitatibus quia nobis. Suscipit quam consequatur velit quod porro eius tempora. Non labore porro deserunt dolorem aliquid.',1,'1992-07-19 14:39:14','2020-06-25 16:23:56'),(165,172,'Aut fugiat accusantium.','Consectetur iste sunt perspiciatis sit. Sunt molestiae et veniam tempora labore omnis. Ut sed distinctio dicta dolores alias ea. Aliquam facilis labore velit nihil officia. Impedit deserunt quisquam temporibus aut et. Ut praesentium rerum adipisci rerum laudantium non et incidunt. Qui quae quis quod aut.',1,'1997-11-28 23:54:11','2020-06-25 16:23:56'),(165,188,'Voluptas eligendi at.','Perferendis expedita ullam officiis aut voluptas consequatur. Ullam est nobis beatae. Provident omnis reiciendis ut laudantium aut cum voluptatem. Rerum repellat aliquid modi similique sequi.',1,'1974-07-05 18:38:34','2020-06-25 16:23:56'),(166,74,'Rerum quod rerum soluta est.','Repudiandae aut et suscipit ea dignissimos rerum sunt. Quo aut ea qui et. Assumenda asperiores maiores accusantium et delectus quasi culpa quam. Quos molestiae provident et omnis et consectetur. Quae animi consequatur sed maxime.',1,'1976-06-04 20:16:16','2020-06-25 16:23:56'),(166,108,'Vel fugiat minima ut.','Ut repellendus blanditiis ut non ut eligendi. Vitae vitae ipsum provident sit deserunt. Autem quibusdam aut et in. Natus nostrum incidunt labore a dolores est. Officiis quidem laudantium ut illo sunt ipsam optio. Reiciendis consequuntur vel dolores consequatur enim qui et.',1,'2010-01-27 12:02:50','2020-06-25 16:23:56'),(166,130,'Quis vel qui ullam.','Natus explicabo voluptatem assumenda velit sit velit quasi. Libero assumenda debitis dicta ducimus. Molestiae ut ipsam voluptatem et. Possimus explicabo et debitis itaque est aperiam. Alias possimus corrupti sed ratione sunt sed voluptatem. Corporis qui quaerat quaerat. Earum qui rem quaerat ducimus totam.',1,'1981-05-11 01:59:08','2020-06-25 16:23:56'),(167,47,'Et quis dicta.','Eius dolores ut perspiciatis voluptatem corporis ut. Qui minima ipsam velit et exercitationem voluptas et. Vel doloribus dolorum alias expedita dolorum ea. Ullam amet perferendis ipsa eaque laborum odit.',1,'1994-01-11 06:32:33','2020-06-25 16:23:56'),(168,142,'Enim porro officia corrupti.','Est voluptates doloremque voluptatum architecto ex impedit. Adipisci laborum esse quia ullam rerum. Earum dolore voluptatem quia eaque nihil vel quas. Qui omnis cupiditate ut omnis. Quia assumenda consectetur sed enim possimus cumque et.',1,'1996-06-17 02:59:01','2020-06-25 16:23:56'),(168,146,'Rerum sed consectetur magnam.','Quis ut nihil et sit. Qui reprehenderit atque sequi voluptates modi. Autem quidem non consequuntur doloremque iusto perferendis. Voluptatem illo quia quisquam est autem. Aut culpa qui ex nihil vero possimus blanditiis tempore. Sed doloremque et deserunt ratione sint libero laboriosam. Numquam consequatur corporis vitae qui.',1,'1985-11-20 11:44:20','2020-06-25 16:23:56'),(168,156,'Consectetur nam qui eum.','Consequatur sapiente et et non voluptas et. Quo sed cumque voluptate ducimus quos dolores omnis. Consequatur vel iusto aperiam et. Dignissimos voluptas aspernatur unde dolorem dicta et commodi qui. Et magnam omnis nam esse quam et. Aut officiis non eveniet odio nihil dolores. Autem eligendi vel dolorum voluptatem. Porro atque nesciunt vitae aliquid aliquid accusamus. Dolorum aliquam rerum iure adipisci doloribus nostrum.',1,'2009-10-18 19:00:20','2020-06-25 16:23:56'),(169,102,'Cumque non quia ut saepe.','Praesentium id voluptas cumque est eos qui. Quisquam modi architecto consequuntur qui est recusandae voluptatem inventore. Laboriosam soluta ea suscipit doloremque et quo. Sit mollitia eos nulla ab. Dolores quos enim id dolore cupiditate. Voluptatum totam aut sed sint ratione illum esse.',1,'2009-02-17 06:03:03','2020-06-25 16:23:56'),(169,121,'Cum magni dolor doloribus.','Et excepturi dolores nihil magni nulla fuga. Nemo non porro nobis. Delectus dolorum at quas. Non ea eos quisquam aspernatur autem sit. Illum sit voluptatibus sunt laudantium sed. Voluptatem sint saepe qui odio tempora quia.',1,'2010-10-19 20:59:14','2020-06-25 16:23:56'),(169,151,'Repellat porro eius quisquam.','Itaque nihil voluptas laboriosam enim accusamus ut quidem corporis. Atque itaque expedita vel enim eligendi sit. Fugiat ut magnam in natus. Inventore deleniti dolores dolorum itaque. Totam est et officiis a accusamus veniam. Commodi autem suscipit alias nihil. Totam labore soluta sit rerum. Voluptas modi tempora et. Consequatur reprehenderit dolorem sapiente non non nihil quis.',1,'2004-09-20 03:33:21','2020-06-25 16:23:56'),(169,178,'Voluptatem dolorum non vel.','Aliquid est delectus in minima quia repudiandae. Id totam rem similique earum ullam. Nihil pariatur rerum modi vel praesentium itaque omnis. Commodi velit asperiores incidunt enim. Libero tempora aspernatur nihil labore voluptate illo. Omnis pariatur exercitationem repellendus ratione nihil et aperiam. Et nobis itaque consectetur vitae eaque. Dolor dolores enim fuga voluptatem ut. Minima qui sit excepturi deserunt ut numquam culpa.',1,'1995-05-14 01:38:44','2020-06-25 16:23:56'),(170,3,'Quia id placeat corrupti.','Perferendis voluptatem magnam possimus in. Quis quo rerum cumque provident. Dolores sit quis nulla excepturi ea omnis eveniet. Ab quisquam corrupti unde laudantium aut. Libero et earum quidem. Cupiditate sed et reprehenderit earum nulla.',1,'1974-10-02 03:27:37','2020-06-25 16:23:56'),(170,60,'Animi aut voluptatum aut.','Voluptas commodi saepe aut provident. Quam dolores impedit incidunt ratione ea. Adipisci nesciunt velit impedit molestiae facere. Commodi consectetur est corporis voluptatem provident. Nisi blanditiis non saepe. Incidunt animi quam dolores et. Molestias illo rerum sint quo deleniti necessitatibus.',1,'1984-07-13 13:14:41','2020-06-25 16:23:56'),(170,84,'Similique sed sit pariatur.','Magni quisquam velit dignissimos quia nesciunt debitis. Nisi eos sit praesentium corrupti in quia beatae. Omnis repellat est non animi nisi quia quia. Delectus molestiae aliquid aut assumenda quae. Et qui tenetur harum mollitia consectetur. Enim sint laboriosam iure sunt perferendis enim. Repudiandae sapiente fuga aut. Modi minus qui nemo esse ad.',1,'2015-01-23 05:53:48','2020-06-25 16:23:56'),(170,101,'Non amet rerum explicabo voluptatem harum.','Consequatur doloremque adipisci est cupiditate. Mollitia velit veritatis ad voluptas quo aut ullam. Vero sit unde autem eaque aut. Sed et officiis et dolorem voluptatem nostrum. Odio nihil consequuntur provident. Ex quo vero minima qui. Et nulla illo nesciunt quo eos ipsum sequi possimus. Omnis voluptatum voluptates suscipit atque id repellat.',1,'1987-10-01 17:50:26','2020-06-25 16:23:56'),(171,95,'Quia porro voluptates aut fugit.','Vel sed consequatur et iure maiores minima facilis. Labore consequatur id eum quibusdam nesciunt. Earum fugiat sed dignissimos est saepe rem. Voluptatibus magni velit soluta quo. Et dolores fuga nisi fugit aut animi. Aspernatur non perferendis quod nostrum voluptatem nihil amet. Molestiae officia quibusdam fugit quia aut. Impedit voluptatem aspernatur quasi est blanditiis exercitationem.',1,'2016-08-05 18:16:27','2020-06-25 16:23:56'),(171,144,'Dolore iure doloribus ipsum.','Voluptate est eligendi aut beatae. Doloremque assumenda odio laboriosam provident rerum voluptatibus ipsum. Magnam sit quas et voluptatem praesentium voluptatibus et. Modi facilis quos officia explicabo. Earum quis eos pariatur est voluptas. Repellendus qui id assumenda voluptas labore reprehenderit. Pariatur et et magnam inventore qui.',1,'2009-04-04 19:34:20','2020-06-25 16:23:56'),(171,169,'Autem non corrupti.','Eum aliquid reiciendis inventore magni explicabo. Nulla enim illum sapiente repellat harum. Temporibus quaerat hic aut. Harum quidem laborum qui inventore magnam. Expedita necessitatibus sed exercitationem quibusdam quo debitis. Quis necessitatibus vero hic voluptatem. Hic fuga sit repellat architecto est voluptatem corrupti repellendus.',1,'1989-04-20 03:55:46','2020-06-25 16:23:56'),(172,9,'Et aut aut tempore debitis.','Odit rem deserunt quod quis. Unde omnis recusandae ratione quo culpa adipisci est. Ea occaecati impedit commodi. Est excepturi quaerat hic repellat ut quod aspernatur odit. Eos quaerat rerum possimus. Nulla est accusamus aut. Illum perspiciatis nemo quis. Dolore in reiciendis nemo in ab.',1,'1984-03-16 09:29:49','2020-06-25 16:23:56'),(173,115,'Nulla sed voluptatem facere dolor.','Ut accusantium minus est repellendus non asperiores qui hic. Nisi dolor quo molestiae aut qui. Ea exercitationem deleniti nam id rerum et. Minus incidunt doloremque aspernatur est assumenda sit veritatis. Ullam vitae vel libero autem. Rem et officiis rerum vel rem est ipsa. Deleniti sequi maiores dolores cum velit.',1,'1976-12-23 15:15:41','2020-06-25 16:23:56'),(173,156,'Libero molestiae hic dolores.','Provident nam tenetur voluptatem quo quae quia quo. Illum ipsa eius quidem dolore cumque sit molestias modi. Consequatur magnam pariatur omnis aut ea voluptatem accusantium autem. At sint amet eius esse unde. Est voluptate placeat occaecati repellendus. Quaerat accusamus nihil quos ipsa quia.',1,'1991-05-09 01:18:41','2020-06-25 16:23:56'),(173,160,'Autem distinctio unde.','Omnis voluptatibus modi unde tenetur quis. Eligendi non aut dicta est ratione ea eius. Sit quod nostrum perspiciatis in quo error. Ipsum qui ad atque aspernatur velit. Ut iste voluptas veritatis voluptatibus placeat. Praesentium iusto sint sint vel. Tenetur et omnis velit accusamus cum libero.',1,'1984-04-22 08:42:02','2020-06-25 16:23:56'),(173,195,'Quisquam ad velit excepturi est fuga.','Est id sit sequi voluptatem. Voluptatem maiores voluptatibus repellat in laboriosam. Aut aut unde quis dolores explicabo placeat mollitia. Nihil est odio nostrum possimus officiis repellendus. Aut eos corrupti assumenda dolorem sed perferendis. Qui id velit est et in sed aperiam. Vel rerum quidem beatae.',1,'1995-02-09 09:32:29','2020-06-25 16:23:56'),(174,12,'Odit in quas est praesentium.','Accusamus reprehenderit et veniam vel quidem laborum repellendus. Et vel laudantium iusto recusandae. Ea libero et et veritatis porro aut. Qui dicta quod nesciunt delectus quia fugit fugiat voluptates. Vitae iure velit neque. Sed distinctio ea nihil sit asperiores aut esse.',1,'1981-11-07 17:40:04','2020-06-25 16:23:56'),(174,40,'Quia fugiat assumenda est corporis.','Nesciunt molestias qui praesentium ut et omnis. Doloribus vero totam nihil culpa qui. Et ea temporibus mollitia et minus vel at. Voluptatem qui repellendus quae at.',1,'1992-07-04 18:06:32','2020-06-25 16:23:56'),(174,179,'Quo odit quibusdam sit ratione.','Sed in debitis eveniet dignissimos cupiditate. Quia voluptas adipisci ut nobis ipsam. Rerum quasi et consequatur iste tenetur illum illo ut. Laudantium harum optio dolore veniam dolore ex reiciendis. Ea asperiores corporis praesentium et totam est. Eligendi ut ducimus cupiditate odit et officia nulla alias. Harum enim voluptatem et sapiente hic tempora sapiente. Officiis sed amet ullam reiciendis error non molestias.',1,'1989-01-25 01:22:33','2020-06-25 16:23:56'),(175,71,'Corporis et atque dolorem atque culpa.','Sed omnis et assumenda saepe non. Laborum maxime ut quidem excepturi asperiores exercitationem rerum. Voluptas aut maxime aut at ipsa iusto minima. Ea commodi ducimus ut voluptas molestias id recusandae. Sint cumque consequatur quia atque. Provident hic consequuntur omnis mollitia autem dolorum.',1,'1976-09-09 00:14:34','2020-06-25 16:23:56'),(175,122,'Minima quo error.','In et quia veritatis praesentium veritatis quod laborum. Facilis ut ipsa sit. Atque dolorem quisquam vel doloremque. Laborum minus deleniti non et ipsa. Alias quia est eum rerum minima illo praesentium. Repudiandae vel voluptate vel ea quidem numquam. Et reiciendis rerum eligendi.',1,'1988-10-10 06:26:02','2020-06-25 16:23:56'),(175,123,'Sit necessitatibus itaque et.','Velit corporis sint sapiente et eaque. Ipsum tempore quisquam sunt rerum. Deserunt ducimus et laboriosam porro voluptate et. Ut sit ea non et. Accusantium qui voluptas neque hic. Ullam veniam voluptas repellendus nisi ullam id alias. Voluptate deleniti quia earum eum illo cumque. Laborum omnis non dolor qui aut tenetur.',1,'2015-11-17 06:57:35','2020-06-25 16:23:56'),(175,159,'Autem tempora illum quia.','Maiores ipsam perspiciatis nesciunt. Dolorum quasi accusantium fuga cum repellendus unde. Distinctio ab consequuntur consequatur quis. Illo aspernatur quam et nisi velit earum earum.',1,'1996-07-31 23:35:27','2020-06-25 16:23:56'),(176,86,'Magnam quia quod ab iusto rerum.','Pariatur voluptates tempore esse placeat asperiores quaerat nam. Sit consequatur accusamus facilis libero. Necessitatibus nemo deleniti nobis quo quibusdam numquam commodi. Tempore voluptates vitae et ab recusandae. Nesciunt facere amet assumenda consequatur. Placeat omnis asperiores impedit consequatur impedit voluptate laudantium. Deleniti incidunt tenetur autem et nobis accusamus doloribus. Non et illo asperiores id quos non maxime.',1,'2020-05-26 00:32:44','2020-06-25 16:23:56'),(177,25,'Qui et temporibus ipsam ullam omnis.','Qui ut quia quasi vel omnis. Omnis deleniti quis dolores et dolores. Qui error et sit adipisci est. Ut pariatur ut odit facilis nam quo animi voluptatem. Eligendi incidunt dolorem mollitia assumenda reprehenderit.',1,'2014-01-27 17:46:25','2020-06-25 16:23:56'),(177,58,'Aut pariatur possimus aut optio sequi.','Quia enim ut ut veritatis eos. Quas cumque nihil sequi. Delectus fuga corporis et voluptatem at dolores velit. Totam est accusantium incidunt fuga facere qui non dignissimos. Illo est non alias quaerat consequatur. Officiis non aut blanditiis velit dolorem voluptatem. Asperiores deleniti tempora voluptatem aperiam animi aut.',1,'2013-04-03 18:42:20','2020-06-25 16:23:56'),(178,37,'Vitae voluptas autem labore sint.','Iste et est id consequatur. Doloribus voluptate ut atque nisi officiis. Et qui nemo repudiandae est eveniet neque magni. Consectetur aut qui optio quod totam sit. Aut reiciendis repellendus molestiae optio non dignissimos id temporibus. Occaecati suscipit veniam est nemo.',1,'1987-06-26 23:02:58','2020-06-25 16:23:56'),(178,49,'Aut a aliquam.','Accusantium consequatur corporis dolores atque facere dolorum error. Voluptas est omnis consequatur nam enim voluptas quia. Incidunt excepturi sint nobis aut qui. Natus odio odit sint velit possimus. Dolorem illo nihil eos repudiandae.',1,'1998-12-26 12:50:16','2020-06-25 16:23:56'),(178,84,'Ipsum ut quia ut.','Mollitia et consequuntur quia sint illo omnis earum. Est tenetur nulla laudantium esse voluptate id culpa. Dignissimos sit possimus omnis autem ducimus. Aut mollitia at vel tempore. Amet eveniet saepe dolor aut nostrum et dicta. Non eum nulla rem et sunt est at.',1,'2020-05-10 16:38:33','2020-06-25 16:23:56'),(178,141,'Necessitatibus aut cumque dolore.','Necessitatibus placeat rerum et ipsam amet voluptas. Ullam molestias in aliquam consectetur vel debitis laboriosam est. Possimus laborum modi perferendis quia modi. Qui aut sunt natus nihil in eligendi eligendi ut. Vitae nisi reiciendis dignissimos sunt explicabo. Ducimus occaecati saepe molestiae esse id sed autem. Omnis qui dolorum sapiente qui modi cumque accusantium. Et aut neque et corporis.',1,'1970-11-23 13:00:58','2020-06-25 16:23:56'),(178,178,'Voluptas quos porro quod accusamus.','Laudantium necessitatibus et ducimus illo facere expedita. Dolores adipisci facilis aliquid voluptas nobis voluptas hic. Reprehenderit quos excepturi consectetur ab ab ut aliquid. Sequi provident praesentium mollitia. Autem sint et quia aut est exercitationem.',1,'1987-02-01 10:52:42','2020-06-25 16:23:56'),(179,11,'Quis necessitatibus sit.','Et deleniti sed tenetur nulla voluptates quia quas. Nihil ut soluta laudantium enim ea. Et eius ea necessitatibus voluptatem et. Beatae quo est magnam exercitationem. Natus ut at quisquam.',1,'1981-06-25 19:59:50','2020-06-25 16:23:56'),(179,14,'Hic suscipit consequatur.','Non similique recusandae in et dolores quo. Autem quaerat blanditiis quo sint aut voluptas. Nostrum perspiciatis qui in eum maxime. Aut dolorem voluptatem et quis iure sunt placeat. Fuga illo soluta maiores libero et dicta facilis.',1,'1987-11-22 15:03:09','2020-06-25 16:23:56'),(180,28,'Qui fuga atque hic eos.','Atque itaque quo id pariatur consequatur. Et voluptatum vel omnis distinctio et totam. Laboriosam ut facere saepe officiis velit deserunt sed. Accusamus laudantium iste voluptatum voluptatibus est aut sed. Rerum officia fuga ut itaque voluptatum harum. Commodi sint deleniti expedita ut voluptatem autem. Tempore sunt quo commodi at alias et. Non repellendus veritatis velit vel distinctio repudiandae qui facere.',1,'1993-12-09 20:56:24','2020-06-25 16:23:56'),(180,34,'Fugit reprehenderit facilis tempore.','Quasi fugit in et hic sapiente. Eum odit ducimus vel quasi. Placeat officia atque qui natus aut consequatur enim. Ratione ut at quia qui. Ut itaque iste ex vel. Fuga sint amet recusandae quia iure dignissimos pariatur. Molestias atque et doloremque. Veniam officia voluptatem enim.',1,'1974-01-14 02:06:26','2020-06-25 16:23:56'),(180,40,'Minima incidunt harum error velit optio.','Eos quasi unde quisquam impedit. Quis quidem veniam quia ad porro sit voluptatem necessitatibus. Et omnis doloremque voluptatem maiores molestias enim. Quas accusantium vel vel excepturi architecto. Quos placeat sit velit minus et quas assumenda voluptatem. Et ea voluptas qui quidem quia. Culpa eaque ut quos quae. Ut ea sit pariatur.',1,'1999-09-02 19:53:11','2020-06-25 16:23:56'),(180,44,'Aut recusandae quidem commodi.','Qui architecto vel minus sed. Et corporis odio ut sint sed sequi. Et quasi eum impedit. Nam modi ad dolorem consectetur soluta excepturi. Dignissimos tempore voluptas voluptas voluptatem molestias. Omnis deserunt porro modi qui. Neque quo perferendis et odio quam recusandae temporibus.',1,'2015-05-22 18:25:12','2020-06-25 16:23:56'),(181,39,'Temporibus consequatur soluta error aut eaque.','Nemo ipsa facere pariatur est corrupti assumenda. Hic voluptatem vel molestiae modi. Amet culpa libero mollitia voluptates. Sunt voluptatem at voluptas est. Sit commodi necessitatibus dicta.',1,'1995-05-08 04:17:41','2020-06-25 16:23:56'),(181,71,'Fuga vero dolor eum eos.','Sapiente omnis velit aperiam accusamus nam velit. Amet illo recusandae aspernatur et animi dolorem cum. Aut est possimus ea illum eos aut. Et officia nesciunt sapiente ipsam sapiente est. Modi assumenda fugiat ea dolor dicta ab. Soluta ipsa et eum voluptas quidem autem voluptatem temporibus. Consequatur sed nobis optio id ducimus.',1,'1999-05-25 12:36:01','2020-06-25 16:23:56'),(181,77,'Qui tempore vel omnis.','Tempore et rerum autem. In quia iste voluptatem fuga quas aut. Provident nam assumenda hic doloremque sed odit. Nemo sed asperiores consequatur autem.',1,'1975-06-03 10:06:25','2020-06-25 16:23:56'),(181,181,'Et qui recusandae et quia.','Non id et eligendi eius. Et expedita harum beatae dolores sint. Animi iusto vitae sit soluta aut numquam deleniti atque. Dolore sed animi at est nesciunt quisquam. Est quaerat asperiores repellendus natus atque distinctio. Nostrum consectetur qui reprehenderit neque esse. Consequuntur aperiam quae sed rerum qui alias. Nisi dolor harum quidem et est quia. Sequi quae minus et deserunt animi tempora vitae fugiat.',1,'2015-06-29 08:16:40','2020-06-25 16:23:56'),(182,19,'In qui sed perferendis excepturi.','Occaecati qui in veniam. Facere ea quia placeat ipsam veritatis quo enim. Enim culpa maxime eos tempore exercitationem. Nulla et id nisi mollitia sequi. Hic suscipit cum aliquid quaerat rerum exercitationem. Est velit aperiam consequatur totam illo est.',1,'1987-03-31 17:29:30','2020-06-25 16:23:56'),(182,50,'Aperiam temporibus quo eum.','Sed excepturi et sit consequatur quam. Quis possimus repudiandae saepe eum odit facilis amet quasi. Eius nesciunt est earum tempore tempora. Et illum sunt et repellat placeat nisi.',1,'1988-03-09 10:06:10','2020-06-25 16:23:56'),(182,89,'Quo rerum deleniti.','Et eius quis quod similique et doloremque. Repellat accusantium mollitia amet quam eaque doloribus est. Qui qui ducimus ut rerum molestiae voluptatem iure. Consequatur et voluptatem occaecati explicabo magni fugit vitae. Consequuntur magni reiciendis qui voluptatum totam ipsum. Ex perspiciatis dolorem inventore qui officiis. At qui quis rem perferendis exercitationem voluptas qui.',1,'1976-04-12 10:56:20','2020-06-25 16:23:56'),(182,95,'Dolor qui tenetur.','Dignissimos neque laboriosam aperiam eos. Quia praesentium consequatur qui officia qui. Et repellendus quo suscipit molestias. Accusantium ipsa dicta ratione et delectus aut odit. Ducimus et quis rerum in voluptatem omnis pariatur.',1,'1996-04-29 11:15:28','2020-06-25 16:23:56'),(182,127,'Tenetur repudiandae aut ab rerum et.','Nobis eos eaque quia. Doloremque iure pariatur illum. Temporibus culpa voluptatibus odit rem. Et veniam laboriosam voluptatem minus. Ad asperiores libero non itaque. Velit esse ab dolorem. Eius veritatis deleniti ipsam aut itaque enim perspiciatis.',1,'1972-01-10 21:47:29','2020-06-25 16:23:56');
/*!40000 ALTER TABLE `user_movie_reviews` ENABLE KEYS */;
UNLOCK TABLES;

--
-- Table structure for table `user_movie_scores`
--

DROP TABLE IF EXISTS `user_movie_scores`;
/*!40101 SET @saved_cs_client     = @@character_set_client */;
/*!50503 SET character_set_client = utf8mb4 */;
CREATE TABLE `user_movie_scores` (
  `user_id` int(10) unsigned NOT NULL,
  `movie_id` int(10) unsigned NOT NULL,
  `score` tinyint(4) DEFAULT NULL,
  `created_at` datetime DEFAULT CURRENT_TIMESTAMP,
  `updated_at` datetime DEFAULT CURRENT_TIMESTAMP ON UPDATE CURRENT_TIMESTAMP,
  PRIMARY KEY (`user_id`,`movie_id`),
  KEY `movie_id` (`movie_id`),
  CONSTRAINT `user_movie_scores_ibfk_1` FOREIGN KEY (`user_id`) REFERENCES `users` (`id`),
  CONSTRAINT `user_movie_scores_ibfk_2` FOREIGN KEY (`movie_id`) REFERENCES `movies` (`id`)
) ENGINE=InnoDB DEFAULT CHARSET=utf8 COLLATE=utf8_unicode_ci;
/*!40101 SET character_set_client = @saved_cs_client */;

--
-- Dumping data for table `user_movie_scores`
--

LOCK TABLES `user_movie_scores` WRITE;
/*!40000 ALTER TABLE `user_movie_scores` DISABLE KEYS */;
INSERT INTO `user_movie_scores` VALUES (1,8,2,'2006-04-16 04:11:31','2012-04-17 16:08:45'),(1,32,6,'2005-10-30 05:23:03','1973-08-29 23:01:10'),(1,33,8,'1980-01-03 09:35:47','2002-07-16 21:55:37'),(1,91,4,'1970-10-15 16:07:12','1973-09-22 18:23:27'),(1,106,8,'2020-06-09 17:10:41','2017-01-24 08:16:47'),(1,137,1,'1990-09-10 00:15:52','1970-08-09 21:29:52'),(1,147,1,'1971-12-30 06:01:14','1989-06-09 18:02:33'),(1,161,9,'2008-08-07 16:12:48','1988-04-12 13:04:08'),(1,165,3,'2010-09-04 20:57:36','1976-03-05 09:25:01'),(1,171,9,'1994-06-13 03:17:49','2018-02-18 02:53:37'),(2,22,6,'2003-01-22 03:31:18','2017-12-01 01:52:17'),(2,58,2,'2014-12-09 03:38:32','1983-09-19 00:16:36'),(2,67,5,'1984-10-06 12:23:56','2010-02-28 00:33:40'),(2,90,7,'2001-08-30 18:12:18','2008-11-13 20:08:29'),(2,94,4,'2018-05-16 13:09:56','2010-05-02 08:46:09'),(2,111,5,'2014-10-22 00:36:39','2020-06-06 04:12:12'),(2,122,8,'1990-08-13 21:47:57','2008-12-12 05:00:10'),(2,162,4,'1999-12-15 03:40:27','1996-06-27 08:42:33'),(2,176,3,'2008-05-08 09:03:11','1973-08-08 03:58:53'),(2,177,9,'1975-01-09 06:25:18','1985-07-13 09:18:02'),(3,1,10,'1982-09-02 13:23:25','1978-10-27 09:41:13'),(3,11,3,'1973-01-10 05:19:47','1982-06-28 11:12:58'),(3,13,7,'1981-03-18 21:52:18','2013-05-28 10:02:13'),(3,67,3,'1993-09-20 16:32:01','1990-07-02 01:14:07'),(3,107,3,'2017-03-30 15:34:48','2003-03-01 13:06:35'),(3,116,1,'2018-11-20 17:15:32','1997-09-27 10:19:29'),(3,148,5,'2006-02-22 11:34:48','1979-04-01 13:08:45'),(3,168,2,'2001-06-07 17:39:24','2000-07-01 09:28:50'),(3,173,1,'1983-09-26 20:28:00','2007-06-12 19:50:03'),(3,200,6,'1980-08-08 03:45:31','2009-07-06 10:16:01'),(4,3,7,'2010-12-20 19:09:42','1982-04-13 10:16:03'),(4,35,10,'2009-06-06 14:46:30','1982-11-16 12:01:36'),(4,48,2,'1998-09-25 11:48:03','1975-09-27 03:31:20'),(4,70,3,'1993-07-15 21:30:18','2012-07-16 13:42:00'),(4,95,7,'1977-09-08 11:50:42','1992-12-24 02:09:51'),(4,103,6,'2000-03-11 20:25:30','1979-11-16 01:43:53'),(4,157,2,'1972-12-26 14:14:49','1986-05-17 20:21:33'),(4,163,7,'1998-03-13 14:38:10','1986-09-25 10:41:53'),(4,181,2,'2016-10-04 07:27:58','2014-07-04 11:24:02'),(4,200,9,'2012-05-25 13:19:31','2017-04-04 09:05:22'),(5,1,8,'2015-08-26 09:12:46','1999-11-21 13:38:54'),(5,26,4,'1980-05-21 12:33:23','2006-05-09 11:11:33'),(5,70,5,'2016-08-11 17:42:43','1992-08-29 04:07:41'),(5,76,10,'2007-04-06 20:38:04','2005-07-26 21:28:25'),(5,88,10,'1970-07-08 12:13:26','1985-09-06 23:03:21'),(5,114,5,'1979-06-28 22:45:48','1989-03-30 14:08:59'),(5,145,4,'1982-04-14 22:57:55','1985-12-05 04:30:10'),(5,159,2,'1977-09-20 03:14:18','1997-09-02 08:53:02'),(5,160,8,'2012-01-07 09:26:08','1981-02-22 06:19:03'),(5,178,9,'1996-08-16 03:00:50','1996-01-10 22:50:14'),(6,5,8,'1980-04-28 05:14:59','2002-07-25 03:00:34'),(6,97,9,'1998-12-14 14:02:42','2000-05-10 05:23:19'),(6,98,9,'1997-01-18 19:52:14','2001-12-16 16:23:41'),(6,121,4,'2009-05-09 11:23:38','1995-05-03 17:54:09'),(6,125,1,'1977-11-30 10:12:04','2009-03-05 05:29:36'),(6,138,6,'1998-09-06 19:51:44','1991-11-29 17:10:32'),(6,156,7,'1970-03-08 01:25:41','2013-07-08 09:01:27'),(6,168,3,'1975-06-18 11:22:03','2010-03-24 21:45:38'),(6,171,7,'1979-05-24 12:40:58','1975-12-11 11:58:59'),(6,186,6,'1999-08-16 03:51:25','1979-01-26 11:12:04'),(7,41,3,'2003-07-19 06:20:11','1981-04-28 00:00:23'),(7,101,9,'1988-07-21 23:14:37','2014-04-23 04:12:45'),(7,104,7,'2005-05-29 05:16:50','2012-04-21 22:21:23'),(7,111,4,'1983-12-11 09:59:17','1993-04-17 19:49:02'),(7,141,2,'2000-11-04 23:09:20','2006-07-25 03:20:19'),(7,158,10,'2020-02-29 12:38:14','2012-03-07 19:34:05'),(7,170,3,'2013-06-16 02:54:21','2020-02-02 18:05:52'),(7,179,4,'2013-04-02 10:18:36','1974-10-21 14:59:46'),(7,191,5,'2000-09-13 14:58:35','1980-08-23 05:17:42'),(7,196,1,'1971-10-30 13:12:07','1984-10-26 20:32:53'),(8,22,2,'2001-07-29 19:35:50','2003-11-30 06:02:29'),(8,29,6,'1996-04-17 09:01:39','2015-01-18 21:11:48'),(8,31,8,'2012-11-22 03:12:05','1979-04-05 22:36:21'),(8,36,8,'1978-11-10 09:20:03','1985-05-30 21:50:10'),(8,42,1,'2005-05-07 05:43:55','2019-12-09 16:03:31'),(8,68,1,'2011-10-19 15:59:11','2013-11-23 05:20:26'),(8,105,8,'2020-05-22 22:29:27','1974-03-28 10:18:50'),(8,136,4,'1985-12-06 01:47:55','2009-12-27 01:23:17'),(8,143,10,'2005-06-09 18:51:14','1997-01-31 02:54:32'),(8,176,4,'1971-12-14 07:53:39','1991-09-21 11:43:51'),(9,3,5,'2008-11-18 19:02:00','2011-09-19 16:43:31'),(9,13,9,'1973-01-25 23:41:45','2003-06-03 23:52:49'),(9,30,4,'1982-04-15 04:28:54','1978-11-11 17:13:57'),(9,67,7,'1995-03-23 16:45:25','1972-07-01 15:08:58'),(9,73,6,'2000-08-20 15:01:53','1971-07-04 13:18:22'),(9,75,10,'1982-04-16 11:13:16','1985-11-05 11:53:06'),(9,82,7,'2006-01-19 06:56:41','1996-12-01 12:59:09'),(9,99,4,'1995-11-22 20:46:07','2006-11-27 22:34:30'),(9,156,5,'1972-10-28 21:22:38','2009-10-03 10:39:46'),(9,181,8,'1976-10-29 08:43:22','2012-02-01 04:55:32'),(10,6,6,'2020-06-01 08:54:22','2001-08-20 23:49:09'),(10,30,6,'1989-03-01 17:47:34','1991-04-29 21:58:47'),(10,50,8,'1975-01-24 18:51:16','2015-09-30 08:21:02'),(10,76,8,'2001-05-17 15:19:51','1989-09-10 12:10:50'),(10,83,8,'1974-10-10 13:03:04','1977-09-24 02:40:00'),(10,91,4,'1997-10-07 11:27:10','1990-07-20 06:38:59'),(10,103,9,'1978-10-13 06:40:54','1991-08-21 01:16:14'),(10,131,6,'2003-04-28 00:27:12','2009-05-12 10:31:09'),(10,167,9,'2004-06-04 10:35:10','1992-11-18 13:38:53'),(10,183,9,'1997-09-05 21:50:25','1975-12-31 02:26:07'),(11,13,4,'2020-06-08 06:51:51','1993-08-27 14:32:28'),(11,36,6,'1971-09-17 12:59:42','1980-03-22 05:48:30'),(11,102,9,'2017-01-04 16:02:08','1999-04-07 22:46:39'),(11,112,1,'2011-11-07 20:23:28','2007-02-18 15:16:09'),(11,115,9,'2002-12-15 14:50:55','1981-08-12 16:24:37'),(11,138,10,'1989-05-28 05:20:49','1974-12-18 10:06:34'),(11,144,10,'1996-12-03 18:34:30','2018-11-22 04:00:53'),(11,169,4,'2015-08-16 03:28:16','2004-03-11 09:03:01'),(11,173,3,'2009-10-29 03:21:44','2015-02-10 01:43:33'),(11,197,1,'1971-10-02 11:19:36','1991-04-26 13:19:37'),(12,4,6,'1992-07-14 15:50:32','2017-03-05 19:14:11'),(12,22,4,'1998-07-21 03:27:10','1991-06-04 23:42:48'),(12,62,7,'1972-12-12 00:39:33','2008-04-20 04:27:49'),(12,94,9,'2008-05-20 03:41:17','2009-09-07 03:41:22'),(12,99,2,'1987-11-12 08:34:06','1999-09-19 04:28:26'),(12,103,6,'1995-12-28 11:43:46','1971-01-05 20:48:43'),(12,124,5,'1973-07-16 03:53:29','2014-01-01 20:10:53'),(12,127,9,'1977-02-21 02:53:46','2002-07-24 07:58:26'),(12,149,7,'2000-08-08 05:25:58','2001-04-18 20:38:35'),(12,183,1,'1983-11-08 04:54:29','1981-03-17 06:02:51'),(13,16,7,'2007-09-05 20:23:05','1983-05-21 16:24:46'),(13,25,2,'1995-01-25 17:50:58','1978-11-28 20:33:51'),(13,47,6,'2008-08-25 21:26:14','1970-10-15 12:35:12'),(13,67,3,'1974-09-05 11:08:06','1980-05-30 06:07:29'),(13,83,9,'2016-09-05 23:13:45','1982-05-03 21:39:27'),(13,88,3,'1972-02-21 14:13:00','2009-09-23 00:09:03'),(13,117,6,'2019-12-04 14:41:25','1979-08-20 01:43:14'),(13,149,1,'1996-02-18 06:32:36','2017-07-24 06:20:22'),(13,153,2,'1999-07-24 05:13:08','1980-12-18 05:43:16'),(13,171,3,'1998-01-14 18:40:12','2007-06-14 01:04:40'),(14,17,6,'1999-09-03 12:23:05','2002-04-14 05:55:44'),(14,19,2,'2000-03-09 18:33:15','1970-02-11 04:25:33'),(14,30,3,'2013-07-11 08:06:15','1980-07-08 15:45:12'),(14,45,10,'2012-12-17 00:21:54','2014-06-25 05:08:07'),(14,67,1,'2000-09-20 00:51:39','2005-06-30 16:01:42'),(14,98,4,'1976-09-17 13:22:08','1972-06-07 22:37:30'),(14,113,8,'1989-11-27 08:35:23','2017-08-28 17:44:41'),(14,145,2,'2008-10-03 21:46:26','1978-01-30 08:31:56'),(14,175,1,'1973-02-01 14:11:19','1992-11-05 11:46:32'),(14,183,7,'2010-03-07 16:03:13','1998-08-10 03:02:48'),(15,7,3,'1976-05-22 21:58:53','1990-12-12 11:40:41'),(15,27,8,'1997-04-27 20:01:07','1986-08-08 17:22:45'),(15,32,2,'2005-09-26 20:36:54','1984-10-17 22:08:22'),(15,51,6,'1971-09-18 07:28:48','1998-03-02 07:18:20'),(15,76,9,'2018-03-16 01:31:40','2015-02-01 04:02:00'),(15,78,9,'2017-03-07 14:18:02','1994-11-05 20:34:44'),(15,123,2,'1970-08-03 00:11:27','2004-06-30 13:22:33'),(15,148,2,'1991-06-13 05:31:50','2020-01-13 13:46:42'),(15,149,2,'1998-06-18 17:44:39','1975-11-21 03:46:41'),(15,199,7,'2001-03-15 04:32:57','1985-12-20 19:01:56'),(16,24,7,'2013-12-04 01:36:08','2016-10-29 10:42:51'),(16,34,4,'1998-07-06 03:53:05','2011-03-02 19:41:07'),(16,42,8,'1972-08-07 19:05:27','2013-10-22 07:43:17'),(16,52,10,'1980-06-02 18:35:48','1976-05-29 11:34:05'),(16,64,4,'2016-04-10 20:51:23','1999-05-08 15:49:23'),(16,68,6,'2005-01-17 15:14:16','2017-09-21 17:07:48'),(16,91,1,'1982-07-20 12:51:24','1975-01-19 16:25:49'),(16,113,6,'1975-03-31 16:55:36','1982-02-18 11:23:35'),(16,123,2,'2013-03-22 02:47:37','1975-02-02 07:13:29'),(16,133,7,'2009-09-10 17:00:08','2007-11-22 01:50:51'),(17,19,4,'1990-01-28 21:16:41','2014-10-10 17:27:22'),(17,24,8,'2015-09-19 02:55:28','1996-12-30 13:41:11'),(17,28,10,'1973-03-13 21:43:08','2011-01-23 12:54:33'),(17,62,4,'2014-01-21 10:21:51','1995-03-07 10:30:15'),(17,77,6,'2012-06-22 01:12:24','1979-01-03 12:33:23'),(17,95,3,'1983-02-16 18:49:53','1992-02-18 17:53:07'),(17,104,7,'1999-02-07 20:12:38','2017-09-08 20:24:19'),(17,128,9,'1977-10-22 08:40:11','1997-01-10 14:11:39'),(17,170,8,'2000-10-11 08:04:20','2012-08-01 03:52:55'),(17,196,7,'2006-12-27 01:39:42','1977-06-13 20:32:11'),(18,14,8,'2010-12-30 04:08:24','2007-03-25 23:01:11'),(18,21,8,'1978-12-13 14:55:13','1989-08-17 19:59:53'),(18,48,3,'1970-03-19 16:51:42','1996-11-28 13:44:54'),(18,55,8,'1973-04-29 19:18:43','2007-12-21 10:27:17'),(18,73,5,'1987-05-11 02:10:47','1992-11-08 15:28:02'),(18,96,7,'2016-01-26 23:17:29','2002-10-28 18:47:35'),(18,107,2,'2002-09-06 05:53:44','1980-12-22 18:14:01'),(18,135,8,'2000-09-18 07:13:36','1989-12-20 18:52:09'),(18,136,5,'2004-02-15 20:08:29','1978-01-11 12:54:36'),(18,158,5,'1975-10-13 07:36:46','2003-08-30 12:04:10'),(19,10,4,'2015-12-08 18:26:19','2019-05-14 14:48:25'),(19,11,3,'2012-04-18 17:49:41','2003-04-20 15:57:11'),(19,33,9,'2001-04-08 20:15:56','2002-11-01 12:16:09'),(19,80,5,'2015-04-17 16:34:30','2008-07-26 21:21:59'),(19,99,1,'1970-03-02 10:20:19','1971-05-09 11:11:54'),(19,132,1,'2005-02-11 15:06:07','2018-07-05 12:24:55'),(19,178,4,'1991-05-06 23:10:15','1984-07-06 04:51:06'),(19,179,6,'1989-04-25 22:30:35','1982-07-15 00:51:48'),(19,180,4,'1986-11-06 06:06:43','1977-02-13 04:20:28'),(20,14,4,'2012-08-02 19:46:50','1980-09-02 23:35:41'),(20,51,2,'2010-12-07 19:50:34','2004-01-06 06:09:35'),(20,64,3,'1976-06-30 10:12:35','2014-12-10 15:35:52'),(20,90,2,'2003-07-28 01:56:49','2012-03-22 20:03:35'),(20,94,9,'2013-12-24 22:26:25','1983-04-15 03:22:53'),(20,117,2,'1998-08-20 10:45:03','2004-11-24 00:30:47'),(20,125,4,'1998-06-24 18:13:30','2004-03-13 23:04:22'),(20,162,7,'1990-05-28 06:16:31','2005-05-21 21:08:19'),(20,192,6,'1984-02-15 05:43:36','1999-08-16 07:35:42'),(21,37,7,'1988-07-31 15:42:50','1984-12-22 18:09:05'),(21,38,6,'2014-02-06 04:27:41','1982-01-05 04:56:19'),(21,57,2,'1972-06-06 09:20:15','1986-09-22 21:09:58'),(21,61,7,'1979-11-13 21:55:25','2001-06-04 06:01:00'),(21,71,10,'2012-11-01 05:49:23','1980-04-19 01:42:46'),(21,128,10,'2012-09-23 15:44:16','1993-11-21 08:37:09'),(21,178,6,'2007-11-03 00:40:07','1994-08-06 12:57:01'),(21,184,7,'2019-08-30 19:22:33','2010-09-21 09:34:30'),(21,185,1,'1997-02-17 15:08:20','1991-07-14 17:30:12'),(22,56,6,'1985-11-30 01:05:32','2000-08-16 16:41:59'),(22,63,2,'1972-03-18 01:08:53','1980-07-22 17:02:34'),(22,93,7,'1984-06-16 06:39:54','1982-06-13 04:40:34'),(22,110,7,'2014-07-22 06:15:46','2014-05-01 00:33:18'),(22,131,4,'2019-12-01 02:57:35','1984-03-01 07:23:16'),(22,139,10,'1979-06-19 10:35:17','2001-12-17 12:15:27'),(22,153,6,'1991-04-11 05:28:24','1996-11-14 12:31:32'),(22,160,8,'1997-10-20 17:35:57','1992-11-29 06:54:08'),(22,172,3,'2001-04-06 01:34:52','2004-11-27 04:01:00'),(23,25,9,'1979-03-04 06:34:51','1999-02-05 12:11:11'),(23,80,9,'2004-11-21 16:45:41','1985-04-04 05:18:31'),(23,93,6,'1984-01-07 17:11:50','2019-05-27 20:02:20'),(23,94,4,'1993-05-24 07:11:11','2013-12-11 20:24:51'),(23,104,7,'1996-11-21 07:58:49','1984-11-28 15:13:24'),(23,107,2,'1979-02-06 20:28:20','1993-02-24 23:10:46'),(23,175,3,'1985-02-06 23:45:21','2007-11-21 09:24:31'),(23,193,3,'1999-02-19 11:29:23','1988-06-24 21:39:41'),(23,199,10,'1994-10-21 08:09:58','1979-09-01 23:17:01'),(24,42,9,'2005-03-13 22:45:43','1991-02-08 16:58:05'),(24,68,2,'2003-09-21 11:46:27','1973-03-14 08:00:34'),(24,93,8,'1999-05-02 20:28:30','2002-08-22 20:10:30'),(24,117,5,'1988-10-14 19:51:52','1995-03-03 19:05:02'),(24,120,5,'1987-11-21 18:49:56','1992-09-24 20:14:37'),(24,150,5,'2007-01-17 03:44:28','1997-09-14 23:47:56'),(24,154,3,'2019-11-27 04:10:28','1983-08-08 09:47:53'),(24,157,8,'2009-02-22 20:08:06','1999-04-07 19:25:56'),(24,179,6,'1982-03-09 12:20:29','1988-08-08 17:08:03'),(25,30,2,'1995-12-18 23:38:24','1995-11-02 16:41:44'),(25,58,1,'2003-04-26 19:36:47','1971-12-18 11:06:44'),(25,69,3,'1976-06-20 14:16:51','1982-03-01 17:52:02'),(25,76,4,'1996-12-14 11:40:26','1972-10-18 04:32:56'),(25,119,6,'2020-02-10 03:21:11','1972-12-28 12:00:25'),(25,154,10,'2014-06-24 18:23:56','1995-01-06 01:23:17'),(25,185,5,'1972-11-28 19:26:47','2019-08-07 15:42:22'),(25,193,10,'2016-07-12 19:23:01','2012-04-28 23:47:47'),(25,194,10,'1991-06-17 22:42:21','2008-08-18 06:04:43'),(26,5,1,'1979-09-14 21:45:20','2016-10-15 15:07:28'),(26,13,8,'1975-09-04 00:33:42','1975-10-02 02:08:10'),(26,17,9,'2020-02-26 18:01:55','2017-01-23 02:02:34'),(26,29,4,'2015-10-23 01:33:19','1979-05-07 20:47:48'),(26,74,10,'1973-04-08 19:24:12','1995-10-20 14:56:39'),(26,96,8,'1971-11-26 09:16:39','1977-09-21 05:58:14'),(26,113,3,'2008-03-16 04:22:11','2014-03-04 20:08:14'),(26,125,6,'2016-03-08 20:53:32','1984-01-02 13:18:18'),(26,153,7,'1984-11-21 16:38:37','1986-12-02 03:20:38'),(27,9,6,'1975-06-29 01:59:29','1979-07-18 13:29:14'),(27,37,7,'1980-02-04 14:00:09','2020-05-16 00:10:54'),(27,47,7,'1971-07-05 23:44:18','1984-10-31 23:42:23'),(27,57,3,'1971-07-26 09:42:20','1996-05-17 18:08:58'),(27,111,2,'1981-02-04 01:30:59','2004-02-15 14:17:47'),(27,116,10,'2003-08-24 15:12:39','2019-06-22 20:43:41'),(27,132,5,'1970-11-12 07:47:22','2002-04-19 05:22:48'),(27,148,4,'1988-12-20 19:34:57','1984-05-20 15:05:50'),(27,185,6,'1977-02-15 03:10:53','2000-02-20 00:09:29'),(27,191,8,'1976-02-16 15:11:49','2000-04-23 03:48:24'),(28,8,6,'2002-10-16 17:30:02','2016-09-09 10:24:21'),(28,12,7,'1992-09-14 02:52:08','2014-12-20 13:25:10'),(28,30,2,'2019-01-24 08:18:14','1995-07-04 02:03:25'),(28,55,8,'1991-03-25 04:47:07','2005-02-27 00:50:59'),(28,78,1,'1979-12-09 07:31:58','1991-05-01 21:42:03'),(28,119,10,'2013-06-19 09:08:26','1998-06-15 01:02:20'),(28,125,5,'1982-11-04 01:11:21','1994-12-29 17:00:03'),(28,127,1,'1980-11-20 18:35:13','2006-04-01 08:15:46'),(28,131,1,'2010-07-23 22:13:55','1980-04-05 00:42:04'),(28,145,2,'1981-12-12 18:31:14','1998-11-29 19:13:44'),(29,20,2,'1972-01-20 02:54:07','1982-10-25 09:41:11'),(29,30,9,'1971-10-22 08:54:56','1999-10-11 08:03:45'),(29,39,9,'1971-07-26 04:11:31','2008-11-24 23:14:01'),(29,68,4,'2010-03-06 01:37:34','1973-02-24 01:02:54'),(29,73,7,'1990-07-31 20:37:11','1977-01-03 08:37:45'),(29,86,4,'2014-03-07 04:46:15','2007-11-13 02:01:08'),(29,139,3,'1982-10-06 05:28:31','1999-04-27 15:19:12'),(29,143,9,'1980-03-13 21:57:00','2000-06-17 16:21:30'),(29,162,1,'2000-06-11 05:32:18','2019-10-22 01:18:40'),(29,163,3,'2003-10-27 10:31:39','1973-04-13 12:49:17'),(30,25,6,'1975-05-26 09:04:03','1984-01-24 07:10:08'),(30,38,2,'1992-09-26 23:40:37','2007-12-29 14:16:55'),(30,41,6,'1970-03-15 22:59:41','2019-02-05 10:40:34'),(30,53,8,'1973-09-26 17:36:45','2000-11-17 16:08:42'),(30,58,6,'1989-05-21 15:39:36','1984-02-19 08:55:23'),(30,74,10,'2002-06-23 17:33:32','1971-02-04 16:30:30'),(30,114,9,'2009-03-11 04:46:14','1996-03-20 14:12:09'),(30,115,4,'1985-06-07 04:00:18','1987-10-30 21:27:52'),(30,179,6,'2002-03-20 16:36:42','2010-11-16 19:29:32'),(30,200,2,'2006-02-22 02:38:47','2017-07-30 22:51:21'),(31,9,5,'1977-04-21 11:48:49','1982-11-22 18:44:11'),(31,23,8,'1974-05-28 09:31:39','1998-03-14 08:05:17'),(31,24,10,'1974-02-28 16:41:51','2005-05-23 09:35:39'),(31,33,7,'1982-12-18 10:13:35','1991-04-28 05:04:15'),(31,35,7,'2015-12-30 02:14:21','1998-03-15 20:15:54'),(31,43,9,'2013-09-04 11:30:14','2015-05-30 22:42:06'),(31,52,3,'2005-11-30 15:13:37','2005-04-29 19:12:42'),(31,109,7,'1984-12-12 08:15:35','1976-11-21 23:51:00'),(31,158,3,'2017-06-29 01:33:02','1997-10-28 14:18:17'),(31,162,8,'1971-05-29 14:08:03','1996-11-06 07:43:19'),(32,1,7,'1971-06-12 13:29:49','1970-07-01 09:22:55'),(32,33,2,'2018-03-10 03:21:55','1986-11-04 00:42:28'),(32,34,6,'2004-04-28 16:05:40','1986-05-25 22:07:38'),(32,37,3,'2007-03-26 03:59:35','2019-03-22 05:47:57'),(32,108,4,'1971-09-01 20:58:52','2011-04-13 20:05:28'),(32,141,4,'2009-12-10 07:56:27','1991-04-18 10:19:48'),(32,174,6,'1989-08-27 20:01:10','1985-08-06 18:07:45'),(32,194,3,'1983-06-03 20:41:39','1974-01-26 14:48:42'),(32,195,10,'2010-09-06 06:01:35','1974-05-08 00:50:24'),(32,200,1,'2011-02-11 11:32:53','1985-09-23 04:30:55'),(33,4,2,'1981-05-09 11:54:29','1997-03-17 16:26:12'),(33,33,4,'1982-05-29 08:37:43','1970-09-03 05:43:13'),(33,62,9,'1971-01-30 01:40:41','2008-06-11 05:20:26'),(33,83,8,'2020-02-14 22:21:58','1970-02-24 06:50:12'),(33,90,10,'1990-10-03 21:10:07','1980-01-11 13:11:12'),(33,131,7,'1983-02-25 13:29:08','1973-02-21 08:11:01'),(33,141,3,'1989-10-08 08:49:41','2000-05-14 08:53:09'),(33,175,3,'1973-03-15 10:01:11','2009-01-11 06:22:55'),(33,190,5,'2017-07-19 10:50:21','1970-12-03 00:57:06'),(33,200,7,'2003-04-10 16:01:03','1970-01-30 04:12:37'),(34,24,4,'2010-06-08 00:35:45','1976-04-23 20:45:40'),(34,35,5,'1991-02-08 17:16:45','2000-02-20 09:49:10'),(34,43,7,'1978-03-28 23:37:07','2014-12-25 16:41:50'),(34,53,10,'2018-07-31 13:24:39','1998-02-03 20:18:05'),(34,56,9,'2002-01-21 02:29:06','1983-09-13 07:24:10'),(34,59,5,'1997-07-27 13:29:34','2020-05-01 14:23:01'),(34,110,8,'2010-09-12 03:56:14','2013-12-13 18:22:33'),(34,115,5,'1981-01-27 04:59:16','1998-09-28 03:52:42'),(34,122,7,'1989-08-25 08:50:13','1988-07-25 17:16:38'),(34,138,1,'1986-02-02 09:50:58','1980-11-03 01:20:45'),(35,36,8,'2000-11-27 04:59:03','2011-08-06 16:17:39'),(35,49,7,'2019-08-16 04:04:08','1987-04-25 06:03:17'),(35,64,4,'2009-02-18 05:12:44','2013-01-23 01:10:40'),(35,69,8,'2002-02-21 21:55:36','2008-06-01 12:01:21'),(35,127,8,'1982-08-09 04:34:48','1999-01-15 14:40:09'),(35,136,6,'1976-03-15 02:25:17','2014-11-10 03:10:18'),(35,151,1,'2004-03-19 23:13:41','2002-01-23 22:48:29'),(35,155,1,'1981-01-16 10:35:22','1980-01-03 08:44:26'),(35,196,8,'2001-02-10 18:08:53','2005-07-05 13:35:34'),(35,197,7,'1971-11-23 15:08:41','1978-06-03 13:06:31'),(36,12,1,'1995-04-24 20:11:31','2017-02-22 02:13:32'),(36,42,7,'1984-05-15 00:38:10','1980-06-03 23:37:25'),(36,50,6,'1972-03-23 03:40:19','1972-08-28 04:01:09'),(36,115,7,'2013-07-13 22:28:55','2013-02-26 22:56:35'),(36,119,4,'1975-06-14 14:34:50','1987-02-25 14:41:10'),(36,163,10,'1975-02-25 11:03:33','2013-12-27 12:34:16'),(36,176,4,'1971-08-10 12:16:53','1974-06-20 02:14:57'),(37,47,8,'1996-06-04 09:09:23','2002-07-26 01:29:16'),(37,109,4,'2013-05-20 05:58:43','1988-09-29 19:23:28'),(37,122,8,'1970-12-05 22:17:12','2019-07-26 22:07:36'),(37,190,4,'1970-10-20 22:25:26','1999-09-16 14:16:48'),(38,6,5,'2004-07-23 02:41:59','2011-09-08 10:07:08'),(38,44,8,'2005-03-21 17:40:48','2013-10-30 16:40:42'),(38,91,9,'1982-09-02 10:31:31','1979-04-18 21:17:52'),(38,94,8,'1998-03-11 02:45:06','1998-04-06 15:06:07'),(39,43,7,'2007-11-30 01:15:42','1999-06-30 12:05:42'),(39,85,7,'2014-07-04 13:54:20','2009-08-09 08:32:34'),(39,143,8,'1976-05-16 12:13:29','1981-01-02 14:02:01'),(39,193,7,'1997-11-07 15:11:41','1972-09-17 23:18:17'),(40,60,8,'2005-02-23 15:04:34','1980-12-24 15:36:23'),(40,64,3,'2019-07-21 08:59:17','1994-04-02 09:15:19'),(40,124,4,'1975-12-25 08:17:49','1974-02-09 09:18:21'),(40,176,9,'2000-07-29 18:35:38','2005-08-12 14:49:05'),(41,74,2,'1986-05-02 08:40:12','2008-09-15 16:12:22'),(41,96,7,'1995-03-06 04:47:39','1998-03-29 10:49:08'),(41,108,4,'1996-07-30 04:58:24','1997-09-12 11:00:11'),(41,170,5,'1977-12-08 00:58:45','2020-03-25 11:58:25'),(42,45,8,'1993-06-13 06:50:03','1999-07-12 15:08:37'),(42,58,2,'1990-12-09 10:09:42','1997-07-15 13:50:13'),(42,78,6,'2001-09-20 10:13:43','2001-04-25 02:36:49'),(42,108,6,'2002-04-21 20:49:47','1989-11-17 01:50:26'),(43,125,3,'1988-10-07 04:49:10','1981-06-18 03:38:00'),(43,145,4,'2005-12-19 15:10:41','1986-10-16 16:52:07'),(43,158,9,'1996-08-07 05:36:48','2014-02-09 20:46:04'),(43,183,3,'2013-04-16 16:49:58','2007-12-09 22:26:56'),(44,37,5,'2005-03-15 07:36:50','1992-07-03 21:55:08'),(44,44,6,'1970-06-20 06:16:48','1973-10-12 04:10:28'),(44,90,10,'2019-03-03 01:54:54','1983-06-03 09:32:16'),(44,191,3,'1999-10-21 08:12:41','2016-07-03 06:43:58'),(45,28,2,'2006-05-16 18:28:43','1972-07-16 14:07:00'),(45,82,4,'1980-08-26 19:44:30','2000-09-23 03:46:09'),(45,94,1,'1979-09-04 18:09:30','1984-09-20 15:46:39'),(45,125,1,'2006-02-19 00:21:57','1993-03-11 23:06:19'),(46,10,3,'1990-07-29 04:16:59','1990-12-04 03:26:21'),(46,80,6,'1997-08-11 03:43:43','1987-08-31 08:43:48'),(46,131,7,'1997-09-22 18:09:34','1972-09-19 04:11:33'),(46,144,7,'2006-03-09 16:31:01','2003-02-18 15:48:35'),(47,55,6,'1994-09-10 08:11:15','2008-01-02 11:26:19'),(47,112,2,'2002-09-16 19:58:24','2012-12-20 16:32:26'),(47,114,1,'1993-12-14 19:07:39','2001-06-19 07:42:37'),(47,149,2,'1983-09-28 13:13:50','1987-07-18 20:30:09'),(48,10,1,'1999-04-14 00:34:59','2007-02-27 13:28:10'),(48,19,8,'2008-01-09 13:58:48','2014-09-16 03:06:27'),(48,55,2,'1976-12-29 02:06:07','2010-11-01 06:08:28'),(48,198,2,'1979-05-25 22:03:36','2007-08-29 11:19:44'),(49,88,7,'1979-03-29 16:37:40','1971-09-16 14:11:24'),(49,146,8,'1995-05-28 16:29:33','1991-11-13 15:04:12'),(49,153,7,'2002-10-31 12:40:57','1976-08-25 11:50:00'),(49,158,5,'1974-06-09 13:12:02','1994-08-05 13:40:03'),(50,11,3,'1988-05-27 20:18:19','1972-03-22 06:45:25'),(50,64,3,'2006-01-23 01:29:47','1990-04-26 03:20:15'),(50,124,9,'1988-03-19 08:50:52','2019-04-29 01:31:34'),(50,127,3,'1972-07-24 06:55:01','1971-10-12 14:03:04'),(51,60,3,'2007-10-21 02:25:50','1994-01-03 20:18:14'),(51,108,1,'1986-09-16 05:34:58','1978-12-08 04:12:14'),(51,171,2,'1979-08-21 17:09:16','1974-07-24 10:55:48'),(51,189,7,'1980-02-19 17:52:56','2007-02-08 04:37:25'),(52,129,9,'1975-02-12 14:25:19','2011-11-14 13:27:37'),(52,137,3,'1983-06-08 10:44:21','2016-05-10 01:16:24'),(52,144,7,'1992-05-30 17:02:00','2010-05-14 04:06:37'),(52,194,3,'1986-10-16 15:41:28','1973-11-23 07:07:11'),(53,24,2,'1989-06-24 21:43:45','1994-07-07 08:47:44'),(53,66,1,'2000-08-20 01:50:07','2002-05-03 15:35:51'),(53,79,6,'2015-10-22 04:58:54','1996-04-22 21:14:17'),(53,95,10,'2009-05-01 15:55:01','1989-02-06 04:05:08'),(54,78,4,'1973-01-12 17:29:51','2007-08-04 16:13:57'),(54,107,5,'1994-04-11 03:31:17','1981-02-24 21:55:49'),(54,153,3,'1977-03-15 01:51:51','1971-09-23 08:00:08'),(54,181,7,'1979-05-12 05:35:09','1980-06-07 09:02:11'),(55,46,4,'2007-12-07 05:05:52','1998-11-01 06:50:46'),(55,57,7,'1987-03-04 01:23:53','1997-02-21 07:25:46'),(55,86,10,'2006-08-10 10:14:27','2000-04-18 21:16:32'),(55,97,6,'1994-07-24 16:30:44','1994-02-18 16:18:44'),(56,59,8,'1970-03-18 05:47:46','1982-10-09 18:01:13'),(56,64,7,'2017-09-11 12:18:40','1999-05-19 13:06:44'),(56,82,1,'2017-06-19 18:59:38','2002-04-10 13:20:45'),(56,171,9,'2005-02-05 20:04:53','2000-07-10 01:18:41'),(57,20,1,'1995-02-25 15:01:09','2003-05-28 16:28:57'),(57,76,9,'1983-03-23 19:37:47','2005-09-02 19:11:52'),(57,152,10,'1982-05-06 12:38:48','1971-03-28 14:56:17'),(57,157,1,'2017-09-20 14:29:25','2009-03-22 17:16:40'),(58,33,2,'1999-10-21 11:21:30','1974-12-19 00:01:31'),(58,37,5,'1980-05-20 01:28:14','1979-12-19 06:11:35'),(58,66,6,'1985-05-14 16:13:57','1970-11-08 12:39:53'),(58,144,1,'1991-05-13 01:22:04','2016-07-11 11:00:12'),(59,13,2,'2010-12-09 21:26:16','1990-11-06 17:55:35'),(59,98,6,'2000-05-02 20:46:15','2012-01-10 23:55:25'),(59,137,9,'2015-11-16 04:39:51','1980-05-08 01:55:34'),(59,188,1,'2019-01-16 01:20:19','1996-04-02 15:57:45'),(60,24,9,'2014-12-02 08:18:36','1999-06-09 23:28:19'),(60,106,7,'1972-12-19 10:21:41','1978-10-17 13:47:49'),(60,119,8,'1987-04-02 10:05:54','2012-04-14 04:03:14'),(60,163,7,'1979-10-27 06:17:48','2009-08-10 06:59:46'),(61,16,7,'1977-05-18 07:24:42','2006-12-25 02:48:38'),(61,86,1,'1982-06-23 04:29:56','1988-10-21 09:37:28'),(61,180,2,'1972-12-03 16:25:23','2013-09-20 01:36:42'),(61,185,3,'1986-02-22 03:43:58','2004-06-12 07:24:57'),(62,120,8,'1986-08-24 03:22:38','2010-08-06 01:57:58'),(62,145,7,'1999-02-12 10:48:29','1995-11-21 18:33:43'),(62,161,1,'1999-09-27 20:01:30','1975-07-26 10:07:30'),(62,174,9,'1971-06-01 12:52:47','2016-06-20 03:54:52'),(63,61,7,'2011-04-10 15:22:27','1973-07-21 18:06:20'),(63,87,6,'1990-02-04 11:36:23','2007-06-07 02:01:45'),(63,107,8,'1998-10-30 01:43:53','1998-07-29 21:42:08'),(63,113,8,'2014-08-04 07:51:12','1976-02-14 19:15:06'),(63,196,7,'2017-06-11 16:00:06','1991-05-04 21:32:38'),(64,47,6,'2016-09-23 06:36:24','1971-08-09 00:34:23'),(64,60,6,'1974-02-03 12:20:13','1971-10-14 01:47:21'),(64,105,6,'2014-04-04 16:47:53','1991-12-09 01:40:12'),(64,168,7,'1996-12-03 15:55:52','1988-01-22 13:03:27'),(64,184,2,'2017-11-10 13:42:10','2017-05-27 05:23:38'),(65,21,10,'1975-11-21 00:30:23','1984-04-30 17:24:13'),(65,58,6,'1988-10-08 11:44:31','1998-12-14 00:16:20'),(65,83,1,'2016-04-18 20:00:04','2008-09-02 13:31:13'),(65,169,4,'2015-01-19 01:56:46','1972-09-30 20:56:14'),(65,196,3,'2001-06-17 06:44:27','2003-01-11 12:14:18'),(66,63,6,'1970-07-02 03:51:07','1990-05-20 23:39:07'),(66,97,4,'2013-12-02 10:05:33','1980-06-05 09:20:30'),(66,116,3,'1987-11-15 18:40:03','2007-09-28 20:00:00'),(66,131,7,'1971-01-19 23:02:42','1982-08-04 06:56:38'),(66,155,7,'1999-12-09 19:35:53','1979-07-08 23:03:32'),(67,20,6,'2017-07-30 19:58:41','2008-12-31 10:32:12'),(67,22,7,'1991-05-01 12:33:51','1979-11-04 23:29:02'),(67,70,4,'1995-03-21 06:02:50','1982-05-03 08:16:32'),(67,109,7,'2009-09-23 23:03:53','1983-09-02 10:14:56'),(67,146,6,'1989-09-19 06:21:28','1985-12-22 03:04:37'),(68,90,10,'2008-04-01 02:11:07','2010-03-05 08:36:21'),(68,130,8,'2017-06-02 19:00:02','2009-09-07 22:49:28'),(68,166,7,'1991-04-22 05:42:27','1974-05-30 09:46:30'),(68,185,5,'2002-07-23 12:11:32','2018-06-20 19:58:44'),(68,195,2,'1999-02-13 18:53:10','1990-07-01 20:08:03'),(69,24,7,'2013-11-11 11:54:09','2015-07-08 09:05:25'),(69,85,7,'1997-12-17 14:11:18','1988-09-04 05:16:52'),(69,102,9,'2002-08-02 06:37:48','1998-07-07 00:28:56'),(69,153,6,'2011-06-04 14:08:34','1972-12-03 11:00:26'),(69,199,2,'1983-09-06 22:35:58','1975-12-09 11:08:36'),(70,43,3,'1976-03-14 04:30:50','1999-03-23 07:50:51'),(70,64,1,'1972-08-16 19:23:01','2015-01-15 14:58:38'),(70,139,1,'1978-04-08 12:14:04','1985-02-08 06:03:17'),(70,163,6,'1995-01-23 16:46:19','1988-02-04 02:25:42'),(70,194,4,'2014-05-07 22:46:53','1993-04-11 04:33:57'),(71,14,4,'1997-06-27 13:52:00','2001-11-07 16:04:59'),(71,49,5,'1995-03-11 09:39:33','2004-11-13 06:33:20'),(71,103,8,'1984-04-17 23:24:46','1987-01-24 10:13:28'),(71,141,1,'1994-05-15 01:40:02','1981-10-05 12:44:52'),(71,190,3,'1985-12-15 07:44:20','2017-03-30 15:26:37'),(72,9,8,'2019-07-31 02:26:33','1994-08-31 01:47:28'),(72,49,9,'2017-08-19 08:25:10','2011-08-17 10:54:11'),(72,72,5,'2020-02-27 19:28:13','2019-04-10 03:25:32'),(72,154,9,'1976-03-19 20:34:09','1989-08-25 01:38:28'),(72,193,8,'2009-12-14 05:41:29','2016-12-10 12:26:49'),(73,7,9,'1988-02-02 16:43:11','1998-08-24 21:12:25'),(73,46,8,'2010-04-24 19:25:53','1994-03-15 08:24:06'),(73,52,5,'2011-06-12 06:43:52','1989-07-19 13:53:15'),(73,176,3,'2017-09-30 07:58:25','2004-10-14 12:45:00'),(74,7,6,'2018-05-17 12:43:03','2018-06-18 11:30:49'),(74,143,4,'1973-10-15 09:04:08','2020-04-21 13:29:16'),(74,159,9,'1978-07-05 00:29:03','1971-07-30 14:49:12'),(74,173,8,'1978-04-22 17:48:04','1979-04-02 14:16:53'),(75,29,9,'2010-05-25 22:29:57','1997-01-15 15:37:43'),(75,41,9,'2002-09-27 22:31:10','1977-04-11 13:13:33'),(75,93,7,'1984-11-07 13:46:52','1980-07-22 11:43:56'),(75,200,9,'1978-11-22 11:28:22','2011-01-16 14:43:01'),(76,34,6,'1986-04-27 18:25:12','2015-04-14 16:56:40'),(76,75,3,'1999-08-19 07:36:07','2001-02-07 10:12:21'),(76,128,7,'1992-08-14 00:07:53','1994-07-18 19:20:11'),(76,176,10,'1991-03-16 20:58:13','2016-12-27 11:31:40'),(77,74,5,'1984-04-24 18:29:51','1986-08-27 21:55:56'),(77,87,1,'1984-06-03 16:08:34','2005-11-22 12:30:42'),(77,102,4,'2014-06-10 09:21:41','2014-06-20 11:41:54'),(77,182,9,'1990-02-09 16:39:13','2012-09-30 22:54:15'),(78,5,7,'1980-10-21 16:44:31','1986-04-20 21:58:24'),(78,54,7,'2013-03-14 21:40:16','2003-08-02 11:58:10'),(78,100,4,'2006-05-09 07:31:22','1980-05-25 20:52:33'),(78,178,3,'1982-05-18 04:12:04','1984-04-23 00:58:01'),(79,89,7,'2002-11-12 18:29:12','2013-03-18 23:50:13'),(79,92,7,'1979-10-10 13:06:39','1991-11-11 07:08:30'),(79,137,2,'2014-10-07 21:11:33','2002-05-31 06:18:52'),(79,195,7,'1984-06-13 23:41:48','2014-07-03 10:48:20'),(80,31,3,'1982-02-06 06:41:01','1970-11-29 20:07:10'),(80,39,8,'1992-06-27 02:27:16','1979-10-08 16:17:19'),(80,59,8,'2003-12-30 12:49:52','1984-05-30 03:06:08'),(80,128,1,'1998-07-27 12:01:34','1988-07-11 16:09:55'),(81,15,7,'2003-12-21 05:30:17','1991-02-16 21:36:38'),(81,37,7,'1981-05-24 04:46:07','1991-07-16 22:37:41'),(81,104,10,'1995-10-11 18:33:32','2012-05-04 00:44:30'),(81,118,8,'1981-06-14 18:02:58','2002-03-15 05:34:02'),(81,135,3,'1970-04-29 06:37:39','1995-04-06 17:20:38'),(82,51,7,'2005-09-26 07:51:43','1982-01-10 17:37:51'),(82,60,3,'1980-02-17 02:59:59','1983-12-08 23:15:31'),(82,103,2,'1998-09-23 20:59:03','1979-07-20 14:41:33'),(82,108,10,'1978-03-18 11:26:00','2006-02-08 11:20:53'),(82,196,10,'1998-06-08 08:41:10','1990-08-12 22:02:00'),(83,46,4,'1972-10-21 05:52:59','1989-08-30 22:27:34'),(83,52,9,'1978-07-06 11:31:20','1982-03-06 16:03:56'),(83,57,3,'1990-06-03 16:36:40','2016-04-19 02:38:32'),(83,169,7,'1988-07-21 06:37:12','1974-03-14 23:46:49'),(83,176,8,'2016-09-29 12:27:44','1983-10-13 18:56:47'),(84,21,1,'2004-02-20 12:05:08','2000-01-25 14:25:15'),(84,81,4,'2012-05-27 23:46:23','1980-05-29 05:05:18'),(84,141,8,'1988-09-02 08:35:22','1994-08-12 23:22:46'),(84,149,8,'1981-11-17 14:06:09','1976-11-27 12:51:58'),(84,182,8,'1975-06-22 09:26:20','1994-02-19 14:29:44'),(85,10,3,'2003-11-13 03:34:55','2004-04-27 14:14:23'),(85,87,10,'1974-08-15 10:20:35','2011-07-23 12:25:26'),(85,137,4,'1979-02-05 21:25:06','1997-07-06 06:41:52'),(85,149,2,'1981-07-20 19:17:48','1990-11-16 05:09:38'),(85,178,10,'1970-10-16 13:39:19','2009-06-05 21:53:21'),(86,32,6,'2009-02-23 18:50:20','2015-01-30 03:16:35'),(86,98,4,'1978-01-29 12:47:38','2017-12-21 08:33:38'),(86,102,10,'2004-04-27 19:37:51','2000-11-11 19:39:22'),(86,103,5,'1996-06-16 15:14:12','1980-02-13 19:48:04'),(86,138,9,'1994-11-15 22:48:12','1979-04-13 02:49:34'),(87,22,4,'2011-08-19 01:22:13','1977-08-31 22:46:45'),(87,46,9,'1970-09-28 04:38:33','1981-07-07 23:09:41'),(87,57,9,'1998-04-19 21:31:05','1988-01-03 17:58:34'),(87,139,4,'1994-06-08 11:25:05','2013-06-04 17:13:40'),(87,192,7,'2014-03-09 20:05:19','1983-03-21 03:02:03'),(88,29,9,'1977-04-08 11:18:25','2019-06-25 19:18:55'),(88,49,8,'1995-06-05 23:46:14','1985-10-31 10:00:57'),(88,89,7,'1994-07-01 22:22:30','2003-07-13 16:07:38'),(88,106,10,'1984-02-24 06:03:25','1991-09-03 01:53:30'),(88,114,8,'1984-11-19 00:00:24','2005-04-16 19:35:31'),(89,11,9,'1987-10-04 18:01:48','2013-10-21 02:07:12'),(89,50,5,'2018-04-04 15:02:34','1981-06-09 10:48:09'),(89,97,7,'2018-10-13 17:22:01','1987-08-24 17:15:03'),(89,138,2,'1983-09-08 04:28:35','1982-06-01 14:04:00'),(89,171,7,'2019-07-03 08:16:17','2011-06-09 01:20:27'),(90,33,7,'2015-05-27 08:51:28','1979-04-22 13:52:20'),(90,34,3,'1992-10-04 06:46:08','1987-02-10 20:02:21'),(90,76,9,'1991-12-07 04:20:14','1990-10-03 03:25:34'),(90,108,7,'1971-02-16 13:33:19','2010-11-04 21:55:43'),(90,156,2,'1970-12-11 08:18:26','1979-06-04 21:53:30'),(91,25,7,'1990-12-30 12:17:10','2015-11-03 20:52:32'),(91,33,6,'2008-01-25 09:36:38','1996-07-02 20:52:55'),(91,61,9,'2009-11-04 13:35:11','1992-05-04 02:36:12'),(91,80,3,'2011-05-22 21:44:01','2004-07-19 18:29:30'),(91,113,2,'1985-01-18 15:12:35','1972-07-25 06:43:00'),(91,191,8,'2001-09-15 00:13:51','2015-03-30 02:53:10'),(92,35,4,'2010-04-22 18:55:59','1976-12-16 13:31:34'),(92,56,9,'2015-11-11 22:40:33','2013-11-07 09:47:17'),(92,77,7,'1993-04-06 05:49:29','1992-08-15 09:51:40'),(92,103,9,'1977-06-25 00:49:24','2010-04-15 14:40:30'),(92,117,4,'1979-04-29 09:31:39','1996-01-12 18:24:45'),(92,153,3,'1997-03-26 14:13:59','1975-05-24 20:16:30'),(93,8,7,'2017-01-07 12:40:58','2011-06-11 16:15:38'),(93,26,1,'2010-01-27 20:03:39','2006-05-13 07:04:34'),(93,36,3,'2010-02-06 05:18:53','2003-06-27 21:57:17'),(93,157,10,'2018-08-23 10:41:05','1991-09-06 08:10:22'),(93,178,6,'1984-08-22 23:41:26','1989-02-24 05:25:26'),(93,193,1,'1974-02-21 15:28:38','1987-07-21 23:29:55'),(94,3,8,'2012-12-27 16:59:30','1989-05-01 17:34:15'),(94,77,5,'2011-01-01 02:14:45','1971-10-07 10:29:48'),(94,137,1,'1975-05-31 19:26:58','1981-08-10 12:02:27'),(94,148,9,'2004-01-29 03:33:49','2009-10-29 16:14:13'),(94,173,2,'1998-12-31 22:49:24','1992-05-13 10:18:20'),(94,186,5,'1970-12-18 12:37:24','1970-02-20 13:03:55'),(95,3,10,'2002-06-10 01:46:02','1972-11-01 23:42:41'),(95,58,4,'1973-05-29 08:25:04','1991-02-25 06:46:01'),(95,61,6,'1976-10-26 19:43:23','2003-07-19 19:49:29'),(95,106,10,'1975-11-15 00:31:18','2013-06-28 03:37:11'),(95,116,9,'2004-03-23 00:08:01','2010-03-03 06:18:14'),(95,139,9,'1985-12-04 17:21:21','1999-09-04 02:59:03'),(96,6,6,'2019-07-10 13:58:12','1977-11-10 05:02:12'),(96,17,7,'2001-11-30 19:22:27','2013-09-03 02:37:29'),(96,31,7,'2017-03-06 12:42:19','1996-06-14 06:02:06'),(96,46,10,'2012-11-29 22:17:37','1971-01-05 21:08:18'),(96,91,5,'1978-04-07 17:06:25','1977-03-10 21:53:54'),(96,146,9,'2015-10-13 05:57:32','1978-07-24 07:05:25'),(97,51,7,'2018-10-31 07:28:43','1995-07-08 11:55:22'),(97,63,6,'2008-07-29 07:57:53','1989-11-19 22:50:43'),(97,69,8,'1999-02-14 07:06:33','1987-05-01 04:17:21'),(97,117,7,'1989-04-10 06:38:20','1972-01-03 17:57:51'),(97,181,9,'1987-07-30 09:12:17','1985-03-09 09:51:30'),(97,199,8,'2013-10-26 13:03:54','2013-04-25 19:25:32'),(98,6,5,'1989-10-06 02:56:06','1998-03-16 06:01:15'),(98,24,10,'1975-06-07 22:03:02','1990-05-15 12:54:00'),(98,73,3,'1972-11-04 14:45:37','2000-08-19 12:47:06'),(98,77,6,'2018-06-07 05:00:37','2002-05-31 16:26:25'),(98,79,9,'2016-10-25 16:39:34','1994-08-16 01:01:17'),(98,159,3,'1975-11-30 20:44:53','1981-09-12 04:39:45'),(99,16,7,'2010-04-07 01:01:45','1987-07-02 04:29:10'),(99,21,4,'1996-06-06 06:53:28','2008-12-20 04:05:08'),(99,36,10,'1997-08-08 17:19:26','1987-05-06 16:25:45'),(99,40,8,'2012-02-06 02:41:05','2015-03-08 02:05:28'),(99,85,6,'1988-02-27 00:43:51','1992-04-02 17:22:16'),(99,181,2,'1994-03-17 11:18:53','2005-05-25 04:35:39'),(100,2,10,'1993-08-10 13:35:52','1992-04-04 11:23:59'),(100,45,4,'1978-04-21 12:31:50','2017-05-01 05:51:59'),(100,141,7,'1993-01-02 16:37:46','1997-04-15 23:09:04'),(100,148,7,'2018-03-08 01:43:03','1982-11-28 19:29:55'),(100,152,9,'1994-07-28 14:47:07','2013-10-09 07:26:56'),(100,171,7,'2000-03-29 18:55:16','1990-05-01 20:46:24'),(101,18,3,'2006-12-28 05:01:16','2016-11-24 10:23:03'),(101,39,2,'2017-09-15 08:36:43','1974-09-28 07:09:38'),(101,50,5,'2007-03-24 15:58:10','1982-07-24 23:35:42'),(101,115,8,'1978-04-28 01:30:36','2006-12-01 16:24:41'),(101,145,8,'2018-10-21 05:12:41','1984-05-30 09:02:30'),(101,190,3,'2016-08-18 21:52:33','2009-11-16 14:09:34'),(102,10,5,'1971-02-06 22:00:29','1978-01-17 20:25:48'),(102,49,4,'2019-12-15 15:34:52','1973-09-19 22:23:02'),(102,65,10,'1998-07-17 19:18:15','1985-04-20 15:16:06'),(102,130,6,'1972-11-01 10:46:27','1997-01-02 17:23:03'),(102,143,8,'2004-10-19 00:16:02','1977-07-08 22:41:06'),(102,146,2,'2004-03-25 04:35:59','1993-06-13 01:06:53'),(103,74,7,'2019-02-01 15:46:37','2004-12-17 09:29:38'),(103,94,9,'1993-01-01 14:51:29','2005-03-06 15:28:19'),(103,101,7,'1991-07-21 02:54:08','2004-06-17 23:57:07'),(103,133,10,'2009-07-20 20:43:56','2003-01-13 14:00:36'),(103,180,8,'1971-03-04 22:04:00','1971-10-22 15:15:43'),(103,200,8,'1987-11-02 16:08:51','1983-10-30 13:16:23'),(104,46,5,'1978-10-21 03:14:25','2001-11-15 17:49:29'),(104,68,2,'1975-03-17 15:48:54','1982-01-08 13:49:03'),(104,70,9,'1971-06-14 12:00:13','1994-12-13 23:11:38'),(104,90,3,'2004-04-10 02:47:10','1995-06-23 16:44:39'),(104,107,9,'2015-06-20 15:03:02','2018-07-16 21:56:55'),(104,191,7,'1995-07-13 00:41:02','1981-08-03 19:58:49'),(105,8,6,'1997-08-01 09:30:08','1990-11-01 17:08:37'),(105,71,3,'1970-12-04 23:20:41','2014-09-21 02:47:48'),(105,85,8,'2009-03-16 00:45:31','1980-02-27 23:29:13'),(105,166,2,'1992-09-02 04:05:30','1979-06-29 12:52:21'),(105,182,8,'1982-08-19 20:55:55','1987-05-02 07:21:25'),(105,183,3,'1970-04-13 11:36:18','1988-10-16 10:23:17'),(106,26,9,'1971-08-02 00:42:18','2006-06-26 22:12:42'),(106,92,4,'1976-03-22 13:09:22','1970-06-29 04:00:25'),(106,93,5,'1983-06-14 23:57:07','2002-04-20 06:34:22'),(106,141,10,'1995-07-04 04:23:29','2007-05-17 20:00:10'),(106,162,3,'1999-02-18 21:21:52','1994-07-12 11:16:26'),(106,179,3,'2007-03-02 04:03:21','1995-07-11 04:32:50'),(107,14,9,'1971-09-03 22:22:56','2010-05-29 04:46:31'),(107,20,6,'2006-06-22 07:55:03','2008-09-22 07:21:25'),(107,45,9,'1997-10-22 03:57:11','1997-12-09 21:43:07'),(107,80,6,'1999-09-03 01:52:36','2013-10-30 08:51:28'),(107,118,6,'1977-09-14 18:54:44','2004-11-25 02:25:09'),(107,165,8,'1971-02-03 16:27:37','2004-01-15 18:26:40'),(108,109,8,'2010-02-25 13:32:06','1999-05-31 03:26:13'),(108,121,1,'2007-11-02 13:58:55','1980-07-01 11:19:03'),(108,157,1,'2018-05-06 13:32:25','1979-01-03 04:55:44'),(108,159,4,'1995-11-22 13:17:21','1980-03-27 21:50:26'),(108,165,9,'1974-03-03 01:01:45','1979-01-30 04:42:54'),(108,184,4,'2003-05-21 23:34:22','1994-04-30 13:23:00'),(109,32,3,'1986-01-16 02:32:05','2005-08-17 17:03:10'),(109,41,5,'2007-03-01 14:45:36','2012-05-27 11:20:05'),(109,85,9,'1998-03-08 19:26:26','1972-10-24 09:08:01'),(109,97,8,'2014-01-03 07:13:02','2016-09-07 23:32:19'),(109,119,9,'2002-08-12 01:31:42','1972-08-13 12:22:10'),(109,140,4,'1991-07-14 18:41:26','2012-05-09 05:09:40'),(110,40,8,'1989-10-04 15:59:35','2017-09-11 04:12:10'),(110,55,7,'2015-06-09 04:19:36','1996-06-16 21:31:27'),(110,57,4,'1972-05-12 02:25:51','1974-09-18 04:48:51'),(110,84,6,'2013-10-02 05:58:46','1986-11-14 12:18:39'),(110,169,1,'1978-03-07 15:46:35','2017-01-15 10:01:06'),(110,192,1,'2011-05-05 20:51:11','1986-05-08 04:34:25'),(111,92,9,'1999-12-21 03:14:43','2002-01-29 15:47:27'),(111,118,10,'1982-08-18 08:57:58','1974-10-18 06:04:09'),(111,128,2,'1989-05-14 06:26:18','2008-05-06 19:58:30'),(111,168,7,'1986-02-18 21:50:24','1970-07-26 01:42:18'),(111,190,9,'1977-11-01 04:09:37','2006-05-13 01:51:32'),(111,196,9,'1974-01-26 16:50:48','1992-06-06 09:44:21'),(112,20,4,'1987-08-15 12:51:10','1977-12-31 23:05:17'),(112,44,10,'1994-04-20 22:25:46','2006-03-12 07:19:54'),(112,64,7,'1974-09-27 21:44:45','1977-01-23 08:29:58'),(112,77,9,'1983-12-23 23:54:54','1989-12-11 15:34:18'),(112,111,10,'1995-12-23 00:09:50','1971-12-24 18:54:50'),(112,149,7,'1989-07-28 01:03:16','1991-07-23 14:06:06'),(113,28,8,'2003-04-17 02:15:14','2003-07-31 12:46:56'),(113,42,4,'1994-11-15 06:44:32','1974-08-04 20:58:40'),(113,51,1,'1985-01-28 08:52:01','1993-02-08 15:12:19'),(113,142,9,'1978-10-06 09:16:12','1970-12-26 23:44:27'),(113,165,8,'2008-12-21 02:22:18','1979-02-13 19:38:57'),(113,172,7,'1972-03-01 09:31:02','2019-06-25 13:39:31'),(114,20,1,'1976-08-10 13:18:36','1973-12-30 13:49:56'),(114,35,3,'2019-12-02 15:04:37','1976-02-17 14:54:10'),(114,57,6,'2006-09-27 12:31:10','1980-10-01 13:48:14'),(114,96,2,'1977-11-17 22:12:13','1996-12-17 13:54:03'),(114,148,6,'2001-08-19 09:46:39','1986-09-11 03:58:26'),(114,171,1,'1982-08-09 21:11:59','2014-02-28 17:29:15'),(115,26,5,'1973-09-19 08:31:49','2015-07-27 17:13:30'),(115,90,3,'2001-05-24 04:00:20','2002-08-08 04:56:11'),(115,98,10,'2000-03-19 23:02:24','2017-06-01 05:05:23'),(115,139,3,'1976-07-25 06:55:04','2003-07-19 03:11:05'),(115,169,5,'1981-01-10 05:44:35','1986-03-18 11:47:51'),(115,191,9,'1985-01-17 04:02:03','1997-06-21 18:22:05'),(116,10,10,'1982-12-03 23:29:25','2014-08-19 07:18:59'),(116,20,1,'1986-07-04 14:46:30','1972-09-30 12:30:37'),(116,51,1,'2016-09-23 03:49:48','1987-06-03 21:45:57'),(116,151,2,'2019-10-26 19:51:08','1972-09-28 13:40:00'),(116,165,3,'2003-08-13 21:54:05','1972-01-07 09:21:27'),(116,199,6,'2005-11-22 07:53:22','2004-09-14 21:12:47'),(117,2,6,'2005-04-12 12:39:09','1971-09-12 05:45:34'),(117,50,8,'1983-03-18 17:48:54','1977-08-24 19:34:59'),(117,61,7,'1986-08-30 08:32:08','1994-08-21 23:11:01'),(117,132,7,'1985-07-11 19:56:27','1983-09-06 04:24:10'),(117,158,7,'1995-06-04 14:48:06','1989-09-25 08:40:44'),(117,199,2,'2000-04-25 08:25:15','2009-10-06 22:11:45'),(118,25,3,'2013-11-02 14:05:28','1997-04-08 18:18:51'),(118,71,7,'2015-08-13 08:54:14','2011-12-12 06:28:19'),(118,77,4,'1983-11-20 22:26:59','1975-05-08 17:51:44'),(118,89,1,'2020-06-03 21:16:33','2014-09-27 19:04:26'),(118,111,10,'1996-11-05 19:44:10','2003-01-27 17:43:19'),(118,130,4,'1998-01-31 11:18:02','2016-02-27 15:34:29'),(119,53,10,'1992-12-28 02:18:27','1983-01-12 09:26:43'),(119,99,9,'2008-01-08 02:18:24','1992-12-04 17:42:17'),(119,104,7,'2007-08-06 04:15:43','1995-09-07 22:53:32'),(119,133,6,'1972-10-19 03:50:54','1979-10-14 15:05:33'),(119,185,1,'1987-05-12 17:00:19','1995-09-12 09:35:31'),(120,47,3,'2008-12-12 22:38:11','2003-04-16 08:34:54'),(120,49,4,'1977-08-10 16:36:26','2002-06-09 08:59:00'),(120,99,4,'2002-04-07 02:28:33','1980-02-25 12:02:25'),(120,143,10,'2000-10-13 21:43:39','1984-01-11 17:39:09'),(120,187,3,'1986-12-22 19:28:20','2008-02-15 23:15:28'),(121,5,4,'2008-12-16 11:59:17','1977-09-01 00:39:46'),(121,44,5,'1985-06-03 19:48:52','2011-06-18 08:48:00'),(121,96,9,'2019-11-17 06:03:35','1972-03-06 02:27:41'),(121,132,3,'1974-11-14 02:05:56','1975-02-24 23:38:56'),(121,145,1,'1990-02-23 15:58:12','2020-04-11 09:51:59'),(122,12,10,'1972-04-01 17:22:16','1984-09-24 23:25:02'),(122,18,7,'2016-01-15 02:48:39','1976-10-21 13:07:06'),(122,128,4,'1994-07-03 02:34:19','1970-04-24 03:19:32'),(122,160,1,'1971-07-27 01:17:47','2005-06-15 21:28:06'),(122,165,4,'2005-07-06 08:20:22','1997-06-10 05:00:39'),(123,140,2,'1973-11-25 11:56:43','1986-03-28 06:23:08'),(123,151,8,'1990-02-27 08:20:19','1971-07-06 19:32:14'),(123,163,6,'2000-12-27 03:06:10','1972-09-29 04:30:39'),(123,176,4,'1987-01-03 22:44:16','1987-08-13 04:09:22'),(123,178,8,'2001-02-25 16:00:48','2002-08-06 01:25:37'),(124,41,4,'2005-10-01 04:52:05','2014-12-20 04:23:42'),(124,53,3,'2020-01-04 09:41:00','1994-02-05 20:33:01'),(124,69,5,'1971-08-12 06:15:40','1970-09-06 19:13:27'),(124,124,8,'1984-04-06 23:38:35','2010-09-28 03:05:17'),(124,153,7,'2000-07-17 12:56:45','1976-11-13 07:48:52'),(125,14,9,'1982-08-08 03:08:20','1976-07-17 08:40:36'),(125,64,9,'2019-10-24 06:56:00','2006-04-19 07:50:46'),(125,95,10,'2002-07-13 05:52:09','1970-04-02 03:16:24'),(125,107,6,'1987-01-22 09:43:04','1976-10-22 08:51:26'),(125,138,5,'2009-03-22 03:10:00','1990-02-07 20:53:48'),(126,36,6,'2000-09-09 21:55:06','1984-03-25 09:03:15'),(126,57,4,'1994-09-18 02:08:39','2011-01-13 19:13:33'),(126,102,4,'1987-09-03 08:54:26','2019-06-16 01:54:54'),(126,180,7,'2010-03-12 08:10:57','1970-01-25 18:24:21'),(126,198,4,'2001-03-08 01:44:49','1987-04-06 22:36:26'),(127,43,10,'1991-07-14 13:53:24','1988-01-06 08:55:56'),(127,58,2,'1998-08-29 04:27:11','1982-08-17 16:46:21'),(127,72,4,'1985-04-08 23:42:53','1976-12-13 09:23:14'),(127,115,2,'1993-08-19 20:02:30','2019-10-16 20:51:09'),(127,141,10,'2010-04-13 17:56:17','1999-11-26 06:28:01'),(128,7,2,'1974-12-10 19:43:30','1974-10-24 08:26:32'),(128,63,2,'1998-05-28 02:05:33','1984-11-28 21:00:54'),(128,145,1,'1970-11-19 16:36:51','2005-12-23 17:58:16'),(128,170,9,'1980-10-27 05:11:25','1993-02-22 00:32:07'),(128,194,2,'1976-01-03 16:14:07','1998-06-19 17:59:03'),(129,15,8,'1990-02-19 08:42:37','2004-12-09 23:31:03'),(129,42,3,'1998-02-26 07:21:05','1992-11-28 03:42:31'),(129,53,7,'1989-11-10 03:53:10','1976-01-14 04:09:12'),(129,75,9,'2014-06-27 10:30:25','1985-01-17 03:35:00'),(129,180,6,'1981-01-16 23:42:28','1975-03-17 02:26:08'),(130,25,6,'1975-07-08 21:12:55','1993-03-24 12:43:48'),(130,39,10,'1989-11-06 07:43:50','1982-08-06 06:01:17'),(130,63,6,'1986-04-24 21:10:51','2017-03-23 10:58:23'),(130,87,1,'2018-05-22 13:16:26','2003-11-14 16:23:23'),(130,155,5,'1972-01-17 23:11:55','2017-05-14 01:42:33'),(131,14,6,'2004-10-02 07:04:34','2013-09-25 07:39:22'),(131,117,1,'1990-06-04 22:53:29','1977-10-20 02:39:37'),(131,177,3,'1971-09-19 01:54:34','2001-10-26 03:34:06'),(131,189,5,'2000-04-13 03:28:48','1970-01-30 09:28:05'),(131,196,3,'1976-10-02 12:48:14','1983-11-06 09:52:38'),(132,5,10,'2014-09-18 04:57:46','1973-01-11 03:23:46'),(132,30,3,'1993-05-19 05:25:53','2005-09-14 21:35:58'),(132,114,6,'2001-09-07 02:50:29','1971-08-29 11:17:51'),(132,167,5,'1989-08-16 05:47:43','1971-03-26 07:21:28'),(132,186,7,'2009-07-26 15:34:08','2020-06-07 10:01:19'),(133,73,2,'2015-09-05 11:11:24','1976-01-23 00:22:59'),(133,97,10,'1979-09-21 01:09:56','1996-01-14 00:39:51'),(133,152,1,'1976-04-16 21:56:57','1984-11-24 15:46:52'),(133,168,4,'1991-05-01 20:43:15','2005-12-29 10:02:09'),(133,170,2,'1996-06-24 00:59:53','2015-06-19 19:51:10'),(134,14,1,'2012-05-26 05:53:02','1972-02-16 11:10:16'),(134,17,8,'2001-04-02 03:07:56','2013-04-22 22:15:14'),(134,62,1,'1993-12-17 05:14:42','2017-05-14 15:04:03'),(134,89,2,'1977-06-23 16:33:06','2019-10-20 09:12:50'),(134,157,5,'1997-01-21 07:26:34','1991-04-06 20:25:15'),(135,57,10,'2017-06-10 14:25:26','1992-10-31 00:59:02'),(135,72,3,'1987-12-20 03:50:53','1970-10-31 02:30:58'),(135,136,8,'1998-12-02 20:29:54','1974-10-26 03:50:10'),(135,159,6,'1998-09-03 10:32:02','1984-12-25 08:32:20'),(135,176,1,'1978-12-24 09:13:36','2013-08-14 00:44:18'),(136,22,10,'2019-09-08 08:59:26','2014-07-28 16:44:41'),(136,55,5,'2017-07-02 21:37:12','1990-05-31 06:08:56'),(136,136,9,'2005-05-18 23:22:31','2006-12-20 07:05:19'),(136,149,3,'2001-11-06 03:00:18','2009-11-02 14:37:13'),(136,182,3,'2001-04-11 06:46:07','2005-01-24 01:52:11'),(137,94,1,'1991-09-11 12:45:41','1993-10-24 03:20:50'),(137,106,5,'1979-05-19 05:29:33','2016-10-12 07:38:47'),(137,115,3,'1994-06-22 06:57:04','2005-08-08 08:24:36'),(137,135,9,'1977-11-24 18:31:15','1999-06-27 11:34:09'),(137,154,10,'2012-09-17 08:27:06','2002-09-09 21:27:47'),(137,158,9,'1970-06-23 03:10:13','1992-06-06 11:50:35'),(138,22,8,'1983-11-03 14:40:07','2000-01-04 12:05:18'),(138,39,10,'1975-04-27 18:15:52','2011-03-03 09:32:58'),(138,92,4,'2003-02-14 17:51:47','2009-12-18 12:34:48'),(138,94,6,'1997-05-13 21:39:38','1970-07-11 23:48:16'),(138,122,2,'2017-08-27 12:09:39','2015-06-20 19:26:28'),(138,150,10,'1994-10-23 12:19:21','1996-02-14 14:16:16'),(139,19,10,'1971-03-01 07:13:26','2002-12-08 04:47:21'),(139,69,7,'1983-01-01 10:17:31','1986-09-04 19:27:20'),(139,111,2,'1994-03-17 00:03:09','2010-09-05 12:58:48'),(139,119,5,'1983-10-20 00:54:27','1979-02-07 07:50:34'),(139,141,8,'2007-02-25 10:18:29','1986-07-21 02:20:45'),(139,179,2,'2003-08-01 07:26:55','1993-06-29 17:07:00'),(140,2,9,'1989-05-25 05:03:03','1990-07-09 19:08:06'),(140,72,6,'2018-09-24 18:45:14','2012-11-17 10:35:28'),(140,167,5,'1970-11-16 11:11:37','1978-07-01 22:45:40'),(140,170,2,'1971-12-21 08:01:17','1982-04-11 17:21:18'),(140,198,9,'1977-08-21 18:53:30','1993-08-07 15:15:26'),(140,200,10,'1995-08-17 16:37:07','1970-07-21 13:48:34'),(141,7,2,'2011-03-05 05:53:49','2006-08-16 03:48:57'),(141,34,9,'1995-08-02 01:35:55','2017-03-11 05:59:33'),(141,78,1,'2007-01-26 07:19:52','2011-06-22 12:04:52'),(141,83,4,'2008-06-05 09:49:54','1986-11-06 11:57:09'),(141,148,3,'2009-09-21 15:31:04','2003-11-18 05:54:41'),(141,162,2,'1978-06-26 05:58:31','2011-05-17 14:13:32'),(142,46,6,'2014-12-25 17:52:49','1986-08-30 20:24:30'),(142,111,3,'1997-07-30 06:35:26','1987-09-13 03:38:22'),(142,128,3,'2008-02-01 17:11:19','1989-03-29 05:10:26'),(142,130,3,'2007-03-18 10:20:55','1984-12-07 16:16:28'),(142,174,2,'1992-01-08 10:42:20','1984-02-02 11:00:22'),(142,187,3,'1994-03-22 20:18:17','1998-04-24 22:37:20'),(143,19,10,'2001-02-21 21:47:21','2002-07-12 00:48:20'),(143,75,9,'1981-02-17 01:13:52','1989-11-02 18:32:49'),(143,113,5,'1993-05-31 10:20:45','2013-12-06 13:06:04'),(143,116,10,'1988-04-20 21:07:43','2015-11-23 05:04:12'),(143,121,9,'2008-11-25 04:54:07','1991-06-02 13:59:50'),(143,136,5,'1972-11-17 17:07:34','1976-04-29 12:01:05'),(144,6,8,'2013-05-22 05:33:48','2010-11-30 23:16:54'),(144,25,2,'2017-03-22 23:05:42','1985-01-22 23:58:33'),(144,35,8,'1970-03-10 12:46:03','1972-05-14 06:29:48'),(144,42,6,'2011-06-22 11:32:53','1978-05-22 08:15:48'),(144,125,3,'1999-04-27 06:46:01','1983-12-08 11:13:07'),(144,199,2,'2015-07-09 10:11:24','1998-10-06 14:16:21'),(145,43,1,'2019-11-15 19:47:42','1994-11-21 11:26:31'),(145,58,1,'1999-12-26 04:43:11','1970-06-18 06:03:31'),(145,142,1,'1990-02-13 17:59:07','1975-06-04 21:29:34'),(145,145,6,'1977-07-08 22:22:32','2013-06-28 09:13:07'),(145,165,2,'2015-01-26 12:41:52','2015-07-26 21:03:31'),(145,180,9,'1984-08-25 17:54:42','2003-09-09 12:12:10'),(146,5,5,'1983-09-03 04:47:23','2004-03-29 07:37:09'),(146,69,2,'1989-05-08 03:30:40','2008-06-12 03:35:38'),(146,74,1,'2002-01-09 04:52:37','2014-06-17 05:08:47'),(146,103,6,'2011-04-01 14:10:02','2001-09-01 19:13:47'),(146,172,7,'1983-07-07 05:10:52','1981-04-08 03:51:45'),(146,188,1,'1988-01-12 21:07:03','1982-04-26 23:25:31'),(147,15,2,'2016-08-09 07:53:06','1983-03-10 23:37:11'),(147,93,8,'1980-02-10 02:19:51','2004-10-26 20:49:28'),(147,144,5,'1972-05-10 11:09:13','2008-12-05 09:19:11'),(147,153,10,'2008-04-27 04:33:37','2005-08-21 11:40:11'),(147,197,10,'1996-08-15 17:55:50','1985-01-26 12:04:12'),(147,199,2,'1987-10-14 03:48:56','1999-08-06 08:21:08'),(148,97,6,'2018-01-31 17:24:24','1991-07-11 20:07:01'),(148,103,9,'2001-12-04 05:50:02','1980-07-06 09:25:23'),(148,107,7,'2001-12-12 06:13:27','1998-06-04 21:31:55'),(148,140,1,'2015-03-19 02:40:30','1977-05-08 19:31:52'),(148,147,10,'1977-07-19 02:59:45','1999-06-07 23:55:34'),(148,149,10,'1981-06-23 00:17:45','1988-10-12 21:29:59'),(149,12,2,'2020-06-03 07:04:50','1976-06-28 08:06:34'),(149,32,9,'2016-09-27 17:09:55','2016-07-02 00:40:12'),(149,47,4,'2012-05-19 10:32:44','2009-08-06 07:10:57'),(149,61,1,'1994-03-18 16:49:42','2016-10-25 18:27:19'),(149,116,3,'1974-04-09 22:55:47','1982-11-07 17:11:27'),(149,151,7,'1974-09-15 02:51:44','2004-01-19 17:16:31'),(150,18,9,'1980-04-11 00:57:43','1987-03-29 18:32:50'),(150,51,7,'1988-01-04 16:26:26','1978-06-28 05:33:21'),(150,76,5,'2005-12-22 11:56:44','1998-02-16 05:27:07'),(150,101,8,'1973-10-03 04:06:53','1992-01-03 05:32:17'),(150,191,3,'1984-11-24 16:24:00','1970-09-11 09:25:18'),(150,200,3,'1988-10-10 20:43:00','1983-05-20 13:40:14'),(151,39,2,'2003-06-29 05:39:09','1980-10-09 21:46:57'),(151,45,10,'2012-06-20 20:08:47','2001-06-29 16:17:51'),(151,61,4,'1985-01-27 08:49:42','1993-05-05 13:32:57'),(151,94,9,'2016-10-18 23:11:59','1972-01-26 07:39:19'),(151,150,5,'2001-07-30 05:10:28','1990-03-12 18:33:07'),(151,189,5,'2014-11-28 11:22:11','2015-11-28 15:22:14'),(152,37,6,'2011-12-16 12:52:25','1976-04-27 17:53:30'),(152,47,10,'1984-07-28 09:27:15','2020-04-09 08:04:13'),(152,61,4,'1991-11-12 08:27:32','1985-06-13 01:07:30'),(152,74,9,'1995-06-06 20:31:31','1989-06-17 20:44:53'),(152,105,1,'1993-07-03 16:06:14','2008-04-11 15:13:22'),(152,144,1,'2013-10-06 02:29:34','2001-07-03 11:19:16'),(153,16,1,'1992-01-23 15:48:12','1972-09-13 18:10:01'),(153,17,1,'1994-05-09 00:33:25','2017-08-07 08:07:16'),(153,28,5,'1988-09-21 15:39:27','2003-01-07 19:17:33'),(153,88,2,'1977-10-02 03:52:24','2008-03-29 07:48:40'),(153,151,6,'2015-06-15 10:17:08','1970-02-15 07:02:08'),(153,184,8,'1973-05-06 07:33:09','1977-05-05 11:26:47'),(154,17,2,'1989-07-15 14:34:44','2001-07-24 09:58:42'),(154,20,7,'1988-04-18 01:07:15','2006-11-23 11:10:48'),(154,34,9,'1977-09-09 03:27:23','2006-10-24 07:25:35'),(154,66,2,'2011-06-30 04:35:44','1996-12-24 22:20:18'),(154,112,4,'1971-11-26 17:15:29','1974-02-07 13:50:05'),(154,140,4,'1972-09-01 00:22:37','1971-11-04 00:55:13'),(155,13,3,'1980-12-18 17:28:18','2000-10-10 11:11:13'),(155,68,7,'2013-01-21 19:38:53','1996-07-31 05:14:55'),(155,77,5,'2010-06-06 16:58:04','2010-05-20 20:05:10'),(155,99,4,'2003-11-10 14:11:20','1982-12-22 20:59:46'),(155,126,1,'1976-01-20 10:35:46','1970-09-27 14:14:27'),(155,174,8,'1973-07-15 19:59:41','1979-06-08 09:36:52'),(156,57,6,'1983-05-25 23:47:28','1983-12-03 06:33:56'),(156,70,3,'2004-04-15 17:33:23','2017-01-25 23:48:50'),(156,92,6,'1980-04-29 17:36:34','2018-04-01 13:18:33'),(156,101,4,'1984-01-08 19:25:50','1997-04-07 12:14:53'),(156,111,2,'1972-08-16 12:54:48','2001-12-20 12:55:42'),(156,154,9,'1979-12-12 00:29:36','1981-05-25 02:06:54'),(157,14,4,'2008-07-09 17:10:45','2003-03-22 15:12:16'),(157,31,9,'1972-08-25 10:33:07','1998-09-18 17:22:23'),(157,56,7,'2010-03-21 18:41:46','2019-03-30 02:33:32'),(157,145,4,'1988-01-27 07:36:09','1978-05-13 07:32:17'),(157,196,7,'1988-09-13 19:07:49','1978-11-05 15:33:35'),(157,197,2,'1971-07-02 21:07:46','1994-08-09 21:33:38'),(158,8,10,'1977-11-30 13:39:45','2004-10-22 09:35:16'),(158,56,9,'1974-06-28 11:57:25','1998-08-11 19:49:15'),(158,88,4,'2005-11-28 22:35:37','2015-02-20 16:54:03'),(158,148,8,'2006-04-22 04:57:38','1972-09-30 09:55:12'),(158,157,7,'2008-05-22 16:41:54','1986-08-23 17:09:09'),(158,184,6,'1990-08-06 14:22:06','2006-12-15 06:42:12'),(159,26,10,'1990-12-17 17:21:51','1985-10-30 22:02:23'),(159,56,1,'1979-04-05 18:52:55','1981-03-08 14:54:51'),(159,73,9,'1994-09-06 10:23:16','1998-05-03 05:28:57'),(159,95,7,'1995-06-26 01:40:19','1992-09-23 15:17:22'),(159,155,10,'2003-08-04 12:31:41','2004-01-09 04:25:12'),(159,161,1,'1996-10-29 22:08:37','1970-02-11 15:22:42'),(160,10,3,'2001-09-10 22:18:00','1991-04-03 13:22:19'),(160,49,8,'2007-06-25 13:12:26','1988-08-06 05:35:12'),(160,97,1,'1998-11-21 12:52:40','1993-09-19 20:17:51'),(160,106,2,'2018-06-14 15:26:25','2018-08-29 20:14:54'),(160,120,10,'2007-03-23 18:26:38','2010-01-08 00:53:06'),(160,193,9,'1978-10-08 10:32:31','1999-11-24 15:09:42'),(161,33,9,'1998-05-19 13:11:14','1990-01-12 12:15:53'),(161,35,6,'1970-06-30 09:05:59','2020-03-25 14:49:53'),(161,42,2,'1995-05-12 12:10:52','1985-02-15 20:59:43'),(161,65,7,'1996-02-23 14:15:02','1986-10-15 13:18:39'),(161,119,3,'1970-06-13 14:38:29','1976-07-11 08:30:12'),(161,195,5,'1972-02-07 18:22:50','2009-07-20 19:50:49'),(162,44,9,'1987-09-21 07:55:36','2006-06-02 22:17:14'),(162,84,6,'2014-04-01 09:08:08','1986-10-15 16:10:59'),(162,90,3,'1990-04-23 08:45:41','1987-02-15 15:05:54'),(162,138,4,'2002-06-16 02:02:29','1990-04-21 12:47:58'),(162,143,4,'2018-02-20 19:23:36','1986-09-30 05:25:44'),(162,168,6,'1996-08-01 20:48:10','2013-02-11 17:15:39'),(163,15,2,'1970-05-10 05:19:07','1981-03-01 05:51:21'),(163,19,3,'2014-05-11 06:21:21','1999-02-06 14:43:32'),(163,20,10,'1978-09-29 07:05:24','2011-07-20 04:29:04'),(163,23,1,'2019-03-25 06:54:29','1995-03-26 04:50:06'),(163,82,3,'1994-08-23 09:26:06','1991-12-13 14:37:46'),(164,3,7,'2018-02-25 12:01:51','1999-12-03 22:44:30'),(164,144,2,'2013-02-21 15:48:47','1996-10-23 05:12:26'),(164,162,7,'2015-09-13 12:09:12','2000-11-19 17:45:47'),(164,186,6,'2013-10-22 06:01:04','1985-02-19 07:16:40'),(164,191,3,'1985-03-10 21:32:52','1993-03-09 02:24:28'),(165,60,10,'2002-03-23 22:17:30','2015-11-26 15:12:42'),(165,94,9,'2015-01-13 22:43:26','1997-04-03 20:23:54'),(165,106,3,'1999-12-16 05:26:47','1970-01-23 02:25:40'),(165,179,9,'2018-07-22 17:47:23','2018-10-13 01:05:26'),(165,182,3,'2005-08-22 10:58:03','2007-05-22 06:52:22'),(166,29,3,'1987-04-18 03:29:21','1984-08-16 03:36:58'),(166,58,7,'1989-08-10 11:00:17','1986-02-02 23:20:13'),(166,86,10,'1975-08-05 13:34:37','1984-07-30 10:31:48'),(166,158,10,'2001-06-29 16:41:29','1998-12-27 13:03:55'),(166,178,6,'1992-11-08 18:53:58','2005-08-04 08:03:48'),(167,8,4,'2017-09-14 07:29:01','2002-11-23 10:59:48'),(167,46,9,'2017-08-28 19:54:42','2015-10-05 05:58:24'),(167,111,9,'1973-02-02 16:38:09','2016-12-23 00:43:21'),(167,120,4,'1974-06-07 07:21:45','1988-11-25 23:55:03'),(167,138,8,'1982-06-04 14:06:36','2017-09-21 01:04:00'),(168,29,5,'2017-05-04 05:34:45','1971-09-05 21:47:23'),(168,59,9,'2008-07-12 14:56:15','1990-04-29 18:57:36'),(168,87,7,'1989-09-16 17:08:26','2002-01-14 03:00:45'),(168,94,9,'1981-03-06 02:18:13','1984-06-05 08:24:30'),(168,154,10,'2013-10-22 08:35:53','2015-03-27 16:04:37'),(169,16,6,'1970-08-01 14:10:06','2014-02-09 16:40:01'),(169,108,9,'1993-03-06 12:33:07','1984-10-07 22:21:29'),(169,151,4,'1980-05-12 13:46:40','1970-04-01 02:38:00'),(169,152,9,'2014-05-21 14:32:09','1989-09-04 20:10:48'),(169,177,1,'1978-12-21 05:05:22','1993-09-04 06:05:12'),(170,31,8,'2006-12-17 18:57:39','2004-11-28 04:56:58'),(170,57,8,'2018-10-24 16:55:04','1984-12-20 13:11:41'),(170,65,6,'1971-03-10 12:54:45','1970-01-07 09:32:18'),(170,179,2,'2011-03-05 10:16:22','2012-07-20 14:22:25'),(170,187,3,'1970-11-09 00:18:25','2014-02-17 18:24:27'),(171,89,5,'1970-08-31 14:23:53','1982-12-30 01:48:39'),(171,94,2,'2008-12-06 00:26:43','1994-03-12 14:31:32'),(171,123,5,'2005-02-08 22:44:00','1975-04-21 12:52:23'),(171,131,10,'2012-01-31 04:21:43','1983-09-25 16:12:25'),(171,195,9,'1983-10-05 16:49:26','1986-12-13 20:14:10'),(172,23,2,'1984-06-25 19:22:16','1997-07-29 14:42:35'),(172,60,10,'2011-04-18 00:30:16','2012-08-10 01:00:23'),(172,99,8,'1984-12-07 04:58:23','2019-10-16 17:35:45'),(172,112,2,'1998-07-29 07:15:42','2013-01-10 20:57:33'),(172,142,2,'1981-02-20 13:34:17','1993-11-12 12:37:48'),(173,102,4,'2009-07-05 14:37:40','2004-08-24 09:55:10'),(173,158,9,'1987-03-12 15:03:00','2000-10-06 14:38:06'),(173,161,2,'2011-02-20 03:23:23','2012-07-10 09:17:42'),(173,166,4,'2002-08-29 12:30:32','1978-07-08 18:09:55'),(173,175,5,'2016-08-06 16:28:54','2020-05-14 03:06:45'),(174,1,3,'1975-10-12 01:06:10','2007-07-24 15:24:50'),(174,43,1,'1970-07-01 16:18:03','1986-07-19 17:34:20'),(174,67,10,'1993-06-20 06:36:06','1983-08-26 10:41:33'),(174,110,6,'2017-01-11 03:51:08','2001-05-04 01:09:37'),(174,113,7,'2013-07-20 15:27:02','1988-04-08 16:42:31'),(175,57,7,'2002-12-29 07:58:50','1977-11-16 19:14:00'),(175,97,8,'2006-05-23 21:31:15','1980-10-23 14:11:30'),(175,136,8,'2015-03-13 15:42:51','1976-05-17 07:24:22'),(175,147,5,'1996-03-08 14:19:56','1997-08-21 19:24:54'),(175,184,5,'1978-12-25 15:26:42','1992-10-17 06:31:23'),(176,8,9,'1981-09-02 12:15:40','2000-04-28 14:06:51'),(176,33,4,'1978-11-19 20:24:27','2015-09-29 06:46:41'),(176,44,8,'2009-06-05 08:00:56','1974-07-10 17:08:46'),(176,105,9,'1981-01-21 21:45:29','1993-07-25 05:18:41'),(176,137,10,'1972-01-21 14:52:10','1993-09-04 06:24:41'),(177,100,7,'1995-10-07 14:00:39','1970-07-18 12:13:36'),(177,103,10,'1973-01-28 02:15:28','2018-11-05 00:39:43'),(177,112,10,'1995-09-03 09:06:47','2018-07-22 04:08:31'),(177,115,9,'2008-06-02 00:56:29','1998-05-09 21:16:43'),(177,141,3,'2009-11-24 08:19:12','1994-10-21 02:59:11'),(178,55,5,'1991-12-28 15:46:02','2001-07-09 01:15:15'),(178,89,2,'1989-07-03 11:18:59','1975-10-10 04:42:00'),(178,94,10,'1989-05-01 19:07:31','1985-05-26 08:43:39'),(178,128,9,'1993-06-06 02:51:46','1992-03-03 02:36:22'),(178,162,8,'1980-02-08 23:43:20','1971-12-08 08:03:14'),(179,51,10,'1978-04-21 18:00:41','1980-05-13 01:29:47'),(179,86,5,'2013-03-19 03:16:44','2009-10-01 10:05:56'),(179,111,8,'1994-12-07 23:01:04','1970-09-22 12:07:14'),(179,140,10,'1973-10-24 23:59:31','2002-09-14 22:56:19'),(179,184,4,'1986-12-05 17:33:56','1987-06-04 22:29:54'),(180,30,8,'1990-09-08 09:33:34','1999-10-14 04:47:05'),(180,91,4,'2019-07-04 02:21:11','2001-11-06 22:09:18'),(180,112,10,'2008-01-02 13:09:59','2003-05-18 16:22:10'),(180,135,1,'2010-06-22 14:07:59','1972-10-25 20:07:58'),(180,158,1,'2009-06-21 10:32:38','1995-11-08 17:56:50'),(181,106,9,'1998-03-08 00:18:46','2016-06-20 10:38:47'),(181,107,6,'1977-09-28 18:55:31','2004-07-06 15:31:17'),(181,161,4,'1982-10-02 07:46:04','2013-09-18 06:43:21'),(181,194,8,'1997-04-28 15:06:39','2019-09-21 05:15:32'),(182,34,3,'2004-08-04 14:03:06','2005-05-06 10:03:04'),(182,61,4,'2010-10-28 14:34:43','1989-07-11 06:00:35'),(182,96,10,'1991-11-27 15:44:55','1972-12-24 12:58:02'),(182,146,3,'1984-10-09 18:26:09','1972-06-07 01:37:10');
/*!40000 ALTER TABLE `user_movie_scores` ENABLE KEYS */;
UNLOCK TABLES;
/*!50003 SET @saved_cs_client      = @@character_set_client */ ;
/*!50003 SET @saved_cs_results     = @@character_set_results */ ;
/*!50003 SET @saved_col_connection = @@collation_connection */ ;
/*!50003 SET character_set_client  = utf8 */ ;
/*!50003 SET character_set_results = utf8 */ ;
/*!50003 SET collation_connection  = utf8_general_ci */ ;
/*!50003 SET @saved_sql_mode       = @@sql_mode */ ;
/*!50003 SET sql_mode              = 'STRICT_TRANS_TABLES,NO_ENGINE_SUBSTITUTION' */ ;
DELIMITER ;;
/*!50003 CREATE*/ /*!50017 DEFINER=`root`@`localhost`*/ /*!50003 TRIGGER `average_score` AFTER INSERT ON `user_movie_scores` FOR EACH ROW BEGIN 
	update movies set rating = (select AVG(ums.score) from user_movie_scores ums where movie_id = new.movie_id) 
	where id = new.movie_id;
END */;;
DELIMITER ;
/*!50003 SET sql_mode              = @saved_sql_mode */ ;
/*!50003 SET character_set_client  = @saved_cs_client */ ;
/*!50003 SET character_set_results = @saved_cs_results */ ;
/*!50003 SET collation_connection  = @saved_col_connection */ ;

--
-- Table structure for table `users`
--

DROP TABLE IF EXISTS `users`;
/*!40101 SET @saved_cs_client     = @@character_set_client */;
/*!50503 SET character_set_client = utf8mb4 */;
CREATE TABLE `users` (
  `id` int(10) unsigned NOT NULL AUTO_INCREMENT,
  `login` varchar(100) CHARACTER SET utf8 COLLATE utf8_unicode_ci NOT NULL,
  `email` varchar(100) CHARACTER SET utf8 COLLATE utf8_unicode_ci NOT NULL,
  `pwd_hash` char(40) CHARACTER SET utf8 COLLATE utf8_unicode_ci NOT NULL,
  `banned` tinyint(1) DEFAULT NULL,
  `favorite_director_id` int(10) unsigned DEFAULT NULL,
  `registration_date` datetime DEFAULT CURRENT_TIMESTAMP,
  `last_activity_date` datetime DEFAULT CURRENT_TIMESTAMP,
  PRIMARY KEY (`id`),
  UNIQUE KEY `login` (`login`),
  UNIQUE KEY `email` (`email`),
  KEY `favorite_director_id` (`favorite_director_id`),
  CONSTRAINT `users_ibfk_1` FOREIGN KEY (`favorite_director_id`) REFERENCES `directors` (`id`) ON DELETE SET NULL
) ENGINE=InnoDB AUTO_INCREMENT=183 DEFAULT CHARSET=utf8 COLLATE=utf8_unicode_ci;
/*!40101 SET character_set_client = @saved_cs_client */;

--
-- Dumping data for table `users`
--

LOCK TABLES `users` WRITE;
/*!40000 ALTER TABLE `users` DISABLE KEYS */;
INSERT INTO `users` VALUES (1,'dicta','myrtle95@example.com','cfd5718a4a478460232bdaeb175f355cf9666cb2',NULL,7,'1983-04-11 17:37:39','1971-10-19 11:00:49'),(2,'quos','weber.chyna@example.org','d66294d69e6fb7b9cabc03e9495330b1e1b2bda8',NULL,49,'2014-07-28 21:03:45','2006-11-05 03:34:50'),(3,'in','leffler.jan@example.net','a2621f3732f5a198faaf28a1936602582d16622c',NULL,43,'2017-08-27 02:59:01','1985-10-19 00:20:13'),(4,'sit','hobart11@example.org','e53cd2c437bae733b435962b9a5a16978c90cc1d',NULL,19,'1988-06-30 06:57:58','1987-06-24 00:41:23'),(5,'qui','alberto03@example.net','0fb5936ac1d50ed47c3bf50e5b09a121bb275053',NULL,50,'1974-09-07 06:30:16','1989-12-20 02:27:04'),(6,'quo','francesco17@example.com','a3b5f2f728ce7dfee7f22c00445cbc56ce3a5355',NULL,25,'1970-01-25 00:40:12','1980-10-22 01:11:32'),(7,'velit','cordie.kling@example.org','5ad64251b1c77d1f0e305d48ced4466c7bf483fa',NULL,15,'1982-03-02 01:53:28','1991-10-02 11:30:18'),(8,'aliquid','blair.renner@example.net','8c0e37aded351c2ec75175003570cf88ec7a7d18',NULL,42,'1994-10-22 04:36:01','2007-05-02 03:56:44'),(9,'dolorem','destiny42@example.net','b7e52bdec779760335eb6fab8218e293e26b8711',NULL,32,'2018-01-26 08:29:31','2012-01-04 18:46:37'),(10,'ex','mackenzie.o\'kon@example.com','17d4c56b948cc395c1d7db6a6542b17420763ee7',NULL,37,'1996-09-28 23:30:24','2016-09-29 03:39:59'),(11,'voluptatem','king.margot@example.com','9b82df2393504dd900c32fb0feb7567eb8d89827',NULL,30,'2005-06-07 06:11:17','2010-11-02 15:21:46'),(12,'doloribus','king.meagan@example.net','a281c4fb6d8ca7351b727ee2fd9313d501b5f9d0',NULL,26,'1988-10-28 02:04:58','2010-01-19 18:14:07'),(13,'voluptas','burley72@example.net','80ade5f03dd636cf39a9a4e380e82b470f9eded6',NULL,24,'1990-11-29 20:37:11','2012-05-27 21:08:15'),(14,'distinctio','keegan.murphy@example.net','fe265ae13b35edd1383f63ce47fd2f5c5ac25710',NULL,37,'1993-10-02 06:28:02','1987-01-06 08:40:46'),(15,'optio','kulas.cleo@example.net','caaf32d4dc820701c46995569307f2a86ed8d7a4',NULL,42,'2014-04-16 05:02:05','1986-08-17 12:07:25'),(16,'sint','wilderman.brayan@example.net','84d382281842c83db3ed64a18d2fcb1e1c223f40',NULL,46,'2016-07-30 13:54:25','2008-07-29 01:54:15'),(17,'quod','meggie.powlowski@example.org','c0dd970a50d27bf46b9abd3b392739ea18ef5faa',NULL,39,'1975-12-14 16:12:08','2017-08-13 10:01:07'),(18,'magnam','natasha.muller@example.com','6f516322d114a29801c1b95361ccc39360230172',NULL,37,'1987-03-31 07:54:41','2015-01-03 19:42:30'),(19,'dolore','joanne.spinka@example.com','4ddf8a942f90fb67381344687610dab599ef9de3',NULL,40,'1985-12-07 09:08:43','2014-03-08 20:39:02'),(20,'et','frau@example.org','946ec5a24a52e8c30c1f5559d7794c1791d1d96e',NULL,3,'1992-03-19 00:14:13','2000-10-11 04:32:55'),(21,'aliquam','jones.may@example.net','5e4c9b67c91aad5d5a38edb821fb2e83fdf13361',NULL,6,'1982-12-17 17:40:25','2011-04-13 09:02:00'),(22,'tempore','jreichert@example.net','3f2af02de507364366fe9a945222d72caa026cbe',NULL,26,'1980-04-21 23:50:42','2005-08-12 16:00:02'),(23,'ipsum','xgoldner@example.net','6121040f18bda3237b8af6541c8c9d4382ce43a7',NULL,12,'2006-11-10 20:50:34','2016-12-22 02:01:54'),(24,'ea','hgoldner@example.com','4d8082eca01b575a17b32f1061a4adfed897879c',NULL,15,'1994-10-06 11:18:44','2003-07-27 06:27:58'),(25,'quia','ureilly@example.com','9b051edcf3249fac8d1eeef6220d3d9e1418c4eb',NULL,46,'1997-05-28 01:42:01','1985-03-15 13:37:03'),(26,'culpa','schneider.baron@example.org','b1f0d762094b4c8fd008390829f5f1007e261425',NULL,23,'1996-02-17 03:02:54','1976-12-06 05:19:39'),(27,'rerum','ernser.laverne@example.org','ce7aaeb7b00705b4c5c6fa8bec63d28c3a33d2f8',NULL,16,'1997-04-23 23:48:12','1974-11-26 07:20:24'),(28,'dolores','botsford.raul@example.com','23fd1eb9885d4edc54645bb4168ad6fe7a3c22f4',NULL,15,'1989-11-25 22:37:01','1986-05-17 07:57:01'),(29,'repellat','hollie30@example.org','88ca54bf4302089381b442a4893ebb83060d35ce',NULL,31,'2009-02-01 04:11:51','1974-06-10 16:25:00'),(30,'ipsam','heathcote.chelsey@example.com','67a0e79c26d5e2a4a2478c5403f662e254e68bb4',NULL,3,'1999-05-03 06:42:02','2015-04-28 07:26:57'),(31,'nihil','elise17@example.com','7628823d4892674dedf56a735e35229079340a45',NULL,35,'2009-02-27 20:53:03','2012-09-20 12:07:00'),(32,'eos','schiller.oda@example.net','7b32221e257dbc6e8ebd46200d5a3782b68c5dc4',NULL,37,'2008-09-07 09:08:52','1972-02-08 06:51:24'),(33,'quibusdam','kadin.lang@example.com','044357f1a94b913135733e606da0faa1bee222e8',NULL,1,'2007-12-27 23:42:49','1978-08-22 13:53:48'),(34,'consequatur','bashirian.cleora@example.org','7edba0b3cf6ca6d49938592feaf6c480718f5534',NULL,27,'1998-05-08 11:56:54','1990-10-11 06:35:32'),(35,'odit','cleveland.howell@example.net','ed990885193f31dfdb04cc6e3b808925fc430544',NULL,5,'1998-05-22 04:14:53','1988-03-04 13:33:53'),(36,'veritatis','marlon77@example.net','e064f33ee3a49a55cf4a9f960632a583bd5a2aed',NULL,1,'1971-08-11 10:54:47','2017-08-13 05:24:39'),(37,'provident','vesta41@example.org','d2b9258df92956e66acde89eb5680aadbc04ca6d',NULL,2,'1998-06-09 01:03:34','1972-04-09 11:55:43'),(38,'iste','ashleigh.kerluke@example.net','a08c9aefd7075d2532ef2b125a0d8f52330cc88a',NULL,20,'1996-02-27 12:27:22','1976-02-17 23:39:34'),(39,'ut','meredith.feeney@example.net','ba7559c839ed2a581413e153a6299cad1348dd36',NULL,43,'2008-06-26 08:12:41','1982-05-15 19:51:55'),(40,'recusandae','stehr.buford@example.net','0d0a5d873796b77e7dc40d1a7826f0af134b42bc',NULL,33,'2008-11-21 18:29:48','1987-11-10 06:35:53'),(41,'autem','flossie.rath@example.net','913a75c7986c512ef84ab82de85fc74e3f54d37b',NULL,7,'2013-06-16 09:19:38','1974-10-01 16:40:59'),(42,'maxime','felicita.kassulke@example.com','6c92cf4c84ca182acd839ecfd753ef307a81b922',NULL,23,'2000-04-29 14:35:18','1977-02-08 17:50:34'),(43,'architecto','jerde.ulices@example.com','d95afae1e145a6e97524474a5ca63f1fc2936268',NULL,9,'2019-01-03 23:08:11','1990-09-13 03:54:15'),(44,'dolor','xschinner@example.net','15837d1e5b334ed4ef3f3a24b97d2c9c06173fe8',NULL,31,'1996-02-14 19:41:43','1991-12-22 08:12:29'),(45,'eum','brice08@example.net','724d50a5bc9fbd041211c8e3081de10701aaae86',NULL,9,'1987-10-23 00:58:42','2017-09-20 11:20:11'),(46,'molestias','rau.tyshawn@example.net','b4fa62bdeeb4b813da36d3de35689e9855392809',NULL,1,'2019-09-15 20:42:04','1982-10-31 04:58:30'),(47,'sunt','waino59@example.net','764a6001bb02e725493c7ae46edf938b7358208e',NULL,26,'1978-04-17 07:28:49','2003-06-27 11:07:47'),(48,'fuga','jamie15@example.org','906a5acb125501c5e21a08549166c307ca0f6c98',NULL,48,'1993-04-29 01:47:27','2008-07-05 23:22:27'),(49,'exercitationem','selena.larson@example.net','7bf008b9238261a9cfb1955eb8ed2819d0a8e0cc',NULL,37,'1980-08-03 11:53:26','1977-07-24 06:13:17'),(50,'vitae','d\'angelo.boyer@example.com','e4c74b3751e891b5b9b3e05b419bd190cde3f14b',NULL,16,'1978-06-04 11:21:43','1994-11-15 06:50:40'),(51,'ducimus','krista40@example.com','1dc7c6504455d737906e69feedc5da2db1d91b96',NULL,50,'2002-04-28 22:11:44','1994-10-17 21:51:19'),(52,'aut','ziemann.mozell@example.com','b23eab35f12c1eab63d4a92fa68d098048feedb5',NULL,42,'1991-11-09 08:23:16','2003-11-09 14:28:41'),(53,'deleniti','verner56@example.net','999acb3be2a36aa1b5a1c38d2fe08c9520b65443',NULL,42,'1982-05-04 14:43:48','1986-02-23 04:05:41'),(54,'porro','kshlerin.boyd@example.org','f376ad8ba9af1d4982c4320278131e02f898d017',NULL,12,'2009-07-07 05:22:40','2001-01-11 20:55:07'),(55,'voluptates','pblick@example.org','a93019608217875684e123a6c41f09f9d199fb4f',NULL,7,'2005-09-26 08:08:46','1992-05-05 08:57:17'),(56,'libero','greenfelder.fred@example.org','f4f5d7693ec57d6b242c31cd3f83b3de9a37fa79',NULL,38,'1985-11-18 06:53:29','2008-07-16 11:34:43'),(57,'corrupti','dicki.lottie@example.org','0b7b0b4c7e040cd2295dde0e9c96288f9132a788',NULL,34,'2008-09-25 14:57:16','1992-04-20 16:34:41'),(58,'delectus','arnoldo02@example.com','7e3775bfb9b403f09e1fb53c35e36b188059d965',NULL,22,'1987-02-03 20:40:59','1982-12-20 05:15:48'),(59,'occaecati','vaughn18@example.com','78e7343cca93fd38bd13247c07c20a731ff73eaf',NULL,2,'2003-07-17 15:25:59','1971-10-27 22:51:30'),(60,'minus','bradly.langosh@example.net','735035804dfb3ac13ae9f2bf1b2b4b278fbfa1fb',NULL,15,'1987-08-01 00:26:58','1997-04-27 00:00:04'),(61,'minima','issac90@example.com','3dcac33c2c2d4f53ede492608b5192aa905b4dd0',NULL,25,'2015-08-08 06:21:22','1978-10-08 14:43:02'),(62,'reprehenderit','myah94@example.com','068f5bde3d545f9f7c72901fdc9305ac19680b12',NULL,37,'2009-09-02 04:25:07','2014-06-05 06:08:39'),(63,'voluptate','koss.chelsie@example.org','cf6817f7af5ffb025938033fa916a97aec6e3a5e',NULL,2,'1971-02-07 15:09:17','2005-08-08 08:18:42'),(64,'nesciunt','taurean29@example.com','595cfb8d2e39c014b3a61c63744271cda969e65e',NULL,26,'2000-05-09 13:14:13','1982-07-27 08:25:34'),(65,'blanditiis','ybeer@example.net','d4fc0469eab63fbe88933365bd29f7aa9ceb8811',NULL,13,'1987-03-22 03:55:40','1972-09-10 01:58:25'),(66,'omnis','sruecker@example.com','68dbbe1e0d26e56ce11b6741cff86fad1b2c40e5',NULL,6,'1974-03-18 11:33:59','2008-11-02 08:55:54'),(67,'dolorum','bernier.justyn@example.net','bb751dea7a7c2761bd002c66bb287c7cee28f267',NULL,27,'2010-02-13 12:54:18','1990-12-24 20:47:52'),(68,'temporibus','krystal.kutch@example.org','6d66225fbfbe6061519bf313ee8bbffe38841053',NULL,15,'1996-02-06 06:48:26','1993-08-20 14:52:51'),(69,'corporis','imani43@example.net','54f0f9dae204a50ca688081e4fe8c27e69b4708e',NULL,26,'1976-12-16 07:58:42','1974-08-21 05:35:08'),(70,'eaque','gislason.noemi@example.org','b43a8ff260d0d0b7cbbcb8f0762025254a40560d',NULL,19,'1996-12-01 05:13:16','2001-07-15 08:26:03'),(71,'hic','hailey.ortiz@example.net','650312f0023922d931c5f6be68afc35d01db3e29',NULL,48,'2001-05-30 12:52:34','2008-06-13 05:06:22'),(72,'vel','vonrueden.wilhelm@example.com','2a97d4d51fc59aa8399a5b47f625bdf916e0231e',NULL,33,'1970-12-13 12:00:07','2019-02-25 04:41:17'),(73,'eveniet','bskiles@example.org','b91e284b77dd060699410750c5005973e5e20fbc',NULL,42,'1987-11-16 23:48:26','1991-12-29 19:21:21'),(74,'illo','dconnelly@example.net','caf0d7a8baac617306b404b9a0bbd52a4eeea8bb',NULL,6,'1970-07-30 19:02:40','1982-10-03 04:09:54'),(75,'sequi','brunolfsdottir@example.net','1174fc7cb8dad4574c46f56782ef781b04e3065c',NULL,13,'1979-12-08 22:01:31','2012-11-18 06:25:38'),(76,'quis','carter.jacynthe@example.net','cca9087d087a8c76976a5c716f2948d4f4643765',NULL,1,'1983-01-01 10:35:09','2011-05-30 21:41:34'),(77,'impedit','kiana65@example.com','cbdac7ed40840b8dd9b6486e3e22fc77be919a88',NULL,6,'1979-04-02 16:26:12','1980-01-16 12:09:01'),(78,'nisi','auer.carlo@example.net','f0bceed070ce7ce26ad338da4ca3cfdac30b189d',NULL,39,'1975-03-27 16:55:38','1990-11-22 11:58:29'),(79,'sapiente','octavia92@example.com','5190f32964ff87eda958846b03b0fe621cdd443f',NULL,48,'1987-03-03 04:20:36','1993-01-15 18:05:33'),(80,'consectetur','wlegros@example.org','abe2b87e555c3f1519ea8d12417bf6c9ee7e1198',NULL,43,'1982-01-17 02:03:17','2006-12-05 10:53:00'),(81,'cupiditate','lon.hickle@example.com','4508e61df24ed374e1682a074674987750f1f8f6',NULL,5,'2016-10-31 13:26:13','1971-12-01 17:31:05'),(82,'perspiciatis','kaylie.wilderman@example.com','086789c88dc26be9ddac911032896c3f274cb62f',NULL,47,'1983-01-13 22:29:09','1975-04-06 08:59:03'),(83,'laudantium','toy.bryana@example.org','e69055ce00214c80212ad10dd0126f6901da89ec',NULL,35,'1971-10-02 20:42:50','2011-01-23 14:52:37'),(84,'placeat','hirthe.trevor@example.org','1da21d5ffa830979c5bb92ca51db3bc098e63cc9',NULL,46,'1992-02-11 23:46:59','2001-07-27 14:07:16'),(85,'id','hayden.carroll@example.com','10c3ea3b7ffc085b829e68085e8e028a73e96c48',NULL,8,'1974-09-29 22:26:05','2013-10-12 05:32:59'),(86,'soluta','pagac.lance@example.net','3e6ef90b61fa9ee5e5e676016388c6d6f489a8b6',NULL,41,'1997-04-24 23:31:15','1986-10-15 05:34:05'),(87,'incidunt','reinger.johan@example.com','64fe4d1c18dcb7228d6ea6b93b70cd93ebc15b1a',NULL,34,'1992-02-12 23:22:51','2016-04-27 00:56:42'),(88,'beatae','schmeler.elissa@example.org','3f081077203666f2f1b3ae0f811e83dc216746d8',NULL,42,'1999-07-18 05:27:51','1992-06-29 05:41:07'),(89,'saepe','leann75@example.net','4bb50f57d407c54073cdc0abc4047b0ae05f9dfe',NULL,13,'1986-01-02 11:56:19','1998-12-09 23:12:55'),(90,'ab','brett.wiegand@example.com','1b6d8f0c0bfd289642ee01dcf5dd33a9bc3717d0',NULL,35,'2009-05-05 07:18:28','1999-05-16 17:28:47'),(91,'error','wisozk.giovanni@example.com','4df9dbe55d2624f37df8001427e04b6da0d1be48',NULL,7,'1986-11-30 20:31:29','1996-11-05 03:34:55'),(92,'vero','britney.hansen@example.net','cd34aeb1401400b635c8aba01de1b8ae024ddb11',NULL,38,'1970-09-16 11:21:02','1973-05-02 19:33:04'),(93,'facere','jailyn.hane@example.org','514ff77aa361a3f7c42fe7a7b3f10b85f9b585ef',NULL,22,'2005-05-22 19:29:27','1993-12-24 00:12:12'),(94,'nemo','damien.blick@example.com','a779b1736e2cc7cf374439a14460f170190b2252',NULL,8,'1978-10-26 01:27:28','1972-01-07 09:16:04'),(95,'nobis','sophia49@example.net','1e36e3b428e2063d1ee06ccda37b33a712cf9496',NULL,13,'1986-12-27 20:47:42','1995-01-04 09:22:21'),(96,'iusto','raynor.brigitte@example.org','04d9494c8fed9dbbafd2a344eaffa3ab2fa3a9dc',NULL,35,'1984-11-14 19:06:10','2015-09-13 06:26:47'),(97,'cum','ciara.schaefer@example.com','edbf8ab9bf0e1ad49fb75c79c88d7fe835f0cb7f',NULL,14,'2004-07-10 13:23:20','1976-07-04 19:05:04'),(98,'animi','sauer.nova@example.com','f611dee8a41f93677aa75cfaa1543d8e8db2a7c1',NULL,39,'1973-10-16 06:33:44','1978-01-31 11:35:48'),(99,'eius','sigrid.price@example.org','dcd5bbc92c2e63f13abbd612e6e4be323dbf0671',NULL,49,'2005-04-15 21:10:41','2006-12-08 02:52:14'),(100,'est','deonte73@example.org','7704eb23459a32d37c209a089a192e1dad70eb44',NULL,39,'2009-10-09 13:09:18','1998-04-18 11:38:50'),(101,'tenetur','agustin.feest@example.com','0f7f2dcdb5c31f07957df7098e351e97d51094b3',NULL,8,'2000-12-19 15:28:34','1987-08-07 13:12:46'),(102,'repudiandae','cooper59@example.org','74f3419c496ffb2a9caf088aed76472fefb315c3',NULL,47,'2005-08-27 17:29:24','1975-06-23 21:29:55'),(103,'praesentium','hoppe.alexane@example.org','fed9bd37edd792743f61ebd40a62da2b8b9bcd6e',NULL,21,'2003-07-11 14:22:52','2002-08-11 11:59:22'),(104,'atque','sheridan.hudson@example.net','9422ee278841984d362fa664cc61219fdf007f70',NULL,50,'1989-08-01 05:45:06','2008-10-09 08:59:45'),(105,'maiores','ottilie.gerlach@example.net','4fe12a2022e91bab730b5549d77afb6b9d28c307',NULL,2,'2006-07-10 07:03:43','2001-07-05 14:57:51'),(106,'unde','opurdy@example.net','33d31e2df0d6ba17c8c41d9ea1168eddbd9ec2d8',NULL,34,'2003-03-11 17:45:08','1999-10-08 20:34:33'),(107,'magni','reba.schowalter@example.com','c7c0b0dbe7ba3433e17abb002d0c76e91d056435',NULL,50,'1973-09-14 00:49:33','2001-10-20 13:36:45'),(108,'facilis','ytromp@example.com','60d23a96a24314592c5371187ff00a969f496cf0',NULL,8,'1996-07-07 08:00:40','1987-11-15 21:39:53'),(109,'veniam','nschaden@example.com','d52d9570b80ea4891b229da78f2d64d786f90810',NULL,22,'1998-12-15 14:55:38','1995-12-15 05:28:08'),(110,'consequuntur','doris.gleichner@example.com','f32729a56e3f451b3a891b7f5df6444f05cb242c',NULL,47,'1972-01-31 23:57:58','1985-07-18 03:28:39'),(111,'mollitia','karlie14@example.org','bb12f4189554e50f28db691781ed1e16a15bef89',NULL,50,'1973-09-12 11:46:06','1972-04-20 03:23:52'),(112,'numquam','lindgren.brandy@example.com','3641ae8156397513f78814ba1b568e0c35688dec',NULL,26,'2007-08-30 10:45:15','2017-11-12 18:12:15'),(113,'enim','vbeatty@example.com','61ac4dbf1dd0638a3aa1f94aa215f944fdac46fd',NULL,44,'2003-07-12 18:51:40','1989-06-15 00:42:42'),(114,'at','creynolds@example.net','7967667bd1565b6dc9b08728541afb8e8fdd4150',NULL,34,'1978-06-01 15:07:34','1980-04-29 01:12:02'),(115,'illum','ypredovic@example.net','da5ba14a770342beb969545bfc51e7331a156733',NULL,22,'2007-07-13 23:50:44','2006-08-12 02:43:30'),(116,'amet','iva60@example.net','fe9510b9bdff88288a070f0f2228e549ae6beddd',NULL,2,'2016-05-22 16:13:33','2011-06-25 16:24:58'),(117,'quaerat','duane76@example.net','3ff41786cd9fcf276da77e5b7ad0e1d5f7590954',NULL,25,'1996-12-30 07:13:33','1981-07-10 21:09:47'),(118,'esse','bogan.wiley@example.org','4629ad6de5fae9015704686f0a218c896c23edb4',NULL,5,'2007-10-22 05:32:38','1978-02-03 17:16:04'),(119,'modi','ashtyn.osinski@example.net','4de484764da0fbad409309f3f29771857ccba786',NULL,43,'2001-11-18 21:46:57','1988-03-01 16:45:13'),(120,'non','smitham.marc@example.net','7d3944dcf16c00e55a14f2482c475bdfb88a0b9f',NULL,38,'1979-11-03 03:19:03','2019-02-18 20:05:17'),(121,'alias','baron.o\'kon@example.net','c393ded75ab069d052579a82fb349bca18e47a1d',NULL,40,'2002-09-01 17:40:39','1998-11-11 06:34:47'),(122,'laboriosam','nelson02@example.com','707d6bdb4cb2f12e01f6f5a446414a37c64fae7f',NULL,49,'1990-02-23 18:40:13','2014-05-09 23:59:19'),(123,'sed','rahsaan01@example.org','8eb2696910012698b00c4679ff719d8b06adbbd0',NULL,25,'2012-07-24 06:01:34','1976-03-26 21:25:14'),(124,'nostrum','jewel.zboncak@example.org','fe0159fa0c76cac05376157cdbc4e4a1d5cf6314',NULL,11,'1983-01-23 15:28:20','1970-05-18 04:51:52'),(125,'quam','lesch.anastacio@example.net','51b25c6dac2a14ff2b5620602a9f6ba6b9e9396a',NULL,6,'2001-10-30 07:16:59','2010-10-02 14:50:35'),(126,'possimus','naomi09@example.net','40f5482f11c5279fa91b88d0b035755662103ab6',NULL,38,'2006-05-06 16:12:47','1990-12-01 06:52:19'),(127,'assumenda','kane89@example.com','bde2722a55d39c2586964f6d55a16284d8a24609',NULL,45,'2013-01-09 11:00:14','2002-07-28 06:30:20'),(128,'ratione','doyle.korbin@example.net','353670e39f997f65649c4b3062def4f806c8f570',NULL,19,'2006-03-25 08:48:31','1998-03-24 03:06:26'),(129,'officia','jolson@example.net','67847e4aa7950388d7a93abefcdce8190d41cb20',NULL,26,'1975-07-28 21:44:00','1991-03-26 03:22:57'),(130,'quas','koelpin.julian@example.org','0ebda48dc61ffc5cfe0d6cc1627f285c1e9c3751',NULL,44,'2010-07-10 08:28:13','1970-09-09 21:46:23'),(131,'molestiae','pagac.rachael@example.com','52f6369048e75f5cb02d914c1b6fce8074647f3b',NULL,8,'1991-09-10 02:26:39','2017-07-07 07:45:26'),(132,'excepturi','nia.howe@example.org','e34bd629207c7eeef3e9581391d4628848bfa5a6',NULL,34,'1996-10-19 21:42:50','2013-07-21 02:46:39'),(133,'quae','anolan@example.net','af43e9cf394a18ede4cd53e26c0431cf6e702f44',NULL,40,'1990-09-15 01:43:19','2010-03-27 05:22:49'),(134,'dignissimos','lukas48@example.org','9f3c1d2bd4f738c88deb069f84c51b0ce9a5c9d4',NULL,29,'2018-06-14 07:42:55','2007-04-19 08:32:30'),(135,'accusamus','balistreri.max@example.net','4f2d7f9bdd234d4608b8418976c1be9941eda3a5',NULL,33,'1986-01-03 14:14:19','1998-01-07 07:15:50'),(136,'labore','annamarie.connelly@example.com','48a7c4493492a4de5dbc787232223e2c0aa8866f',NULL,42,'1981-02-16 08:43:06','1995-07-15 12:59:18'),(137,'perferendis','adell.mosciski@example.com','5442f0f23da6309a68e9bb2a24ec28f0519ac3b1',NULL,12,'1979-02-05 23:51:15','2010-01-11 14:08:03'),(138,'laborum','ehamill@example.net','31505241605236a547824e76be719273b5e0518b',NULL,32,'2009-07-22 23:38:46','2000-07-30 11:30:39'),(139,'officiis','mccullough.lonzo@example.org','b157d8af285e304496a3128b8994826fb8b6ab1a',NULL,49,'1994-02-24 17:52:32','2013-06-10 12:40:10'),(140,'itaque','braun.elouise@example.net','d4afb66c6999526c58a9380b8a29366331dd44bf',NULL,34,'2003-12-14 09:31:26','2016-09-24 01:06:31'),(141,'accusantium','kassulke.kaci@example.org','920733741b5cc0fc94cfe650075b26eb6c8ebda5',NULL,29,'1996-02-20 18:06:46','1995-12-22 15:51:03'),(142,'neque','pfadel@example.org','d963d2486c89782a1b1ab7f5b73fb2650e70419b',NULL,49,'1994-10-28 03:13:24','2010-09-12 15:33:24'),(143,'a','luther.robel@example.net','c7ae60e0f2b43b31b60c5ed2b766a7cf443f4ca2',NULL,9,'1996-11-23 19:09:35','1981-09-30 14:57:25'),(144,'quisquam','heaney.sonya@example.net','e6bffaad22abdcf68420474248c2ce592a6e9cc4',NULL,22,'1996-12-06 08:35:11','1982-06-27 06:16:58'),(145,'voluptatibus','oreynolds@example.net','bd57a9442622ee600af66f99edceaa904f309018',NULL,32,'1980-12-10 15:47:45','1990-01-23 16:37:06'),(146,'natus','pschaden@example.org','595bb6e559463cb1f0551c839c8920588c1cceae',NULL,31,'1979-01-18 00:49:57','1977-09-04 12:44:23'),(147,'quasi','dorian80@example.com','e30f1bc03279170aaa8208e7b7e18e64cc13afcd',NULL,23,'2000-07-22 12:07:25','1990-06-15 06:36:34'),(148,'adipisci','spencer.valentine@example.org','33d3a6d0bc6ac7e5329494e76a5bc56d7dad6a55',NULL,7,'1974-04-08 19:41:20','1971-11-24 19:28:27'),(149,'deserunt','carissa61@example.net','c17564da4a072a110322efd3b98811b227948045',NULL,36,'2019-03-07 08:54:26','1992-03-05 02:31:19'),(150,'suscipit','reva.von@example.org','451bc450f63a6503dcfe77125b2149ebac8fc0a1',NULL,15,'2005-01-14 18:09:36','2019-08-07 21:39:56'),(151,'ullam','imogene31@example.net','88548087b945281368e6a2f824d3cbf6505fb70c',NULL,44,'1990-12-02 08:51:15','1985-03-10 02:46:10'),(152,'ipsa','nader.manuela@example.com','0237b970ad1ba70a598c4f8e81afdb23eef7938e',NULL,25,'1986-01-16 19:07:40','2012-05-02 02:44:48'),(153,'necessitatibus','valentine68@example.com','d1a9df22114f2e79dfa5841ac9f48dab09a939af',NULL,14,'2020-04-26 12:31:13','1974-11-22 21:34:34'),(154,'fugit','lindsay.hauck@example.org','286eab65dffbdafc29d2464d4187698c3611504e',NULL,18,'2019-03-24 03:34:49','2005-01-08 14:53:16'),(155,'totam','sleannon@example.org','729bffbdda54ffa619574671aaab9ca3d6e0fe55',NULL,36,'1993-06-10 01:01:29','1980-01-27 21:35:04'),(156,'iure','ddaugherty@example.net','67e39d7308e8262ffb049bc0d874e38fa9091024',NULL,20,'2002-02-16 07:41:32','2000-02-20 10:16:44'),(157,'inventore','nhessel@example.org','b3268b9182ead586a79bd828ef589cf29d4b47c1',NULL,5,'1993-10-27 06:51:55','1997-03-01 19:58:28'),(158,'pariatur','rosalyn81@example.com','b6e4786284b0548a3e968382f7f5ceea2c7fd3d2',NULL,30,'1982-06-09 23:44:09','1988-10-18 16:25:52'),(159,'repellendus','jackie96@example.net','5873ba05a926e280dc6c4d27952b15fcc97ef93d',NULL,39,'1993-11-28 05:36:42','1983-01-17 04:54:04'),(160,'harum','vandervort.cara@example.com','814fd091ce769d332beedab0156477ba2f10574c',NULL,31,'1988-09-09 10:09:42','1986-07-15 07:07:01'),(161,'earum','pasquale.reichel@example.net','a4748a7cf1e14ae8d5a5e9acdf121501cc023754',NULL,24,'1974-08-30 18:38:33','2004-04-11 01:38:57'),(162,'eligendi','logan.lowe@example.com','822839ce30f1b890edbe30fee4f9ad893277ed69',NULL,46,'2012-05-28 17:07:11','1978-06-04 06:58:14'),(163,'voluptatum','parker64@example.org','f4c293ae5db9a8fd73ae6628503efce3ffa446ea',NULL,15,'1973-02-14 19:31:37','1996-04-18 11:41:19'),(164,'nam','ro\'conner@example.org','a89b6f3ac4cf5efe9ecee03381dcc7b8b8b041ec',NULL,13,'2019-01-06 15:46:23','1998-07-10 06:32:16'),(165,'odio','demetris.hammes@example.net','851763ba327deb7afbb5bc67c37c69df51554575',NULL,25,'2016-09-21 16:43:32','2003-08-12 14:25:46'),(166,'expedita','mclaughlin.woodrow@example.net','75122a8b96097bf99db321e53d9ec94fe598eb08',NULL,48,'1984-04-14 12:52:48','2001-08-28 16:22:40'),(167,'rem','lindgren.marge@example.com','6789f81e0c1936d4b9ae443420b43458d1d5fe8c',NULL,5,'1987-03-26 21:55:18','1977-07-11 16:00:23'),(168,'fugiat','lgorczany@example.org','fffe3da105da1af40c1c7f798645a7f1da2e3553',NULL,36,'1975-06-29 00:12:48','1975-04-05 08:36:08'),(169,'aspernatur','mayer.chanel@example.com','def818cc1ae23fe377ff9e4fa7a9be6badf674ce',NULL,30,'2016-07-21 02:48:09','1999-12-14 13:53:14'),(170,'similique','baylee92@example.org','0e6558d0a019e062492dface64369e9734b881c3',NULL,4,'2008-08-29 12:58:27','1975-02-19 11:17:15'),(171,'cumque','oblick@example.org','1663273c67c5c405129ec2db99d3c038531967be',NULL,20,'2010-12-07 12:22:22','1988-09-12 12:34:11'),(172,'tempora','ipfeffer@example.com','5bb4a2eeb260fd8cc6d1d614a684e7a1e3224a42',NULL,8,'1995-10-12 01:51:28','2001-12-17 21:12:02'),(173,'asperiores','mosciski.jocelyn@example.com','b57e66f8be249ef6925328ff4cdb526704c19ebb',NULL,2,'2012-12-09 14:17:55','1970-05-21 19:47:13'),(174,'explicabo','fterry@example.org','78cbfe1706bc901241966f2cf9d58a3604f17a9a',NULL,29,'1972-09-19 22:43:37','2014-06-09 16:46:41'),(175,'reiciendis','zgerlach@example.com','a33aa25d3a96cfcb8fc57794b89ec8c4035a8cea',NULL,29,'1970-09-09 01:40:25','2019-12-25 18:24:56'),(176,'ad','jaqueline98@example.com','161ca4903b4a618624ea969d6040d9e396891184',NULL,34,'2019-01-29 21:42:51','1971-03-18 05:18:09'),(177,'commodi','kohler.eugenia@example.net','a262406cd763ee76ea08b20c8a2bd1097c3420be',NULL,9,'2009-10-24 05:20:06','1994-10-01 03:01:35'),(178,'nulla','smueller@example.com','b2a70a9e9beab5993cf16bb22506342b33184c45',NULL,2,'2008-04-18 04:21:59','1981-05-26 00:17:01'),(179,'doloremque','king.mosciski@example.net','0cd1e5f993ddcfda2b6edc46ac6f9b131a9abf6b',NULL,40,'2011-01-20 09:34:53','1998-07-11 10:09:14'),(180,'quidem','maggio.gail@example.org','ebcade5f3dc959ec7fb59bf6513f43c06b1c45dd',NULL,44,'2019-09-16 05:18:35','1983-12-30 19:49:58'),(181,'debitis','theller@example.com','e655c591fb9650e604eaac6ee1ad4a42d98edc7c',NULL,17,'1984-03-19 10:37:37','1989-05-04 00:34:35'),(182,'aperiam','kris.gwen@example.org','1ce3469b755fc24e1caebbe9cef6f65e0f734078',NULL,33,'1989-04-23 03:49:53','1988-09-08 10:14:52');
/*!40000 ALTER TABLE `users` ENABLE KEYS */;
UNLOCK TABLES;

--
-- Final view structure for view `genres_movies_view`
--

/*!50001 DROP VIEW IF EXISTS `genres_movies_view`*/;
/*!50001 SET @saved_cs_client          = @@character_set_client */;
/*!50001 SET @saved_cs_results         = @@character_set_results */;
/*!50001 SET @saved_col_connection     = @@collation_connection */;
/*!50001 SET character_set_client      = utf8 */;
/*!50001 SET character_set_results     = utf8 */;
/*!50001 SET collation_connection      = utf8_general_ci */;
/*!50001 CREATE ALGORITHM=UNDEFINED */
/*!50013 DEFINER=`root`@`localhost` SQL SECURITY DEFINER */
/*!50001 VIEW `genres_movies_view` AS select `m`.`title` AS `movie_title`,`g`.`name` AS `genre_name` from ((`movies` `m` join `movies_genres` `mg` on((`m`.`id` = `mg`.`movie_id`))) join `genres` `g` on((`mg`.`genre_id` = `g`.`id`))) */;
/*!50001 SET character_set_client      = @saved_cs_client */;
/*!50001 SET character_set_results     = @saved_cs_results */;
/*!50001 SET collation_connection      = @saved_col_connection */;

--
-- Final view structure for view `reviews_view`
--

/*!50001 DROP VIEW IF EXISTS `reviews_view`*/;
/*!50001 SET @saved_cs_client          = @@character_set_client */;
/*!50001 SET @saved_cs_results         = @@character_set_results */;
/*!50001 SET @saved_col_connection     = @@collation_connection */;
/*!50001 SET character_set_client      = utf8 */;
/*!50001 SET character_set_results     = utf8 */;
/*!50001 SET collation_connection      = utf8_general_ci */;
/*!50001 CREATE ALGORITHM=UNDEFINED */
/*!50013 DEFINER=`root`@`localhost` SQL SECURITY DEFINER */
/*!50001 VIEW `reviews_view` AS select `u`.`login` AS `user_login`,`umr`.`title` AS `review_title`,`umr`.`body` AS `review`,`m`.`title` AS `movie_title` from ((`user_movie_reviews` `umr` join `users` `u` on((`umr`.`user_id` = `u`.`id`))) join `movies` `m` on((`umr`.`movie_id` = `m`.`id`))) where (`umr`.`moderator_approved` = true) */;
/*!50001 SET character_set_client      = @saved_cs_client */;
/*!50001 SET character_set_results     = @saved_cs_results */;
/*!50001 SET collation_connection      = @saved_col_connection */;
/*!40103 SET TIME_ZONE=@OLD_TIME_ZONE */;

/*!40101 SET SQL_MODE=@OLD_SQL_MODE */;
/*!40014 SET FOREIGN_KEY_CHECKS=@OLD_FOREIGN_KEY_CHECKS */;
/*!40014 SET UNIQUE_CHECKS=@OLD_UNIQUE_CHECKS */;
/*!40101 SET CHARACTER_SET_CLIENT=@OLD_CHARACTER_SET_CLIENT */;
/*!40101 SET CHARACTER_SET_RESULTS=@OLD_CHARACTER_SET_RESULTS */;
/*!40101 SET COLLATION_CONNECTION=@OLD_COLLATION_CONNECTION */;
/*!40111 SET SQL_NOTES=@OLD_SQL_NOTES */;

-- Dump completed on 2020-06-25 20:07:26
