-- MySQL dump 10.13  Distrib 8.0.18, for Win64 (x86_64)
--
-- Host: localhost    Database: vk
-- ------------------------------------------------------
-- Server version	8.0.18

/*!40101 SET @OLD_CHARACTER_SET_CLIENT=@@CHARACTER_SET_CLIENT */;
/*!40101 SET @OLD_CHARACTER_SET_RESULTS=@@CHARACTER_SET_RESULTS */;
/*!40101 SET @OLD_COLLATION_CONNECTION=@@COLLATION_CONNECTION */;
/*!50503 SET NAMES utf8mb4 */;
/*!40103 SET @OLD_TIME_ZONE=@@TIME_ZONE */;
/*!40103 SET TIME_ZONE='+00:00' */;
/*!40014 SET @OLD_UNIQUE_CHECKS=@@UNIQUE_CHECKS, UNIQUE_CHECKS=0 */;
/*!40014 SET @OLD_FOREIGN_KEY_CHECKS=@@FOREIGN_KEY_CHECKS, FOREIGN_KEY_CHECKS=0 */;
/*!40101 SET @OLD_SQL_MODE=@@SQL_MODE, SQL_MODE='NO_AUTO_VALUE_ON_ZERO' */;
/*!40111 SET @OLD_SQL_NOTES=@@SQL_NOTES, SQL_NOTES=0 */;

--
-- Table structure for table `communities`
--

DROP TABLE IF EXISTS `communities`;
/*!40101 SET @saved_cs_client     = @@character_set_client */;
/*!50503 SET character_set_client = utf8mb4 */;
CREATE TABLE `communities` (
  `id` int(10) unsigned NOT NULL AUTO_INCREMENT,
  `name` varchar(150) CHARACTER SET utf8 COLLATE utf8_unicode_ci NOT NULL,
  PRIMARY KEY (`id`),
  UNIQUE KEY `name` (`name`)
) ENGINE=InnoDB AUTO_INCREMENT=101 DEFAULT CHARSET=utf8 COLLATE=utf8_unicode_ci;
/*!40101 SET character_set_client = @saved_cs_client */;

--
-- Dumping data for table `communities`
--

LOCK TABLES `communities` WRITE;
/*!40000 ALTER TABLE `communities` DISABLE KEYS */;
INSERT INTO `communities` VALUES (2,'Adipisci blanditiis.'),(13,'Autem est cupiditate.'),(10,'Beatae est qui ut.'),(14,'Commodi labore voluptas modi.'),(12,'Consequatur et nisi accusamus.'),(21,'Dicta autem est sit.'),(6,'Ea ad.'),(25,'Eius voluptatem ut.'),(3,'Et autem commodi enim.'),(24,'Et dolores numquam similique voluptatem.'),(7,'Et id.'),(1,'Fugit nihil.'),(17,'Id in sit omnis.'),(22,'Ipsum autem et.'),(20,'Labore sit dolorum.'),(8,'Libero a quod nostrum.'),(19,'Libero dolorem harum.'),(9,'Magnam et provident ut.'),(5,'Minima expedita voluptatem.'),(18,'Molestiae dolor voluptates.'),(23,'Quae ipsum omnis.'),(4,'Quaerat animi perspiciatis aliquam.'),(15,'Quia veritatis ea a.'),(16,'Sunt molestiae nihil.'),(11,'Tenetur earum et et.');
/*!40000 ALTER TABLE `communities` ENABLE KEYS */;
UNLOCK TABLES;

--
-- Table structure for table `communities_users`
--

DROP TABLE IF EXISTS `communities_users`;
/*!40101 SET @saved_cs_client     = @@character_set_client */;
/*!50503 SET character_set_client = utf8mb4 */;
CREATE TABLE `communities_users` (
  `community_id` int(10) unsigned NOT NULL,
  `user_id` int(10) unsigned NOT NULL,
  PRIMARY KEY (`community_id`,`user_id`)
) ENGINE=InnoDB DEFAULT CHARSET=utf8 COLLATE=utf8_unicode_ci;
/*!40101 SET character_set_client = @saved_cs_client */;

--
-- Dumping data for table `communities_users`
--

LOCK TABLES `communities_users` WRITE;
/*!40000 ALTER TABLE `communities_users` DISABLE KEYS */;
INSERT INTO `communities_users` VALUES (1,22),(1,36),(1,50),(1,85),(1,98),(2,15),(2,31),(2,33),(2,36),(3,5),(3,31),(3,46),(3,79),(3,96),(4,2),(4,38),(4,100),(5,54),(5,72),(6,30),(6,44),(6,53),(6,69),(6,76),(6,80),(7,42),(7,89),(7,94),(8,47),(8,51),(8,55),(9,1),(9,7),(9,10),(9,15),(9,18),(9,39),(9,71),(10,38),(10,78),(11,25),(11,54),(11,64),(11,84),(12,15),(12,25),(12,83),(13,37),(13,42),(14,32),(14,59),(14,85),(15,14),(15,18),(15,35),(15,50),(16,1),(16,29),(16,47),(16,67),(16,70),(17,27),(17,67),(17,70),(17,73),(18,53),(18,59),(18,64),(18,67),(18,91),(19,6),(19,48),(19,80),(19,83),(20,32),(20,37),(20,56),(20,71),(20,96),(21,10),(21,20),(21,35),(21,37),(21,48),(21,95),(21,99),(22,97),(23,6),(23,11),(23,33),(23,45),(23,46),(23,52),(24,33),(24,92),(25,3),(25,12),(25,20),(25,58),(25,92);
/*!40000 ALTER TABLE `communities_users` ENABLE KEYS */;
UNLOCK TABLES;

--
-- Table structure for table `friendship`
--

DROP TABLE IF EXISTS `friendship`;
/*!40101 SET @saved_cs_client     = @@character_set_client */;
/*!50503 SET character_set_client = utf8mb4 */;
CREATE TABLE `friendship` (
  `user_id` int(10) unsigned NOT NULL,
  `friend_id` int(10) unsigned NOT NULL,
  `status_id` int(10) unsigned NOT NULL,
  `requested_at` datetime DEFAULT CURRENT_TIMESTAMP,
  `confirmed_at` datetime DEFAULT NULL,
  PRIMARY KEY (`user_id`,`friend_id`)
) ENGINE=InnoDB DEFAULT CHARSET=utf8 COLLATE=utf8_unicode_ci;
/*!40101 SET character_set_client = @saved_cs_client */;

--
-- Dumping data for table `friendship`
--

LOCK TABLES `friendship` WRITE;
/*!40000 ALTER TABLE `friendship` DISABLE KEYS */;
INSERT INTO `friendship` VALUES (1,43,2,'1996-12-13 01:42:31','1996-09-20 19:25:58'),(2,38,3,'1974-03-07 13:31:58','2000-03-07 20:45:12'),(3,18,3,'2015-12-04 11:10:02','1988-03-06 05:06:39'),(3,53,2,'1998-07-21 10:49:21','2010-04-13 19:57:34'),(4,62,3,'1971-02-07 01:41:57','2008-06-09 19:17:30'),(4,78,3,'2014-06-25 23:58:42','1989-10-15 00:25:09'),(4,95,1,'2008-11-06 22:51:07','2019-03-06 09:10:02'),(5,7,2,'1991-06-14 00:15:56','1988-01-08 07:47:49'),(5,68,3,'2015-07-03 02:53:17','1979-07-26 00:34:15'),(5,93,3,'1998-11-21 10:01:31','1981-03-25 13:36:49'),(6,41,1,'1991-05-06 07:01:31','1988-05-07 00:08:25'),(6,81,3,'1995-04-12 17:03:25','2011-02-09 02:53:39'),(7,80,1,'1981-07-01 12:18:55','1975-11-20 01:05:15'),(10,16,1,'2006-11-08 17:00:30','1994-12-03 01:39:37'),(11,60,3,'2020-03-06 18:01:41','1977-12-07 22:03:17'),(11,88,2,'1991-03-10 20:42:03','2012-11-01 16:06:23'),(12,2,2,'1981-02-24 18:02:22','1991-03-27 00:04:59'),(13,24,3,'2004-11-10 11:04:53','1999-09-09 23:24:10'),(14,39,2,'1982-03-02 06:55:58','2010-03-19 18:20:16'),(14,67,1,'1976-10-13 08:50:46','1983-01-06 12:16:23'),(16,78,3,'1993-08-06 04:28:59','1981-06-16 02:27:59'),(20,2,1,'1982-06-25 00:24:31','1978-12-13 16:06:14'),(20,56,2,'1995-07-06 23:05:38','1984-11-18 06:15:49'),(20,64,1,'1980-01-11 21:08:37','2019-10-28 15:52:49'),(21,71,3,'1971-12-13 21:10:29','1991-10-28 00:42:45'),(22,21,3,'2016-03-06 08:25:09','2015-09-01 00:54:07'),(22,61,2,'1993-05-01 08:19:07','1974-06-29 18:06:02'),(25,46,3,'2001-03-19 06:43:07','1999-12-03 23:10:56'),(25,94,3,'1974-03-19 06:29:24','1994-12-27 08:34:48'),(25,95,1,'1990-09-11 18:32:29','1996-07-05 06:51:24'),(26,26,2,'1980-08-11 04:36:58','2011-11-08 06:53:43'),(26,86,1,'1975-08-13 18:56:40','2000-08-02 07:36:23'),(27,74,2,'1997-07-13 16:24:30','1989-05-15 03:24:23'),(28,79,2,'2010-02-25 11:01:54','1992-11-25 01:55:58'),(29,91,3,'1993-05-22 20:06:12','1979-02-12 22:47:48'),(31,59,2,'2012-07-23 04:51:11','2006-02-17 18:46:20'),(31,66,3,'1984-11-07 09:17:37','1983-10-02 17:20:36'),(32,87,1,'2017-02-22 15:47:41','2013-08-22 14:48:33'),(33,31,1,'1984-10-02 01:04:11','1980-01-20 14:27:17'),(33,73,2,'1972-11-23 23:44:07','2009-10-07 14:06:15'),(34,85,2,'2012-06-21 16:21:17','2008-04-29 15:32:09'),(35,88,3,'2003-03-29 13:16:53','1974-11-30 05:18:20'),(38,62,2,'1995-11-26 21:17:50','1994-04-09 20:00:52'),(39,18,1,'1979-08-18 10:35:29','1992-02-02 19:20:47'),(39,36,2,'1974-05-10 04:50:48','2015-02-26 14:41:30'),(39,43,1,'1984-11-10 13:51:21','1988-09-06 14:27:47'),(40,58,1,'1991-03-19 01:48:35','1982-03-10 19:24:16'),(43,55,1,'2018-12-09 10:16:16','1995-04-21 07:11:22'),(44,1,3,'2013-07-09 08:18:29','2013-06-16 22:40:52'),(44,21,2,'1985-12-13 06:26:07','1988-08-10 06:08:34'),(45,30,3,'2020-02-04 17:40:29','1970-09-03 16:23:02'),(45,82,3,'1986-08-04 01:59:07','2003-06-05 18:24:23'),(47,6,1,'1981-07-07 16:55:43','1997-11-16 10:10:14'),(47,83,2,'2014-04-17 22:10:45','2017-10-30 20:05:26'),(48,36,1,'1997-03-14 04:23:56','2014-11-14 03:37:43'),(50,15,2,'1991-09-09 19:52:42','2011-09-13 22:01:41'),(50,74,3,'1993-04-20 18:27:32','1974-07-19 09:01:18'),(51,44,1,'2014-09-09 06:42:41','1983-07-12 08:28:10'),(51,73,3,'1983-01-08 17:01:05','2011-11-23 09:48:24'),(55,69,2,'1983-01-26 02:31:53','1972-12-23 10:31:39'),(56,4,2,'2017-10-09 05:46:46','1998-01-04 21:21:11'),(57,60,1,'2020-02-08 23:08:43','1974-02-28 04:15:14'),(57,98,3,'2006-06-18 06:36:32','2008-03-13 11:48:24'),(58,78,2,'2004-07-08 03:37:27','1974-04-16 21:26:36'),(59,14,1,'1998-03-02 12:22:03','1978-08-13 12:22:36'),(59,35,1,'1979-09-30 20:03:27','2013-12-16 12:36:52'),(60,19,3,'1997-10-22 17:41:36','1980-02-11 04:42:12'),(61,57,2,'1987-05-23 07:28:05','2009-08-11 10:56:35'),(62,43,1,'2002-11-02 17:05:04','2014-03-12 06:24:36'),(62,65,2,'1998-08-04 21:20:09','2016-03-23 13:34:56'),(62,67,1,'2017-02-19 05:06:46','1998-06-17 14:38:45'),(65,29,1,'1975-06-18 08:26:56','1975-07-11 22:02:45'),(65,74,3,'1991-06-26 15:14:12','2015-12-06 17:36:31'),(69,94,1,'1986-01-11 05:01:59','2008-07-20 13:08:25'),(71,43,3,'1980-12-25 02:57:34','2012-03-08 13:02:21'),(74,26,1,'2011-01-07 11:13:13','1974-11-21 21:01:39'),(75,72,1,'1970-08-18 08:36:56','2001-11-14 01:51:07'),(77,11,3,'1999-07-29 02:19:56','1980-05-29 02:12:24'),(78,16,3,'1995-09-04 07:09:08','2007-07-24 05:43:16'),(78,91,3,'2015-02-11 22:27:15','2008-12-01 20:45:00'),(79,93,2,'2016-01-14 14:16:56','1980-06-03 14:47:05'),(80,97,1,'2019-09-24 04:13:46','1992-11-19 14:06:42'),(82,40,3,'1984-01-05 18:07:28','2004-07-01 06:34:56'),(82,79,2,'2016-02-27 08:09:18','2015-05-18 15:59:07'),(82,90,2,'1990-08-28 12:11:52','2000-09-15 04:46:46'),(83,93,3,'1986-12-04 01:11:14','1987-07-02 23:08:24'),(85,95,2,'2010-08-01 08:46:31','1984-12-17 13:52:36'),(86,67,2,'2004-07-07 09:07:51','1986-03-27 18:33:32'),(87,98,2,'1976-07-10 20:26:41','2003-08-05 15:48:49'),(91,26,2,'1995-07-07 13:20:31','1970-12-03 02:34:01'),(93,64,1,'2018-11-21 23:01:31','2016-01-14 16:24:36'),(94,14,2,'1979-11-07 04:58:11','1983-07-16 16:02:13'),(95,66,2,'1971-12-31 05:09:23','1994-08-19 13:30:48'),(95,68,1,'2018-12-20 20:41:45','1984-05-11 07:49:09'),(96,44,2,'1988-01-27 14:20:07','1994-03-15 06:03:49'),(96,84,3,'2008-08-13 18:32:14','2014-03-07 10:53:21'),(97,22,3,'2002-02-09 13:34:33','2009-10-08 16:06:00'),(97,95,2,'2010-04-06 09:53:00','2004-11-18 13:03:24'),(98,15,3,'1975-01-23 15:22:56','2012-12-27 15:03:42'),(100,60,3,'1977-10-07 18:42:51','1997-01-18 08:05:11');
/*!40000 ALTER TABLE `friendship` ENABLE KEYS */;
UNLOCK TABLES;

--
-- Table structure for table `friendship_statuses`
--

DROP TABLE IF EXISTS `friendship_statuses`;
/*!40101 SET @saved_cs_client     = @@character_set_client */;
/*!50503 SET character_set_client = utf8mb4 */;
CREATE TABLE `friendship_statuses` (
  `id` int(10) unsigned NOT NULL AUTO_INCREMENT,
  `name` varchar(150) CHARACTER SET utf8 COLLATE utf8_unicode_ci NOT NULL,
  PRIMARY KEY (`id`),
  UNIQUE KEY `name` (`name`)
) ENGINE=InnoDB AUTO_INCREMENT=4 DEFAULT CHARSET=utf8 COLLATE=utf8_unicode_ci;
/*!40101 SET character_set_client = @saved_cs_client */;

--
-- Dumping data for table `friendship_statuses`
--

LOCK TABLES `friendship_statuses` WRITE;
/*!40000 ALTER TABLE `friendship_statuses` DISABLE KEYS */;
INSERT INTO `friendship_statuses` VALUES (2,'Confirmed'),(3,'Rejected'),(1,'Requested');
/*!40000 ALTER TABLE `friendship_statuses` ENABLE KEYS */;
UNLOCK TABLES;

--
-- Table structure for table `media`
--

DROP TABLE IF EXISTS `media`;
/*!40101 SET @saved_cs_client     = @@character_set_client */;
/*!50503 SET character_set_client = utf8mb4 */;
CREATE TABLE `media` (
  `id` int(10) unsigned NOT NULL AUTO_INCREMENT,
  `user_id` int(10) unsigned NOT NULL,
  `filename` varchar(255) CHARACTER SET utf8 COLLATE utf8_unicode_ci NOT NULL,
  `size` int(11) NOT NULL,
  `metadata` json DEFAULT NULL,
  `media_type_id` int(10) unsigned NOT NULL,
  `created_at` datetime DEFAULT CURRENT_TIMESTAMP,
  `updated_at` datetime DEFAULT CURRENT_TIMESTAMP ON UPDATE CURRENT_TIMESTAMP,
  PRIMARY KEY (`id`)
) ENGINE=InnoDB AUTO_INCREMENT=101 DEFAULT CHARSET=utf8 COLLATE=utf8_unicode_ci;
/*!40101 SET character_set_client = @saved_cs_client */;

--
-- Dumping data for table `media`
--

LOCK TABLES `media` WRITE;
/*!40000 ALTER TABLE `media` DISABLE KEYS */;
INSERT INTO `media` VALUES (1,3,'https://dropbox/vk/841d729445dfc8f6b11aefe70c5f1cca.png',14081020,'{\"owner\": \"Davin Reinger\"}',3,'2011-08-10 15:24:54','2020-05-16 14:35:57'),(2,77,'https://dropbox/vk/42b3f6e9459d15fa7ec30a00615ccbeb.png',14802298,'{\"owner\": \"Treva Frami\"}',3,'1997-05-29 00:14:48','2020-05-16 14:35:57'),(3,8,'https://dropbox/vk/5e1ac230ae874be1d9892e3d49c74960.jpeg',8295375,'{\"owner\": \"Nona Christiansen\"}',2,'1989-06-21 08:55:51','2020-05-16 14:54:45'),(4,52,'https://dropbox/vk/f44992875396c6c8c6a6a5a0bf09d199.mpeg',11235848,'{\"owner\": \"Wilton Dickinson\"}',2,'1977-08-14 22:47:45','2020-05-16 14:54:45'),(5,34,'https://dropbox/vk/85568a3beb02f7946e231033de2cd926.avi',13077565,'{\"owner\": \"Kianna Stokes\"}',1,'1971-08-16 21:49:03','2020-05-16 14:35:57'),(6,42,'https://dropbox/vk/af424d20caa5f692cb8c8b8c0058b70f.avi',4801929,'{\"owner\": \"Royal Ryan\"}',3,'1999-09-04 12:32:49','2020-05-16 14:54:45'),(7,34,'https://dropbox/vk/8b316809b437f38136c2d97bfb90e650.jpeg',1773213,'{\"owner\": \"Kianna Stokes\"}',3,'1996-07-03 15:37:12','2020-05-16 14:35:57'),(8,32,'https://dropbox/vk/ca27d235cd68f966fa4fcaf8df5bceeb.jpeg',14324817,'{\"owner\": \"Sean Schuster\"}',3,'2020-01-03 07:26:01','2020-05-16 14:54:45'),(9,25,'https://dropbox/vk/844d316a614d5569dcf9d2cd0a574b2a.mpeg',6254262,'{\"owner\": \"Robyn Schmidt\"}',3,'1999-12-28 15:49:09','2020-05-16 14:54:45'),(10,32,'https://dropbox/vk/0d52990f5cb0101d4bf383ffda244ce1.png',633702,'{\"owner\": \"Sean Schuster\"}',2,'1992-11-24 02:30:20','2020-05-16 14:35:57'),(11,86,'https://dropbox/vk/cde4861b4f9662df4c79e30cd4580ed7.avi',556793,'{\"owner\": \"Dandre Kuphal\"}',1,'2007-03-10 06:00:27','2020-05-16 14:54:45'),(12,28,'https://dropbox/vk/76bab5b2701d53e13b0b930b93af2582.jpeg',15160482,'{\"owner\": \"Mariane Wehner\"}',2,'2001-04-16 01:01:36','2020-05-16 14:54:45'),(13,1,'https://dropbox/vk/41c69e4b5d6b7aea886b464520abf56c.png',13801924,'{\"owner\": \"Kendrick Huel\"}',1,'2009-11-28 10:03:47','2020-05-16 14:54:45'),(14,27,'https://dropbox/vk/af555d05063bb9e61abe90070ebb5e7d.mpeg',6750113,'{\"owner\": \"Antoinette Walsh\"}',3,'2004-09-13 12:42:50','2020-05-16 14:54:45'),(15,67,'https://dropbox/vk/4edd0fbc4d8faba9c30016dea7e21a03.avi',16266131,'{\"owner\": \"Earnest Wilderman\"}',1,'1974-05-30 10:30:49','2020-05-16 14:35:57'),(16,5,'https://dropbox/vk/becc25c8a43ad38e44448647e2260a8d.jpeg',11641171,'{\"owner\": \"Jonatan Wunsch\"}',1,'1980-07-06 12:13:59','2020-05-16 14:54:45'),(17,82,'https://dropbox/vk/43e0eec064eacb57b8785ae8baa6bcb8.mpeg',2092825,'{\"owner\": \"Emmitt Conn\"}',1,'1994-03-04 12:27:15','2020-05-16 14:54:45'),(18,40,'https://dropbox/vk/33096eab532c9954b30e05c5b67d8bc2.avi',4427115,'{\"owner\": \"Eric Dickens\"}',2,'2006-09-12 03:18:10','2020-05-16 14:54:45'),(19,45,'https://dropbox/vk/6ac3cff455abe6e1adc917855c9dd74a.mpeg',13398198,'{\"owner\": \"Jaclyn Reichel\"}',2,'1981-12-16 00:38:57','2020-05-16 14:54:45'),(20,80,'https://dropbox/vk/914d2755049d9b283accb945847da0f7.jpeg',3384595,'{\"owner\": \"Weston Crooks\"}',1,'1970-04-25 16:26:59','2020-05-16 14:54:45'),(21,99,'https://dropbox/vk/987d23b21459d43e8846e3377b2b3b25.jpeg',17962539,'{\"owner\": \"Vergie Mertz\"}',3,'2004-12-03 08:02:38','2020-05-16 14:54:45'),(22,14,'https://dropbox/vk/d09d8942d01c2fa0d53df80ac794a061.mpeg',16745684,'{\"owner\": \"Margaret Howe\"}',2,'2010-05-17 02:53:11','2020-05-16 14:35:57'),(23,80,'https://dropbox/vk/84232a23f9eba0c358fda01021011dd9.mpeg',15560734,'{\"owner\": \"Weston Crooks\"}',2,'2009-06-25 12:42:45','2020-05-16 14:35:57'),(24,55,'https://dropbox/vk/774b0f2d54c7a2f603ace966806f2243.png',7957557,'{\"owner\": \"Amira Kautzer\"}',2,'1976-05-21 02:30:06','2020-05-16 14:54:45'),(25,87,'https://dropbox/vk/e76ab726dfbfb5ee0d53ae6c3460a675.png',1833210,'{\"owner\": \"Cortney Cassin\"}',1,'1999-07-31 15:12:39','2020-05-16 14:54:45'),(26,35,'https://dropbox/vk/b462a79e1b3651ad918519d18d3763be.png',14126293,'{\"owner\": \"Waylon Turner\"}',3,'1979-02-12 22:13:53','2020-05-16 14:35:57'),(27,22,'https://dropbox/vk/61629c0e15ac5521cbfc5badf0f61376.mpeg',4693975,'{\"owner\": \"Britney Emard\"}',1,'1988-06-26 19:30:52','2020-05-16 14:54:45'),(28,94,'https://dropbox/vk/910e6992b8b1430bd82db7e6a3988332.jpeg',7255831,'{\"owner\": \"Madaline Koelpin\"}',2,'2019-01-01 04:57:12','2020-05-16 14:54:45'),(29,98,'https://dropbox/vk/a69c79bdf628ace09fe9b2201ed4aa69.avi',9859889,'{\"owner\": \"Margret Jacobs\"}',2,'1999-07-31 18:51:41','2020-05-16 14:54:45'),(30,47,'https://dropbox/vk/f6074e34e375298a4bc4415a46c72664.png',16746926,'{\"owner\": \"Kelli Schowalter\"}',2,'1994-02-25 22:41:34','2020-05-16 14:54:45'),(31,46,'https://dropbox/vk/293b631c8ce69ce55b5dde5826857662.png',8109197,'{\"owner\": \"Annabell Gutmann\"}',3,'1976-01-27 04:21:03','2020-05-16 14:35:57'),(32,34,'https://dropbox/vk/8b32b361ea7620318bc619863c4cead2.png',10037494,'{\"owner\": \"Kianna Stokes\"}',3,'1972-09-05 00:19:29','2020-05-16 14:54:45'),(33,33,'https://dropbox/vk/b40fe9cc01a6afdd1cc44056c7d4c02b.png',19126025,'{\"owner\": \"Jovany Bahringer\"}',2,'1997-11-12 16:02:27','2020-05-16 14:54:45'),(34,15,'https://dropbox/vk/68f8d79db0927cc6915947f49aa2bb3f.avi',16534102,'{\"owner\": \"Cathrine Streich\"}',3,'2019-10-22 20:29:22','2020-05-16 14:54:45'),(35,64,'https://dropbox/vk/7f9b655137ed35344ecf4cf22fd7be1e.mpeg',12812955,'{\"owner\": \"Wilma Renner\"}',1,'2002-12-21 18:31:30','2020-05-16 14:54:45'),(36,54,'https://dropbox/vk/1b00b3339e9d9d9cf84ee3ec6f4e06d9.mpeg',8302636,'{\"owner\": \"Keyon Jacobson\"}',2,'2007-02-07 22:51:51','2020-05-16 14:54:45'),(37,15,'https://dropbox/vk/2d73f5b77eae1df44bdab74c8b59ca94.avi',4500926,'{\"owner\": \"Cathrine Streich\"}',2,'2002-10-01 18:36:04','2020-05-16 14:54:45'),(38,95,'https://dropbox/vk/d3e665c166b3021a8fdf3fa0448f65c5.avi',9402922,'{\"owner\": \"Ivy Blanda\"}',2,'1971-02-17 01:12:35','2020-05-16 14:54:45'),(39,12,'https://dropbox/vk/1a4e1a082a25cfa135a8c76cfbdcf3fc.avi',6750830,'{\"owner\": \"Tom Kshlerin\"}',3,'1994-11-25 12:33:27','2020-05-16 14:54:45'),(40,99,'https://dropbox/vk/836f9eb2245d53283b8adb01595400d2.png',3687419,'{\"owner\": \"Vergie Mertz\"}',2,'1980-02-26 11:57:50','2020-05-16 14:54:45'),(41,35,'https://dropbox/vk/4d9fa4366dbb8fae26d8e1fbf33c5a08.jpeg',93441,'{\"owner\": \"Waylon Turner\"}',2,'1975-05-11 23:09:49','2020-05-16 14:35:57'),(42,71,'https://dropbox/vk/4bbf3766f75929787eccdc7326a10ba5.avi',4728100,'{\"owner\": \"Clement Lesch\"}',2,'2000-12-19 12:44:40','2020-05-16 14:54:45'),(43,95,'https://dropbox/vk/05377dad1503003beb80bc07816234f7.jpeg',504340,'{\"owner\": \"Ivy Blanda\"}',1,'2005-12-09 01:19:41','2020-05-16 14:54:45'),(44,79,'https://dropbox/vk/13ec1eeb18ab813b3709c13cf9ff2341.mpeg',3500768,'{\"owner\": \"Destiney Smith\"}',3,'1975-02-19 06:58:45','2020-05-16 14:54:45'),(45,85,'https://dropbox/vk/a2f5ea2553a9581ede28228d037c57f3.jpeg',5274053,'{\"owner\": \"Adela McDermott\"}',1,'1999-07-29 05:32:25','2020-05-16 14:35:57'),(46,57,'https://dropbox/vk/6b548761f1f1598da64f81571494ea75.jpeg',5626604,'{\"owner\": \"Evert Batz\"}',3,'1986-11-21 04:44:40','2020-05-16 14:54:45'),(47,76,'https://dropbox/vk/b327674a369f333d5e5e91a889f29684.mpeg',14241383,'{\"owner\": \"Leilani Koch\"}',1,'2008-05-30 21:52:24','2020-05-16 14:54:45'),(48,56,'https://dropbox/vk/6d82179cf13df00168c11d5cda3cb7da.avi',6546675,'{\"owner\": \"Hilbert Quitzon\"}',3,'1974-07-14 07:49:44','2020-05-16 14:54:45'),(49,64,'https://dropbox/vk/9a68e4cf0c5392960b0dae5b7d037933.jpeg',12537458,'{\"owner\": \"Wilma Renner\"}',3,'1983-01-20 00:00:32','2020-05-16 14:35:57'),(50,85,'https://dropbox/vk/f0858bd0581c350ab3dde08daf4365a9.png',4805524,'{\"owner\": \"Adela McDermott\"}',1,'1990-06-05 01:28:35','2020-05-16 14:54:45'),(51,65,'https://dropbox/vk/5eb7df61887caae3135e2c121eda7907.jpeg',1918099,'{\"owner\": \"Jessie Altenwerth\"}',3,'2015-04-19 20:42:36','2020-05-16 14:54:45'),(52,90,'https://dropbox/vk/13312d7d393c182165109dba37475049.avi',2898010,'{\"owner\": \"Kristopher Harvey\"}',3,'1974-12-21 16:33:43','2020-05-16 14:54:45'),(53,7,'https://dropbox/vk/12b161b1104e854a9b2419e5ff121cb1.png',3635253,'{\"owner\": \"Darlene Braun\"}',2,'1991-02-07 06:49:05','2020-05-16 14:54:45'),(54,73,'https://dropbox/vk/f7929cd2b5dbe0b1d297b4b65d61b382.png',4587737,'{\"owner\": \"Dulce Dare\"}',1,'1986-03-23 21:03:24','2020-05-16 14:35:57'),(55,33,'https://dropbox/vk/5ea6efc7ef2866e96a17fcfef1e3a5ac.jpeg',16654974,'{\"owner\": \"Jovany Bahringer\"}',2,'2018-05-10 05:48:29','2020-05-16 14:54:45'),(56,17,'https://dropbox/vk/31b2e2d115ec1218ae42034b798e228c.png',6596580,'{\"owner\": \"Muhammad Wilderman\"}',2,'1989-01-04 09:39:24','2020-05-16 14:54:45'),(57,4,'https://dropbox/vk/e4305649de328e8994ed5d42cf2beb8d.png',7602799,'{\"owner\": \"Kenyatta Konopelski\"}',2,'1981-04-14 19:40:10','2020-05-16 14:54:45'),(58,23,'https://dropbox/vk/0267d62ac89209d880f15d6874a90369.avi',11334415,'{\"owner\": \"Rahsaan Heller\"}',1,'1994-05-11 03:56:28','2020-05-16 14:54:45'),(59,52,'https://dropbox/vk/2413b4cbc345b89db020c027bcb9498a.mpeg',17121174,'{\"owner\": \"Wilton Dickinson\"}',3,'2010-08-09 11:21:11','2020-05-16 14:54:45'),(60,91,'https://dropbox/vk/e43a13f6e5734fee57d67b3582830abd.png',3673642,'{\"owner\": \"Maddison Hyatt\"}',1,'2017-03-06 13:57:30','2020-05-16 14:54:45'),(61,26,'https://dropbox/vk/0790e567bdb4697aee90d9e71f9cf9a6.mpeg',3827178,'{\"owner\": \"Magali Wyman\"}',3,'2004-05-28 22:33:36','2020-05-16 14:54:45'),(62,66,'https://dropbox/vk/9b1b052248030bfc2452a7adf9370e3c.png',12585500,'{\"owner\": \"Frederique Emard\"}',3,'1989-06-18 15:41:06','2020-05-16 14:54:45'),(63,38,'https://dropbox/vk/c4a3eed74aabbfee3cfdcb3a843db67a.avi',15151379,'{\"owner\": \"Taurean Bergnaum\"}',2,'1973-01-14 04:46:57','2020-05-16 14:54:45'),(64,10,'https://dropbox/vk/cf97af6d304cc04276861d867e257550.avi',15090544,'{\"owner\": \"Adolphus Crist\"}',2,'2008-11-20 02:02:47','2020-05-16 14:54:45'),(65,92,'https://dropbox/vk/437a095df60e407488be77b137235ccf.mpeg',8952171,'{\"owner\": \"Linnea Purdy\"}',3,'2014-03-14 14:33:19','2020-05-16 14:54:45'),(66,29,'https://dropbox/vk/8a6b787edb32c70f55a47a6c4e65cf3e.png',15407906,'{\"owner\": \"Lindsay Beahan\"}',3,'1985-09-03 21:49:07','2020-05-16 14:35:57'),(67,33,'https://dropbox/vk/8a9eb4e8dd5cc0b5c47898178c16e8f3.mpeg',4047727,'{\"owner\": \"Jovany Bahringer\"}',1,'2012-09-10 00:25:58','2020-05-16 14:35:57'),(68,35,'https://dropbox/vk/da563b347aefbc593543388c7562ae14.avi',4856917,'{\"owner\": \"Waylon Turner\"}',2,'1989-03-13 07:33:54','2020-05-16 14:35:57'),(69,3,'https://dropbox/vk/1b5220af6a87d08b22185c113c79d874.avi',12722015,'{\"owner\": \"Davin Reinger\"}',2,'1985-09-06 14:57:34','2020-05-16 14:54:45'),(70,57,'https://dropbox/vk/a5f9cade4c27b40b3c4cfae28df88471.mpeg',4848805,'{\"owner\": \"Evert Batz\"}',3,'1998-11-17 18:06:07','2020-05-16 14:54:45'),(71,79,'https://dropbox/vk/84b57569c3e11ed9a0ca900d5b862e8f.png',18170327,'{\"owner\": \"Destiney Smith\"}',2,'2004-12-14 15:37:58','2020-05-16 14:54:45'),(72,1,'https://dropbox/vk/42e41f725a7479a12f97ea39fb6a47dc.avi',17357184,'{\"owner\": \"Kendrick Huel\"}',2,'1970-10-18 09:57:15','2020-05-16 14:54:45'),(73,62,'https://dropbox/vk/1a5b3e9d12af459af8837431f51499d3.avi',12409302,'{\"owner\": \"Virginia McKenzie\"}',2,'2006-07-22 16:46:06','2020-05-16 14:54:45'),(74,80,'https://dropbox/vk/622795bf58484ba623d1d192a74d181a.mpeg',50135,'{\"owner\": \"Weston Crooks\"}',2,'1972-12-08 16:54:42','2020-05-16 14:54:45'),(75,24,'https://dropbox/vk/a0072462395f2bd7e361f6897344b0f6.mpeg',12202595,'{\"owner\": \"Rogers Ondricka\"}',3,'1997-04-18 04:09:59','2020-05-16 14:35:57'),(76,50,'https://dropbox/vk/b642a0631bfb6580df884cdc69cd8a1b.jpeg',19189888,'{\"owner\": \"Marge Gislason\"}',1,'1984-01-16 16:46:38','2020-05-16 14:54:45'),(77,17,'https://dropbox/vk/0f0ffaaa1a50a930d55c67f6d4350fad.avi',5552054,'{\"owner\": \"Muhammad Wilderman\"}',3,'1972-12-21 00:42:54','2020-05-16 14:54:45'),(78,51,'https://dropbox/vk/15a28a8f00f7bb9b666b674bd7871a34.mpeg',361684,'{\"owner\": \"Linnea Quitzon\"}',3,'2000-11-29 21:42:06','2020-05-16 14:35:57'),(79,37,'https://dropbox/vk/537e294b3dc9efe9fd69113611fb0391.avi',1853770,'{\"owner\": \"Lorenz Emard\"}',1,'1989-08-12 04:34:57','2020-05-16 14:54:45'),(80,56,'https://dropbox/vk/65aa08d98ca73a619ca1070630519dbf.avi',9367016,'{\"owner\": \"Hilbert Quitzon\"}',2,'2013-07-11 15:41:09','2020-05-16 14:35:57'),(81,54,'https://dropbox/vk/ba4aeaa0ebf6eae7d315c99636fd5a56.jpeg',7260705,'{\"owner\": \"Keyon Jacobson\"}',1,'2019-12-21 17:10:24','2020-05-16 14:54:45'),(82,85,'https://dropbox/vk/f40081576ac392c3759a3b51c6c360b7.jpeg',10179889,'{\"owner\": \"Adela McDermott\"}',1,'2007-07-11 21:49:29','2020-05-16 14:54:45'),(83,3,'https://dropbox/vk/df89d6af8e450dcd957093164ba2f342.mpeg',14350692,'{\"owner\": \"Davin Reinger\"}',3,'1989-10-24 18:37:58','2020-05-16 14:54:45'),(84,26,'https://dropbox/vk/ccc6b598b2998d4774c91cd26eef48e2.avi',116909,'{\"owner\": \"Magali Wyman\"}',3,'2011-07-25 11:44:06','2020-05-16 14:54:45'),(85,27,'https://dropbox/vk/80544f37020b009dfb7ef90e45367b5e.jpeg',7035658,'{\"owner\": \"Antoinette Walsh\"}',3,'1993-01-11 22:59:27','2020-05-16 14:54:45'),(86,39,'https://dropbox/vk/5caac73dd0b58eec051dc34c087f83da.avi',15503380,'{\"owner\": \"Ivory Ferry\"}',3,'1988-11-28 03:04:01','2020-05-16 14:54:45'),(87,57,'https://dropbox/vk/4ac5a711af6f10d7e7df96083cd9d17e.jpeg',4081989,'{\"owner\": \"Evert Batz\"}',2,'2005-03-26 02:51:57','2020-05-16 14:35:57'),(88,87,'https://dropbox/vk/2d22bd62b2b8fa89c88a2cceb49dd9bc.mpeg',7563730,'{\"owner\": \"Cortney Cassin\"}',2,'1981-06-23 16:26:32','2020-05-16 14:54:45'),(89,63,'https://dropbox/vk/dbb5fdc7d0915542f3448b225a9564d3.mpeg',9696684,'{\"owner\": \"Kaleigh Stroman\"}',1,'1988-02-17 02:35:53','2020-05-16 14:54:45'),(90,31,'https://dropbox/vk/0079ae683ec0261face7af9d411825b3.avi',4617898,'{\"owner\": \"Guy Flatley\"}',1,'2009-07-30 09:45:51','2020-05-16 14:54:45'),(91,36,'https://dropbox/vk/5cb5b12ab33645118206a08aa925f840.jpeg',18434524,'{\"owner\": \"Lonnie Hammes\"}',3,'2005-07-25 18:54:09','2020-05-16 14:54:45'),(92,36,'https://dropbox/vk/827661dae7c651ff8ee481d8658fdd04.mpeg',701725,'{\"owner\": \"Lonnie Hammes\"}',2,'1983-07-06 15:42:34','2020-05-16 14:54:45'),(93,94,'https://dropbox/vk/b36abd600d187bbd8de487faf43d5643.mpeg',9282262,'{\"owner\": \"Madaline Koelpin\"}',3,'2006-10-23 13:18:48','2020-05-16 14:54:45'),(94,7,'https://dropbox/vk/e6b066bb071508e05d54f69a6ba923dd.png',615833,'{\"owner\": \"Darlene Braun\"}',3,'1974-02-05 19:29:51','2020-05-16 14:54:45'),(95,45,'https://dropbox/vk/0758257acd7e62bb549082722d7eef2a.jpeg',6702709,'{\"owner\": \"Jaclyn Reichel\"}',3,'2013-11-18 17:55:31','2020-05-16 14:35:57'),(96,59,'https://dropbox/vk/7a93483b61842269c3fa4436c8444925.mpeg',17449375,'{\"owner\": \"Tatum Kihn\"}',3,'2007-04-20 07:50:33','2020-05-16 14:54:45'),(97,47,'https://dropbox/vk/2be8bb620dd6d597228be8f2801be798.jpeg',17651359,'{\"owner\": \"Kelli Schowalter\"}',2,'1983-04-27 08:19:37','2020-05-16 14:35:57'),(98,85,'https://dropbox/vk/381cd1b50696f9c17662a6d5ce5dbcf0.jpeg',13769680,'{\"owner\": \"Adela McDermott\"}',1,'1984-10-04 19:06:31','2020-05-16 14:54:45'),(99,62,'https://dropbox/vk/da3eb357c18ad7288376668412935f4b.mpeg',8034334,'{\"owner\": \"Virginia McKenzie\"}',2,'1983-06-19 07:53:45','2020-05-16 14:54:45'),(100,53,'https://dropbox/vk/7725f0f446e550ca35b0d88108ffe42a.avi',8983711,'{\"owner\": \"Cora Koepp\"}',1,'2020-02-14 17:47:59','2020-05-16 14:54:45');
/*!40000 ALTER TABLE `media` ENABLE KEYS */;
UNLOCK TABLES;

--
-- Table structure for table `media_types`
--

DROP TABLE IF EXISTS `media_types`;
/*!40101 SET @saved_cs_client     = @@character_set_client */;
/*!50503 SET character_set_client = utf8mb4 */;
CREATE TABLE `media_types` (
  `id` int(10) unsigned NOT NULL AUTO_INCREMENT,
  `name` varchar(255) CHARACTER SET utf8 COLLATE utf8_unicode_ci NOT NULL,
  PRIMARY KEY (`id`),
  UNIQUE KEY `name` (`name`)
) ENGINE=InnoDB AUTO_INCREMENT=4 DEFAULT CHARSET=utf8 COLLATE=utf8_unicode_ci;
/*!40101 SET character_set_client = @saved_cs_client */;

--
-- Dumping data for table `media_types`
--

LOCK TABLES `media_types` WRITE;
/*!40000 ALTER TABLE `media_types` DISABLE KEYS */;
INSERT INTO `media_types` VALUES (3,'audio'),(1,'photo'),(2,'video');
/*!40000 ALTER TABLE `media_types` ENABLE KEYS */;
UNLOCK TABLES;

--
-- Table structure for table `messages`
--

DROP TABLE IF EXISTS `messages`;
/*!40101 SET @saved_cs_client     = @@character_set_client */;
/*!50503 SET character_set_client = utf8mb4 */;
CREATE TABLE `messages` (
  `id` int(10) unsigned NOT NULL AUTO_INCREMENT,
  `from_user_id` int(10) unsigned NOT NULL,
  `to_user_id` int(10) unsigned NOT NULL,
  `body` text CHARACTER SET utf8 COLLATE utf8_unicode_ci NOT NULL,
  `is_important` tinyint(1) DEFAULT NULL,
  `is_delivered` tinyint(1) DEFAULT NULL,
  `created_at` datetime DEFAULT CURRENT_TIMESTAMP,
  PRIMARY KEY (`id`)
) ENGINE=InnoDB AUTO_INCREMENT=101 DEFAULT CHARSET=utf8 COLLATE=utf8_unicode_ci;
/*!40101 SET character_set_client = @saved_cs_client */;

--
-- Dumping data for table `messages`
--

LOCK TABLES `messages` WRITE;
/*!40000 ALTER TABLE `messages` DISABLE KEYS */;
INSERT INTO `messages` VALUES (1,65,4,'Fugiat est aut labore rerum sed impedit. Temporibus libero voluptatibus numquam architecto. Ad quia est voluptate quaerat molestiae eius officia iure.',0,1,'2017-08-03 08:02:23'),(2,76,66,'Praesentium maiores enim temporibus est tenetur. Dolorem distinctio maiores non hic doloribus aut. Aut beatae occaecati dolorum doloribus molestiae labore tempore. Optio possimus libero id deleniti.',1,0,'1977-12-19 06:14:29'),(3,19,24,'Sapiente sapiente debitis delectus similique deserunt facere qui. Consequatur quae animi quisquam perspiciatis pariatur eum neque ut. Pariatur sit nobis omnis enim eveniet.',0,1,'1986-07-21 21:44:36'),(4,22,35,'Iste et enim minus soluta corrupti sapiente. Saepe vitae laborum perferendis in temporibus consequatur molestias laboriosam. Laboriosam magni nemo aut aspernatur alias qui reprehenderit.',1,1,'2000-10-13 07:37:21'),(5,14,34,'Laborum nesciunt delectus qui. Pariatur quisquam quia soluta ut debitis et ut est. Libero quam et sapiente iure.',0,0,'2000-08-16 03:33:10'),(6,71,85,'Ipsam iste dolorum commodi illo reiciendis. In et harum et accusantium consequatur. Minima quibusdam officia ut animi. Inventore consequatur ad blanditiis dolore nisi quia vitae.',0,1,'1977-02-02 13:02:25'),(7,7,10,'Deleniti repellendus dolorem ea possimus quia quam atque. Quia sint rerum id consequatur odio iure. Blanditiis accusantium quis excepturi sit. Consequatur earum modi commodi sit quia in ut.',0,0,'2010-05-02 19:44:28'),(8,11,32,'Non temporibus atque accusantium minima rerum. Illum possimus animi reprehenderit deserunt sed cumque. Inventore qui autem quaerat dolorem molestias ratione dolorum totam.',1,1,'2011-05-01 08:13:04'),(9,40,2,'Ut in quia dolorem. Ullam laboriosam et natus. Molestiae cupiditate voluptatem aut vero illo laudantium. Consequatur saepe hic ut dolorum nesciunt.',0,0,'2018-05-08 10:11:24'),(10,48,92,'A sit earum ea dolores aperiam veniam. Sed fugiat aliquam ipsam veniam aut voluptatem ducimus. Saepe occaecati aliquid sed quod odio ex dolor.',0,1,'1989-08-05 06:32:40'),(11,42,94,'Ipsa magnam delectus soluta quod et harum eos earum. Ad inventore ab voluptatem tempora modi hic et. Vel ratione dolorem ad veritatis velit sed quam voluptas. Quod qui in aut tenetur esse rerum et. Beatae quaerat aut rem voluptas.',0,1,'2008-10-20 09:52:41'),(12,98,29,'Et animi autem occaecati cum dolores corporis qui sunt. Sit magnam illo autem velit. Aut incidunt consequatur odio.',1,1,'2017-02-28 00:17:18'),(13,57,74,'Dolores minus sunt illo quo praesentium. Voluptate rem dignissimos et impedit impedit possimus et. Reiciendis voluptas earum cupiditate iure ipsa et voluptatem aut.',1,0,'1974-05-05 12:00:24'),(14,23,38,'Architecto debitis odit ipsam sed sit officia. Harum ut vero delectus velit a repellendus. Repudiandae consequatur eveniet earum dignissimos id qui veritatis eum.',1,1,'1996-12-11 19:55:17'),(15,77,31,'Eligendi rerum quia omnis aliquid vero aperiam voluptas natus. Veritatis dolor ad inventore in et. Quia laboriosam consectetur repellendus distinctio et. Magni dignissimos voluptates incidunt dolores.',0,1,'1987-11-17 06:01:30'),(16,100,41,'Quis ipsa consequatur ducimus a pariatur nulla. Soluta quidem exercitationem quia earum. Culpa quae modi rerum tempore harum minus a sequi. Aspernatur voluptatem vel est qui est odio pariatur. Harum distinctio hic quia reiciendis.',1,0,'1986-05-10 17:38:55'),(17,35,76,'Voluptatem delectus illum molestiae quia ipsum id maiores voluptatem. Quae rerum ipsam quo nam velit ea voluptatibus. Consequatur aut neque numquam deserunt voluptatem ratione quia. Et aspernatur rem tempora impedit qui. Quos quas cupiditate expedita.',0,1,'1982-07-22 04:08:58'),(18,6,53,'Veritatis rem aperiam autem in qui recusandae. Qui quia ipsam eos. Magnam officia est dignissimos atque reiciendis.',1,1,'2013-11-12 16:46:16'),(19,99,28,'Culpa rerum consequatur rerum. Voluptatem sint et sint aut. Cupiditate libero est sed dicta ad tempore architecto sequi. Voluptatem eligendi et omnis dolorem molestias iste ea dolorem.',0,1,'1993-01-21 17:06:54'),(20,88,12,'Debitis praesentium rerum hic similique cum accusamus molestiae. Omnis culpa nulla non vero eos quia aut. Dolorem delectus voluptatibus animi autem nihil ea dolores excepturi. Hic dolores molestiae ut magnam.',0,1,'2005-12-15 20:26:44'),(21,61,58,'Et similique qui consequatur nulla. Laborum est rerum dolores consectetur.',0,0,'1976-04-27 07:57:06'),(22,97,68,'Labore illo maiores adipisci officia veritatis quaerat qui distinctio. Molestias laudantium hic nihil sunt itaque nihil. Dicta nihil quo nesciunt voluptatem reprehenderit dicta nostrum.',1,0,'2016-06-06 06:07:59'),(23,67,8,'Eveniet neque totam rem enim nostrum numquam molestiae. Mollitia repellendus delectus rerum voluptatem blanditiis. Ea magnam iure a dolorem. Consequatur sed cumque eveniet.',0,0,'1986-01-07 13:54:00'),(24,99,7,'Vel sunt nesciunt maxime enim. Sequi voluptas tempore facilis facilis amet consequatur corporis.',1,0,'2011-11-27 11:44:01'),(25,9,47,'Animi magni sit non officiis dolores explicabo eum. Ea reprehenderit est eligendi in accusantium ducimus nesciunt qui. Quibusdam corporis dolor earum natus dolor sequi. Illo et soluta earum est esse perferendis est adipisci. Praesentium aut unde temporibus quibusdam sed.',1,0,'1986-12-13 10:03:13'),(26,98,51,'Vel voluptas quod aliquid mollitia rem dolor atque. Ipsam sed porro nostrum est amet dicta voluptatum. Omnis totam quis et. Accusantium optio quidem dolorem quibusdam dolores omnis cumque tenetur. Ut excepturi repellat vero inventore laborum vitae.',1,0,'1997-12-05 00:36:22'),(27,41,95,'In provident sapiente laborum repudiandae necessitatibus veritatis. Optio et consequatur et est. Sint dolorem et cum et sunt repellat. Delectus optio blanditiis tempore quia.',1,1,'2004-01-07 04:48:02'),(28,79,97,'Quam harum et blanditiis dolorem possimus harum. Temporibus fuga commodi praesentium maiores excepturi labore laborum et. Et provident sunt ex delectus totam autem quae.',0,0,'2011-05-03 17:08:33'),(29,69,2,'Voluptas labore quia reiciendis velit. Mollitia et dolor tempora impedit est. Enim hic magni sit. Et voluptas sed ad eaque.',1,0,'1981-01-23 23:17:37'),(30,35,45,'Corporis necessitatibus temporibus minus quisquam. Ut nobis voluptatem sunt non veniam necessitatibus. Magnam suscipit cumque molestias voluptatem saepe dolore distinctio.',1,0,'2002-08-11 17:10:13'),(31,32,34,'Molestias maiores voluptatem quis ipsum et facilis occaecati. Sed quia consequatur omnis non natus vel magnam. Neque est vero sit cumque. Placeat a facilis est porro sit reiciendis.',1,1,'1973-12-09 05:26:06'),(32,86,66,'Vel nesciunt quis quis quasi ab. Esse labore laboriosam laudantium iure dignissimos libero.',1,0,'2007-12-11 19:57:33'),(33,9,91,'Unde non hic sit nihil et. Repellendus voluptatibus aut explicabo nihil quibusdam odit aut.',1,0,'2006-05-18 06:56:53'),(34,19,8,'Sed ratione aliquam pariatur ab esse. Quis delectus et veritatis illum quo quam beatae.',0,1,'1999-08-07 19:29:41'),(35,19,6,'Officia iure facilis voluptatibus aperiam. Officiis aut ut iste aliquam. Minima ea aperiam qui.',0,0,'1998-03-05 07:20:18'),(36,20,79,'Atque ducimus similique rerum quia consequatur. Voluptatem voluptate dolor sint impedit nisi eos accusamus veniam. Dolores enim itaque atque dolorem debitis error vitae nisi. Iure nulla dolorum quisquam et iusto eius.',0,1,'2012-09-17 14:01:58'),(37,63,16,'Odit sed minus harum dignissimos hic. Voluptas voluptatem voluptates quas autem. Enim cum numquam a.',1,1,'1981-10-08 02:22:33'),(38,46,30,'Et nemo praesentium magnam molestiae. Consequatur nemo consequatur id officiis. Quo et odio quis commodi tenetur laudantium. Enim omnis omnis unde eum.',0,0,'1971-07-14 02:02:28'),(39,23,45,'Quasi illo perspiciatis vitae. Deserunt et eveniet itaque fuga. Similique dolor voluptatum ullam at amet architecto.',0,1,'2012-12-08 07:51:47'),(40,36,32,'Suscipit eum deserunt adipisci pariatur nisi. Sint non et inventore animi quaerat tenetur. Deserunt totam repudiandae ipsam.',1,0,'2016-08-30 22:58:05'),(41,91,34,'Odit maxime eligendi nisi deserunt. Placeat enim aut facilis nobis. Eius ut quos quisquam occaecati rerum debitis vitae doloremque. Id autem quia est.',1,1,'1978-12-05 02:16:40'),(42,82,31,'Minima fugit nulla impedit cupiditate repellendus ea ab. Quia ipsum incidunt beatae. Alias sed veniam necessitatibus dolor nihil quo. Nostrum commodi explicabo sunt iure.',0,0,'1983-01-07 05:12:47'),(43,28,61,'Tenetur reprehenderit eum delectus quae eum. Minima voluptates exercitationem quis laboriosam corporis aliquam. Necessitatibus amet dolor dolores vel qui sunt.',1,0,'2013-11-14 18:19:02'),(44,28,97,'Molestiae et id ipsum qui corporis cum aut. Omnis illum aut sunt voluptatem qui qui. Autem sint aut hic repudiandae accusantium qui suscipit. Odit porro ut sint veniam.',1,1,'1977-06-22 23:44:32'),(45,62,62,'Ut quia suscipit aperiam. Recusandae veniam pariatur adipisci delectus. Quia veniam molestiae necessitatibus id suscipit et harum.',1,1,'1986-03-28 15:07:06'),(46,41,94,'Assumenda quia rem soluta vel laudantium pariatur non temporibus. Aliquam maxime aut quis non aperiam accusamus. Beatae nemo sed et totam totam.',1,0,'1984-11-14 23:34:25'),(47,96,26,'Autem nostrum autem accusantium qui dignissimos eum distinctio. Non omnis inventore non eum alias. Nobis occaecati dolore temporibus molestias. Dolorum et fugiat maxime est impedit iste.',0,1,'2017-08-11 02:03:26'),(48,60,5,'Consequuntur at quam sapiente commodi ut. Nisi quod sunt quod molestias sunt dolores saepe maiores. Sint deleniti consequatur ipsa consequuntur. Ullam voluptatem aspernatur voluptatem nihil provident totam porro.',0,1,'2008-09-14 07:34:19'),(49,17,78,'Voluptates soluta sint ad doloremque sequi sunt. Dolor deleniti totam molestias tempora ut ullam. Exercitationem molestiae numquam saepe quasi.',1,0,'2008-09-21 02:34:38'),(50,12,35,'Cumque autem doloremque labore accusamus aut laboriosam rerum. Cupiditate rem aut nostrum consequatur sint. Vel natus ipsum quia doloremque eum nemo.',0,0,'1995-04-14 11:26:15'),(51,83,32,'Voluptas praesentium corrupti et. Et beatae est assumenda eaque velit voluptatem. Rerum accusamus consequuntur molestias et. Ipsa repudiandae reiciendis est molestiae aut.',0,0,'1970-12-10 03:02:29'),(52,14,46,'Ut magni voluptas molestias culpa. Sint dolor rem est nihil aut.',1,1,'2008-11-09 13:47:09'),(53,48,60,'Eius neque eveniet et aspernatur id ea consequuntur. Ut facilis animi consectetur id sed ab sint. Dolorem culpa eaque fugit labore. Nulla temporibus molestias similique voluptas voluptatem laudantium.',1,0,'1981-10-11 12:32:43'),(54,76,71,'Reiciendis itaque pariatur saepe tenetur. Eveniet corporis dolor numquam atque. Ut debitis qui dolores eum assumenda amet molestiae. Reiciendis quas aut qui maiores praesentium qui provident.',1,1,'1986-02-12 10:18:25'),(55,4,12,'Ratione eius labore fuga atque tenetur. Nemo sequi rerum architecto qui accusantium. Sed alias dolores ut veritatis sint. Necessitatibus sunt repudiandae suscipit sed sed officia.',0,0,'2010-12-28 17:11:58'),(56,2,95,'Omnis unde asperiores incidunt ut qui minima aut. Dignissimos aut sit voluptatem et delectus.',0,1,'1982-07-17 02:29:52'),(57,45,84,'Aut autem distinctio vitae inventore nostrum illum adipisci. Et quod laboriosam nostrum voluptas aut placeat eum. Sed qui molestiae itaque non unde cumque eum. Sunt cum magni quae facere.',0,0,'1977-10-28 20:38:15'),(58,26,73,'Nihil quia rerum nemo fuga explicabo suscipit commodi suscipit. Quia odio sit laborum ea dignissimos ea. Quaerat assumenda vitae quia sed porro qui. Quas dolor omnis dolorum fugit officia.',1,0,'2013-03-06 06:29:32'),(59,44,53,'Unde ut perferendis rerum explicabo distinctio odit magni. Dolorum quo magni fugit voluptates alias. Quia molestias asperiores aut ratione maxime ut illo.',1,1,'2018-12-28 16:21:49'),(60,69,5,'Quidem voluptas molestiae dolor incidunt et ut aut. Est ad voluptatem aut labore praesentium. Voluptatem non ea in dolorem. Pariatur non dolorem omnis quia inventore ea. Et dicta dolorem ex quo maxime natus numquam.',0,1,'1979-07-10 19:32:22'),(61,15,10,'Corrupti enim aut quaerat libero esse aperiam omnis. Cum nesciunt aspernatur dolor explicabo ut asperiores.',0,1,'2014-05-30 11:02:07'),(62,99,10,'Modi est nemo modi est iste. Culpa quia tenetur dignissimos aut et delectus error. Rem ut sed earum fugiat. Accusantium vel quos omnis qui sapiente. Ad corporis nobis provident soluta sed.',1,0,'1984-02-27 08:07:28'),(63,36,58,'Assumenda recusandae placeat fugit placeat. Sint ut aut fugiat quasi. Veniam aut molestiae qui qui. Velit id amet architecto dicta.',0,1,'1989-05-11 03:15:04'),(64,15,52,'Similique nulla modi vitae explicabo tenetur dicta. Occaecati adipisci et aut delectus. Atque optio maiores est quasi voluptatem voluptatum commodi assumenda. Ut et voluptatem incidunt nam et eum veniam.',1,1,'1974-10-12 04:13:09'),(65,35,27,'Cum eum culpa et laudantium eum qui molestiae quis. Placeat qui tempora itaque laborum quo quas aliquam. Et quia ea accusamus et. Quas corporis quis aspernatur earum cupiditate hic sed.',0,1,'2005-11-06 15:04:12'),(66,87,18,'Incidunt ut dicta omnis quo. Ex laborum odit earum asperiores minus.',0,1,'1998-11-10 15:05:08'),(67,58,100,'Et aliquam cum sint assumenda enim officia. Assumenda tempora consequatur occaecati quia rerum sequi dicta et.',1,0,'1995-12-13 00:13:12'),(68,64,5,'Officia dolore voluptate sed animi magnam rerum quibusdam harum. Voluptas doloremque et fugit iste nulla commodi voluptatem. Ipsum repudiandae illo sunt inventore enim quam. Recusandae et et aperiam ad voluptates placeat.',1,0,'1978-01-18 00:58:27'),(69,60,40,'Omnis voluptatem natus delectus nihil ut unde. Fugiat numquam fugit praesentium dolore voluptatem nihil non.',1,1,'1990-07-17 10:06:49'),(70,75,63,'Perferendis ipsam ut suscipit aut. Qui suscipit dicta esse qui modi fugit sequi. Suscipit harum qui ut eaque numquam corrupti autem. Laborum repellendus et quod voluptatem.',1,0,'1980-05-29 21:07:05'),(71,51,76,'Doloremque ut quis sunt quo et nesciunt. Ut sunt similique ratione fugiat ut. Veritatis consequuntur officiis voluptates ipsa ratione quasi illum. Nobis ut libero deserunt.',1,0,'1984-07-01 07:56:10'),(72,58,96,'Quos omnis vel est molestias ab. Qui aut veniam consequatur sed vel eum id.',0,0,'2002-12-29 01:18:20'),(73,59,83,'Alias asperiores consectetur facilis. Illum itaque quia molestias est nihil perspiciatis fugit optio. Neque consequuntur praesentium minima consequatur rerum est eius. Eligendi unde in hic debitis.',0,0,'1971-10-19 21:14:56'),(74,69,3,'Veritatis ab ut voluptatem animi qui. Officiis aut error enim reprehenderit. Saepe itaque nemo quia et voluptates sed quam. Enim saepe rerum voluptatem ut consequatur harum.',1,0,'1981-03-06 06:02:39'),(75,36,38,'Consequatur dignissimos nam laudantium aliquam ducimus nam. Optio culpa beatae praesentium nam beatae nulla alias. Doloremque enim qui laborum ex consequatur porro expedita.',1,0,'1991-10-29 08:46:56'),(76,8,50,'Sit est commodi nostrum accusantium facilis qui blanditiis. Fugiat non repellendus qui reiciendis. Quisquam porro eius aut corporis officiis. Inventore laudantium voluptatibus quo deserunt.',0,1,'2014-09-15 19:38:12'),(77,47,6,'Ipsam qui hic aliquam laboriosam necessitatibus magnam et. Qui vero recusandae voluptatem ducimus amet numquam. Ut aperiam aspernatur quaerat natus. Iste quae ducimus nesciunt minus blanditiis saepe fugit. Sed quibusdam nemo eum odit id in maxime.',0,0,'1979-10-25 09:02:22'),(78,60,83,'Porro quo voluptate doloribus dignissimos delectus incidunt pariatur amet. Voluptas enim fugiat sunt.',1,1,'2013-06-16 05:48:35'),(79,63,74,'Hic reiciendis vel dolore voluptas perferendis. Quidem accusamus sunt facere maxime nesciunt ea blanditiis. Sit odio saepe autem tenetur. Nobis quia veritatis nihil mollitia necessitatibus labore. Ratione minima itaque et veniam sit.',0,1,'2004-12-25 23:22:10'),(80,34,98,'Cum qui modi est rerum nihil. Praesentium eaque nulla fugit enim possimus dolores officia. Laborum necessitatibus officiis praesentium dolores est provident consectetur.',0,1,'2003-03-19 20:57:46'),(81,100,21,'Nam voluptates dolores doloremque officiis repellat quis. Id non ipsum sunt ipsam fugit. Nam voluptatibus dolor et blanditiis. Dolore temporibus cumque rem iure aut dicta qui.',0,0,'1978-03-29 01:26:32'),(82,16,57,'Quibusdam ducimus earum quia praesentium laboriosam. Molestiae nostrum fugiat ea doloremque. Autem labore ipsam excepturi pariatur maxime. Ut voluptas corrupti fuga.',1,1,'1995-11-09 12:19:58'),(83,20,79,'Omnis maiores voluptatibus sit excepturi provident. Aut dolore sed ipsa est fuga et qui. Saepe eligendi dolores et earum. Porro nam autem explicabo reiciendis aspernatur.',0,1,'2006-08-23 05:40:48'),(84,61,79,'Officia quia quaerat blanditiis sed corrupti dolorum amet. Porro dolores cumque non odio consectetur voluptatum sequi quisquam. Corporis cupiditate excepturi velit voluptas nostrum.',0,0,'2008-05-26 07:41:34'),(85,18,36,'Delectus at inventore eos neque. Suscipit voluptate eos aut consequatur sunt omnis. In quae velit aperiam error voluptatum.',1,1,'1973-09-05 09:59:30'),(86,42,69,'Consequatur nesciunt est nemo quos voluptas commodi. Tenetur rerum dolorem labore debitis aliquid sunt qui illum. Sunt quia rerum minus consequatur consequuntur quos aut. Iusto vel totam in nulla.',0,1,'1972-08-27 12:51:07'),(87,11,100,'Placeat sequi beatae aliquid cumque quo et id. Voluptatibus illo rerum adipisci aut nobis consectetur. Earum facilis neque facilis reprehenderit suscipit. Velit temporibus eaque quasi ut est aspernatur suscipit.',0,1,'1971-05-14 09:55:06'),(88,64,70,'Doloribus vero dicta doloremque eum sequi. Et est commodi alias nesciunt. Quod quia eum ut est. Qui autem aliquam ab asperiores voluptas.',0,0,'1983-09-10 09:36:59'),(89,82,33,'Nemo est consequatur sit. Qui aut omnis dolor a natus odit ut. Omnis molestiae odit iusto ipsa voluptas commodi. Vero quis ab et iusto repudiandae qui.',1,0,'1977-02-17 14:46:45'),(90,72,17,'Rem repudiandae libero qui dolores doloremque. Culpa ut dolores dolor sit harum voluptates. Qui quaerat non accusamus commodi et ut impedit. Quia quam officiis quasi atque labore. Quia facilis sed animi ex.',0,1,'2001-06-06 10:48:31'),(91,70,79,'Eius sapiente dolor harum impedit porro adipisci quaerat. Ullam molestias quae voluptatum reprehenderit nesciunt dolores aut nemo. Omnis soluta non architecto occaecati tempore aut modi est. Occaecati cum velit similique eos doloremque.',0,1,'2018-05-19 20:26:56'),(92,67,17,'Vel rerum magnam dignissimos iusto a non. Hic impedit veritatis enim esse sed nulla. Aut aut temporibus ut aut vel est eligendi. Quibusdam eos maxime tempore aut quas aspernatur.',1,1,'2008-03-20 03:09:27'),(93,84,26,'Quia distinctio accusamus dolores. Expedita nostrum labore velit nulla earum tenetur velit quia. Accusantium voluptatum culpa ad magni inventore rerum animi.',1,1,'2004-07-18 02:06:39'),(94,99,47,'Necessitatibus in nostrum esse repellat qui aut voluptatem. Dicta voluptas sed rerum assumenda. Amet at reprehenderit iure qui.',0,0,'1976-07-12 00:23:40'),(95,100,32,'Doloremque ducimus aut vel ut cupiditate aliquam. A sint vero eos aut. Consequuntur quibusdam qui molestias odit fugiat nam nulla. Eligendi dolorem velit autem aut velit.',1,0,'1986-12-16 09:23:59'),(96,44,99,'Qui consequatur qui dolor architecto. Maiores neque sint dolor maxime. Qui officia libero recusandae expedita nostrum asperiores ullam. Doloremque quae a amet in cum iure. Maiores ipsam natus quibusdam nesciunt.',1,0,'1983-09-12 02:40:30'),(97,53,59,'Ut dolore eos ratione nesciunt. Impedit quis quo inventore et vel ea sunt. Repudiandae dicta odio unde aut est velit quas.',1,1,'2011-11-02 12:25:42'),(98,56,73,'Et dolore est dolores aliquam quasi. Aut placeat illum tempora accusamus exercitationem est perferendis. Ipsa aut totam blanditiis ut cum quia.',0,1,'1990-11-23 20:09:13'),(99,38,17,'Quibusdam ex maxime et deleniti recusandae dolores corrupti nulla. Necessitatibus amet et esse totam rerum molestiae. Nam iure sint aut.',0,0,'1984-03-15 13:07:27'),(100,52,56,'Omnis numquam fugiat dicta nemo nihil et. Sit eum voluptatem id neque autem. Odit sit consectetur eum doloribus quibusdam dolores enim.',0,1,'1989-06-11 21:45:05');
/*!40000 ALTER TABLE `messages` ENABLE KEYS */;
UNLOCK TABLES;

--
-- Table structure for table `profiles`
--

DROP TABLE IF EXISTS `profiles`;
/*!40101 SET @saved_cs_client     = @@character_set_client */;
/*!50503 SET character_set_client = utf8mb4 */;
CREATE TABLE `profiles` (
  `user_id` int(10) unsigned NOT NULL,
  `photo_id` int(10) unsigned DEFAULT NULL,
  `gender` char(1) CHARACTER SET utf8 COLLATE utf8_unicode_ci NOT NULL,
  `birthday` date DEFAULT NULL,
  `city` varchar(130) CHARACTER SET utf8 COLLATE utf8_unicode_ci DEFAULT NULL,
  `country` varchar(130) CHARACTER SET utf8 COLLATE utf8_unicode_ci DEFAULT NULL,
  `is_private` tinyint(1) DEFAULT '0',
  `updated_at` datetime DEFAULT CURRENT_TIMESTAMP ON UPDATE CURRENT_TIMESTAMP,
  PRIMARY KEY (`user_id`)
) ENGINE=InnoDB DEFAULT CHARSET=utf8 COLLATE=utf8_unicode_ci;
/*!40101 SET character_set_client = @saved_cs_client */;

--
-- Dumping data for table `profiles`
--

LOCK TABLES `profiles` WRITE;
/*!40000 ALTER TABLE `profiles` DISABLE KEYS */;
INSERT INTO `profiles` VALUES (1,65,'F','1994-12-04','Trevaview','Micronesia',0,'2020-05-16 14:05:21'),(2,5,'F','2007-10-08','North Golden','Bouvet Island (Bouvetoya)',0,'2020-05-16 14:05:21'),(3,30,'F','1975-02-20','Gutkowskiton','Malaysia',0,'2020-05-16 14:05:21'),(4,33,'M','2015-01-22','Purdyhaven','Reunion',0,'2020-05-16 14:05:21'),(5,77,'F','1984-10-16','Rodrigueztown','Sweden',0,'2020-05-16 14:05:21'),(6,84,'F','2013-11-25','Hobarttown','Nicaragua',0,'2020-05-16 14:05:21'),(7,89,'F','2004-12-22','Watersland','Sierra Leone',0,'2020-05-16 14:05:21'),(8,94,'M','1998-10-05','Melanyburgh','Croatia',0,'2020-05-16 14:05:21'),(9,2,'M','2005-03-18','Koelpinville','Madagascar',0,'2020-05-16 14:05:21'),(10,28,'F','1997-04-01','Lake Ellie','French Southern Territories',0,'2020-05-16 14:05:21'),(11,34,'F','1986-10-27','New Katrine','Jersey',0,'2020-05-16 14:05:21'),(12,85,'F','2013-12-12','West Stantonview','Latvia',0,'2020-05-16 14:05:21'),(13,24,'F','2016-02-01','Aglaechester','Botswana',0,'2020-05-16 14:05:21'),(14,63,'M','2013-09-13','Lake Tadberg','Singapore',0,'2020-05-16 14:05:21'),(15,44,'F','2011-09-26','South Vivian','Iceland',0,'2020-05-16 14:05:21'),(16,31,'F','2005-12-07','East Alisha','Lebanon',0,'2020-05-16 14:05:21'),(17,23,'M','2015-08-23','Laviniaville','New Zealand',0,'2020-05-16 14:05:21'),(18,21,'M','1985-06-05','Winifredmouth','Switzerland',0,'2020-05-16 14:05:21'),(19,36,'F','1979-05-07','Heidiburgh','Aruba',0,'2020-05-16 14:05:21'),(20,14,'F','2015-02-03','Port Cornell','American Samoa',0,'2020-05-16 14:05:21'),(21,64,'F','2012-07-29','Myrabury','Guinea-Bissau',0,'2020-05-16 14:05:21'),(22,75,'F','1985-02-21','Miltonfurt','Qatar',0,'2020-05-16 14:05:21'),(23,84,'M','2001-08-24','Lake Anabel','Puerto Rico',0,'2020-05-16 14:05:21'),(24,96,'M','1997-04-18','Predovicport','Singapore',0,'2020-05-16 14:05:21'),(25,25,'F','2006-01-13','East Jammie','San Marino',0,'2020-05-16 14:05:21'),(26,39,'F','1978-02-19','Jorgeside','Lao People\'s Democratic Republic',0,'2020-05-16 14:05:21'),(27,16,'M','1980-10-24','Mariashire','Swaziland',0,'2020-05-16 14:05:21'),(28,65,'F','2005-03-30','Prosaccomouth','Nauru',0,'2020-05-16 14:05:21'),(29,78,'F','1974-07-05','Wiegandhaven','Somalia',0,'2020-05-16 14:05:21'),(30,91,'M','1994-10-06','Brendafort','Myanmar',0,'2020-05-16 14:05:21'),(31,23,'F','1982-05-13','South Felixstad','Dominica',0,'2020-05-16 14:05:21'),(32,43,'F','2006-01-18','North Eden','Montenegro',0,'2020-05-16 14:05:21'),(33,43,'M','1972-07-21','Mayraberg','Slovakia (Slovak Republic)',0,'2020-05-16 14:05:21'),(34,88,'M','1986-07-01','West Jane','Zambia',0,'2020-05-16 14:05:21'),(35,9,'M','1975-11-01','New Arnold','Finland',0,'2020-05-16 14:05:21'),(36,80,'F','1997-08-12','West Jadeton','Marshall Islands',0,'2020-05-16 14:05:21'),(37,73,'F','2002-03-02','Schmelerberg','Monaco',0,'2020-05-16 14:05:21'),(38,25,'M','2007-11-15','Alishamouth','British Virgin Islands',0,'2020-05-16 14:05:21'),(39,7,'M','2003-07-31','Ritchieside','Christmas Island',0,'2020-05-16 14:05:21'),(40,57,'M','1975-07-27','West Brendonstad','Holy See (Vatican City State)',0,'2020-05-16 14:05:21'),(41,66,'M','1995-11-08','North Sincerechester','Pakistan',0,'2020-05-16 14:05:21'),(42,57,'F','1987-09-02','Parisfort','Guinea',0,'2020-05-16 14:05:21'),(43,87,'M','1992-03-27','New Ericka','Christmas Island',0,'2020-05-16 14:05:21'),(44,62,'F','1974-11-26','Wildermanfort','Guinea-Bissau',0,'2020-05-16 14:05:21'),(45,51,'M','2001-12-12','Pfannerstillborough','Jamaica',0,'2020-05-16 14:05:21'),(46,69,'F','2017-05-28','Litzyhaven','Oman',0,'2020-05-16 14:05:21'),(47,90,'F','1985-11-24','Lake Sadyeland','Madagascar',0,'2020-05-16 14:05:21'),(48,41,'F','2008-06-15','New Elouise','Romania',0,'2020-05-16 14:05:21'),(49,37,'M','2014-07-18','South Furmanstad','Macao',0,'2020-05-16 14:05:21'),(50,59,'F','1983-01-28','New Gaylordport','United States of America',0,'2020-05-16 14:05:21'),(51,86,'M','2006-02-04','Jenkinsborough','Belarus',0,'2020-05-16 14:05:21'),(52,54,'M','1983-03-24','Julesburgh','France',0,'2020-05-16 14:05:21'),(53,8,'F','2017-04-15','Lake Meggie','Jamaica',0,'2020-05-16 14:05:21'),(54,79,'F','1970-04-03','Mckaylamouth','Trinidad and Tobago',0,'2020-05-16 14:05:21'),(55,72,'F','1983-01-21','Lavernfurt','Saint Pierre and Miquelon',0,'2020-05-16 14:05:21'),(56,19,'F','1998-07-15','West Claudineberg','Togo',0,'2020-05-16 14:05:21'),(57,81,'M','1973-02-13','Meaghanbury','Comoros',0,'2020-05-16 14:05:21'),(58,49,'F','1980-04-24','Brianamouth','Angola',0,'2020-05-16 14:05:21'),(59,98,'M','2018-01-18','East Sophie','Central African Republic',0,'2020-05-16 14:05:21'),(60,43,'F','1992-02-21','Deckowmouth','United States of America',0,'2020-05-16 14:05:21'),(61,23,'M','1992-08-22','Viviennemouth','Dominican Republic',0,'2020-05-16 14:05:21'),(62,84,'M','2001-03-07','East Chet','Montenegro',0,'2020-05-16 14:05:21'),(63,50,'M','1990-07-02','Port Gerard','Niue',0,'2020-05-16 14:05:21'),(64,99,'M','1983-02-13','Port Itzel','New Caledonia',0,'2020-05-16 14:05:21'),(65,43,'F','1982-04-06','Nathanialland','Myanmar',0,'2020-05-16 14:05:21'),(66,19,'M','1995-10-18','Lake Isidroport','Belarus',0,'2020-05-16 14:05:21'),(67,65,'F','2019-06-21','Darronfurt','Equatorial Guinea',0,'2020-05-16 14:05:21'),(68,65,'F','2004-06-29','South Isac','Afghanistan',0,'2020-05-16 14:05:21'),(69,33,'M','1997-08-14','Feilshire','Maldives',0,'2020-05-16 14:05:21'),(70,66,'M','1993-02-23','Pfefferville','Kuwait',0,'2020-05-16 14:05:21'),(71,34,'M','1995-05-04','East Desireeburgh','Thailand',0,'2020-05-16 14:05:21'),(72,70,'F','1993-01-13','West Solonburgh','Saint Barthelemy',0,'2020-05-16 14:05:21'),(73,48,'M','2015-04-06','Laurianestad','Tanzania',0,'2020-05-16 14:05:21'),(74,31,'F','1973-02-22','Tremblayland','United Arab Emirates',0,'2020-05-16 14:05:21'),(75,9,'M','2002-06-30','Lake Odessa','Faroe Islands',0,'2020-05-16 14:05:21'),(76,52,'F','2000-01-10','Rollinside','Guatemala',0,'2020-05-16 14:05:21'),(77,34,'F','2014-10-09','Vladimirhaven','Tonga',0,'2020-05-16 14:05:21'),(78,14,'M','2007-12-01','New Javierfort','India',0,'2020-05-16 14:05:21'),(79,65,'F','1977-03-15','South Keaton','Hong Kong',0,'2020-05-16 14:05:21'),(80,82,'M','2013-03-16','Gusikowskiside','Lao People\'s Democratic Republic',0,'2020-05-16 14:05:21'),(81,17,'F','1978-05-17','Port Fausto','Greenland',0,'2020-05-16 14:05:21'),(82,37,'M','1970-01-21','North Aimee','Fiji',0,'2020-05-16 14:05:21'),(83,36,'F','1986-12-25','East Delphia','Lesotho',0,'2020-05-16 14:05:21'),(84,65,'F','2003-06-26','Wymanside','Angola',0,'2020-05-16 14:05:21'),(85,18,'F','1987-10-10','New Marlonmouth','Dominican Republic',0,'2020-05-16 14:05:21'),(86,96,'M','2007-04-21','Lowellmouth','Colombia',0,'2020-05-16 14:05:21'),(87,25,'M','2015-12-04','Lake Rey','Sudan',0,'2020-05-16 14:05:21'),(88,38,'M','2006-10-09','Metzbury','Saudi Arabia',0,'2020-05-16 14:05:21'),(89,14,'F','1971-10-31','Bartellview','New Caledonia',0,'2020-05-16 14:05:21'),(90,54,'F','2018-11-05','North Magnolia','Georgia',0,'2020-05-16 14:05:21'),(91,30,'F','1975-06-16','North Maddisonview','Honduras',0,'2020-05-16 14:05:21'),(92,86,'M','2019-03-23','Stokeshaven','Mongolia',0,'2020-05-16 14:05:21'),(93,39,'M','2008-11-30','Denesikview','Guinea-Bissau',0,'2020-05-16 14:05:21'),(94,37,'F','2002-12-02','West Stephen','Netherlands',0,'2020-05-16 14:05:21'),(95,69,'F','1983-05-02','Connermouth','Puerto Rico',0,'2020-05-16 14:05:21'),(96,31,'M','1995-02-01','South Orinmouth','Morocco',0,'2020-05-16 14:05:21'),(97,47,'M','2018-03-14','Alfordfort','Lithuania',0,'2020-05-16 14:05:21'),(98,43,'F','1971-05-08','Stehrside','Reunion',0,'2020-05-16 14:05:21'),(99,74,'M','2001-03-20','Runolfssonstad','Guinea-Bissau',0,'2020-05-16 14:05:21'),(100,40,'F','2001-07-30','Swaniawskifort','Eritrea',0,'2020-05-16 14:05:21');
/*!40000 ALTER TABLE `profiles` ENABLE KEYS */;
UNLOCK TABLES;

--
-- Table structure for table `user_statuses`
--

DROP TABLE IF EXISTS `user_statuses`;
/*!40101 SET @saved_cs_client     = @@character_set_client */;
/*!50503 SET character_set_client = utf8mb4 */;
CREATE TABLE `user_statuses` (
  `id` int(10) unsigned NOT NULL AUTO_INCREMENT,
  `name` varchar(150) NOT NULL,
  PRIMARY KEY (`id`),
  UNIQUE KEY `name` (`name`)
) ENGINE=InnoDB AUTO_INCREMENT=4 DEFAULT CHARSET=utf8mb4 COLLATE=utf8mb4_0900_ai_ci;
/*!40101 SET character_set_client = @saved_cs_client */;

--
-- Dumping data for table `user_statuses`
--

LOCK TABLES `user_statuses` WRITE;
/*!40000 ALTER TABLE `user_statuses` DISABLE KEYS */;
INSERT INTO `user_statuses` VALUES (1,'active'),(2,'blocked'),(3,'deleted');
/*!40000 ALTER TABLE `user_statuses` ENABLE KEYS */;
UNLOCK TABLES;

--
-- Table structure for table `users`
--

DROP TABLE IF EXISTS `users`;
/*!40101 SET @saved_cs_client     = @@character_set_client */;
/*!50503 SET character_set_client = utf8mb4 */;
CREATE TABLE `users` (
  `id` int(10) unsigned NOT NULL AUTO_INCREMENT,
  `first_name` varchar(100) CHARACTER SET utf8 COLLATE utf8_unicode_ci NOT NULL,
  `last_name` varchar(100) CHARACTER SET utf8 COLLATE utf8_unicode_ci NOT NULL,
  `email` varchar(100) CHARACTER SET utf8 COLLATE utf8_unicode_ci NOT NULL,
  `phone` varchar(100) CHARACTER SET utf8 COLLATE utf8_unicode_ci NOT NULL,
  `status_id` int(10) unsigned NOT NULL DEFAULT '1',
  `created_at` datetime DEFAULT CURRENT_TIMESTAMP,
  `updated_at` datetime DEFAULT CURRENT_TIMESTAMP ON UPDATE CURRENT_TIMESTAMP,
  PRIMARY KEY (`id`),
  UNIQUE KEY `email` (`email`),
  UNIQUE KEY `phone` (`phone`)
) ENGINE=InnoDB AUTO_INCREMENT=101 DEFAULT CHARSET=utf8 COLLATE=utf8_unicode_ci;
/*!40101 SET character_set_client = @saved_cs_client */;

--
-- Dumping data for table `users`
--

LOCK TABLES `users` WRITE;
/*!40000 ALTER TABLE `users` DISABLE KEYS */;
INSERT INTO `users` VALUES (1,'Kendrick','Huel','ulises.morar@example.com','002-737-3237x9144',1,'2018-10-14 14:08:52','2020-05-16 13:51:47'),(2,'Christop','Nolan','qcorkery@example.net','+71(8)7483997645',1,'2001-11-05 09:56:33','2013-03-21 17:31:00'),(3,'Davin','Reinger','streich.kara@example.org','194.386.7693',1,'1997-08-02 23:35:23','2020-05-16 13:51:47'),(4,'Kenyatta','Konopelski','dhirthe@example.org','706.205.2004x96747',1,'1976-11-10 11:50:41','1996-10-16 04:25:27'),(5,'Jonatan','Wunsch','abdiel02@example.org','153-460-0541',1,'2019-03-27 19:48:54','2020-05-16 13:51:47'),(6,'Hazel','Cummerata','chris47@example.net','533.946.4929x13084',1,'1971-05-04 06:51:53','1996-02-20 23:16:38'),(7,'Darlene','Braun','demarcus57@example.net','548-166-0548x32407',1,'2006-10-28 17:47:09','2020-05-16 13:51:47'),(8,'Nona','Christiansen','tristin81@example.org','543.021.2236',1,'1991-12-27 22:51:21','2006-08-29 01:36:57'),(9,'Herminio','Fadel','sprohaska@example.com','1-589-888-7165',1,'2010-07-25 07:08:54','2020-05-16 13:51:47'),(10,'Adolphus','Crist','macejkovic.jan@example.com','(162)726-0667x46189',1,'1994-11-24 11:23:43','2020-05-16 13:51:47'),(11,'Jalen','Erdman','summer05@example.com','(720)813-6435x436',1,'2009-02-28 05:03:49','2020-05-16 13:51:47'),(12,'Tom','Kshlerin','ondricka.earnestine@example.com','09617979277',1,'1988-08-19 15:33:07','2007-11-15 01:19:21'),(13,'Denis','Jenkins','sturcotte@example.net','(698)918-2181x32238',1,'1985-12-11 07:32:02','2020-05-16 13:51:47'),(14,'Margaret','Howe','marina.toy@example.com','+06(9)5348007367',1,'2002-04-22 10:46:13','2020-05-16 13:51:47'),(15,'Cathrine','Streich','jeff54@example.net','797-259-2476x252',1,'1977-01-14 05:52:22','2020-05-16 13:51:47'),(16,'Marina','Dare','stacy21@example.net','(123)246-4710',1,'1977-06-26 22:05:53','1997-05-09 00:58:47'),(17,'Muhammad','Wilderman','satterfield.moises@example.net','(960)303-1645',1,'1976-06-05 04:29:15','1994-07-22 23:44:48'),(18,'Dell','Christiansen','vfranecki@example.org','308-850-1487x724',1,'1998-04-07 08:44:59','2000-10-10 20:44:50'),(19,'Lucile','Jacobson','cooper.mckenzie@example.com','521.576.2129x251',1,'1977-05-20 01:16:30','2020-05-16 13:51:47'),(20,'Thalia','Homenick','mills.anahi@example.org','516-044-1761',1,'2005-11-27 12:48:35','2020-05-16 13:51:47'),(21,'Delilah','Wisozk','smayer@example.net','415.451.5356x182',1,'2003-01-07 00:44:53','2020-05-16 13:51:47'),(22,'Britney','Emard','qfritsch@example.net','1-994-897-5703',1,'2004-07-26 03:04:13','2020-05-16 13:51:47'),(23,'Rahsaan','Heller','harber.koby@example.net','+86(1)9749628085',1,'1992-03-22 17:29:13','2005-09-06 23:15:09'),(24,'Rogers','Ondricka','adrian93@example.com','1-346-451-7952x3376',1,'1989-07-21 18:11:54','2020-05-16 13:51:47'),(25,'Robyn','Schmidt','jazlyn13@example.net','354-809-9513',1,'2018-03-07 21:56:40','2020-05-16 13:51:47'),(26,'Magali','Wyman','tristin.walker@example.com','1-940-738-2691',1,'1971-12-11 00:59:39','2008-01-19 12:09:58'),(27,'Antoinette','Walsh','chadd.halvorson@example.com','1-526-939-5223',1,'2015-06-10 07:01:02','2020-05-16 13:51:47'),(28,'Mariane','Wehner','robbie.watsica@example.org','00140250153',1,'2003-05-20 02:56:19','2020-05-16 13:51:47'),(29,'Lindsay','Beahan','cummerata.elmer@example.com','1-996-444-1985x08154',1,'1978-02-03 23:57:54','1994-07-11 16:29:35'),(30,'Kylie','Robel','cyrus.metz@example.com','1-032-277-8532',1,'2010-06-20 20:53:03','2020-05-16 13:51:47'),(31,'Guy','Flatley','johnathan51@example.org','07196797370',1,'2019-11-17 03:48:08','2020-05-16 13:51:47'),(32,'Sean','Schuster','marcelino36@example.org','563-108-7626x864',1,'2000-02-22 13:10:23','2002-08-02 09:20:06'),(33,'Jovany','Bahringer','gusikowski.narciso@example.net','990.734.8895',1,'1972-08-26 18:22:41','2017-10-05 03:12:21'),(34,'Kianna','Stokes','breitenberg.maximo@example.org','1-993-229-0578',1,'2001-05-02 07:20:02','2005-12-12 06:27:37'),(35,'Waylon','Turner','jacquelyn.konopelski@example.net','320.341.3849x104',1,'2017-05-15 11:07:07','2020-05-16 13:51:47'),(36,'Lonnie','Hammes','gboehm@example.com','1-710-018-6455x00090',1,'1973-09-13 06:02:12','2020-05-16 13:51:47'),(37,'Lorenz','Emard','ramon08@example.com','401-959-7072',1,'2000-01-31 03:49:29','2020-05-16 13:51:47'),(38,'Taurean','Bergnaum','apagac@example.com','1-044-157-8876x773',1,'1970-01-07 04:30:38','1996-06-03 21:23:43'),(39,'Ivory','Ferry','kaia75@example.com','1-642-184-9085x786',1,'1988-01-14 08:06:57','2009-06-12 03:35:23'),(40,'Eric','Dickens','emosciski@example.net','924.369.1342x609',1,'1998-03-06 11:53:27','2020-05-16 13:51:47'),(41,'Melany','Stark','kbosco@example.org','1-187-483-4759',1,'1996-03-16 19:31:01','2020-05-16 13:51:47'),(42,'Royal','Ryan','remington34@example.org','(633)936-6175x3208',1,'2012-07-22 22:08:39','2020-05-16 13:51:47'),(43,'Shakira','Morar','kaycee.wuckert@example.com','+26(6)8952828518',1,'1973-11-21 21:03:47','2004-01-13 13:12:27'),(44,'Kennedi','Gulgowski','wherzog@example.net','03343233534',1,'1984-08-17 07:37:56','2020-05-16 13:51:47'),(45,'Jaclyn','Reichel','dare.reinhold@example.org','1-040-276-3100x11816',1,'1983-04-25 03:16:38','2020-05-16 13:51:47'),(46,'Annabell','Gutmann','streich.evalyn@example.net','253.027.7338',1,'1977-06-25 10:26:20','2000-08-09 19:59:47'),(47,'Kelli','Schowalter','amira55@example.net','+69(3)3315686414',1,'2006-12-06 00:50:41','2020-05-16 13:51:47'),(48,'Miller','Ritchie','supton@example.net','248-010-5876',1,'1975-02-24 08:38:53','2012-12-28 15:01:10'),(49,'Van','Mosciski','oleta.schowalter@example.com','148.163.9711x6909',1,'1991-11-06 05:54:03','1994-08-12 23:23:11'),(50,'Marge','Gislason','lori12@example.org','921.468.1864x128',1,'1972-07-30 05:20:03','2010-08-09 11:57:37'),(51,'Linnea','Quitzon','howell.reuben@example.org','(425)787-5293x5405',1,'1995-08-01 11:54:51','2020-05-16 13:51:47'),(52,'Wilton','Dickinson','thiel.montana@example.com','730.003.0604x85292',1,'1983-11-28 03:10:52','1992-12-27 02:50:40'),(53,'Cora','Koepp','amos30@example.com','780.894.4047x1207',1,'1982-11-11 03:21:07','2018-03-07 20:33:03'),(54,'Keyon','Jacobson','augustus.kuphal@example.net','1-991-096-8106x916',1,'2017-03-16 07:38:48','2020-05-16 13:51:47'),(55,'Amira','Kautzer','jordi.kemmer@example.net','197-603-3802x9132',1,'2016-08-14 00:11:17','2020-05-16 13:51:47'),(56,'Hilbert','Quitzon','haag.fay@example.net','01128550571',1,'1990-05-22 08:55:23','2007-11-07 19:46:06'),(57,'Evert','Batz','bartoletti.orion@example.org','(134)142-0741x03183',1,'1980-05-08 05:03:26','2006-03-07 00:21:47'),(58,'Terrance','Renner','o\'reilly.tomas@example.org','(779)875-5939',1,'1972-10-06 20:24:31','1977-02-04 01:26:05'),(59,'Tatum','Kihn','kreiger.twila@example.net','1-902-097-7273x0337',1,'1995-02-23 02:52:46','2020-05-16 13:51:47'),(60,'Marc','Stark','harber.thalia@example.net','+48(5)1702487838',1,'2014-10-17 08:56:55','2017-08-28 08:54:35'),(61,'Pattie','Lueilwitz','mohr.kris@example.com','(346)205-6003',1,'1984-11-21 13:21:32','2020-05-16 13:51:47'),(62,'Virginia','McKenzie','rath.henry@example.net','1-397-778-0541',1,'1998-03-10 04:35:38','2018-09-03 02:29:33'),(63,'Kaleigh','Stroman','laurel11@example.com','087.210.4582',1,'1970-11-07 23:11:43','1994-04-13 12:14:29'),(64,'Wilma','Renner','leila.klocko@example.org','1-787-324-8921x2714',1,'1986-07-04 01:09:19','1994-10-28 07:21:42'),(65,'Jessie','Altenwerth','earlene10@example.net','1-063-291-4868x780',1,'2006-10-05 22:12:06','2020-05-16 13:51:47'),(66,'Frederique','Emard','othiel@example.org','1-774-212-9914x45509',1,'2008-07-18 03:15:06','2008-11-27 23:36:36'),(67,'Earnest','Wilderman','weber.oma@example.net','190.111.8329',1,'1999-11-29 00:40:03','2012-10-31 13:48:50'),(68,'Johnpaul','Goldner','ayden38@example.net','03221408506',1,'2002-03-21 15:29:42','2003-01-07 02:19:01'),(69,'Aileen','Frami','wcarter@example.org','682.455.1509x3287',1,'1993-07-21 17:15:09','2020-05-16 13:51:47'),(70,'Mike','McGlynn','neal.kassulke@example.org','874-608-7726x74600',1,'1995-04-23 01:42:40','2005-08-21 15:32:18'),(71,'Clement','Lesch','ycarter@example.com','1-724-623-2939x1922',1,'1999-02-02 07:54:16','2012-07-14 12:19:11'),(72,'Sally','Konopelski','terrill47@example.net','1-678-199-4705x77522',1,'1981-09-06 18:28:50','1982-01-18 09:24:51'),(73,'Dulce','Dare','aglover@example.com','(535)609-3051',1,'2007-11-22 17:05:56','2020-05-16 13:51:47'),(74,'Alta','Borer','ehintz@example.org','594.646.3942',1,'1971-04-03 07:09:15','2020-02-29 14:06:06'),(75,'Kiel','Smith','goyette.keeley@example.net','968.750.0260x08069',1,'2001-03-30 19:17:22','2020-05-16 13:51:47'),(76,'Leilani','Koch','reyna.leannon@example.org','+67(1)4936740000',1,'2010-10-25 10:28:18','2020-05-16 13:51:47'),(77,'Treva','Frami','lloyd.abernathy@example.com','193.563.5964x756',1,'2015-09-28 08:45:28','2020-05-16 13:51:47'),(78,'Nya','Rippin','ona10@example.org','1-756-169-5206',1,'1995-11-14 17:04:36','2020-05-16 13:51:47'),(79,'Destiney','Smith','brock.hackett@example.net','1-529-440-1131',1,'1982-08-12 20:29:08','2020-05-16 13:51:47'),(80,'Weston','Crooks','gisselle89@example.com','365-167-8310',1,'1978-02-12 21:53:17','2020-05-16 13:51:47'),(81,'Lindsay','Bednar','mbosco@example.com','466-581-4708',1,'2006-11-20 19:25:29','2011-04-11 02:42:49'),(82,'Emmitt','Conn','hessel.wilber@example.net','195.087.6922',1,'1998-03-12 07:19:03','2020-05-16 13:51:47'),(83,'Avery','Beier','hilpert.hugh@example.net','654-076-1812',1,'1996-01-21 20:53:25','2018-08-01 16:47:43'),(84,'Francis','Koss','wyman.lane@example.com','472-549-1008',1,'1972-04-27 00:01:59','2013-11-08 19:06:17'),(85,'Adela','McDermott','koelpin.macey@example.com','(157)846-4914',1,'1973-11-28 16:17:30','2007-12-29 03:14:51'),(86,'Dandre','Kuphal','matilda.block@example.org','09701816080',1,'1993-09-05 01:37:20','2020-05-16 13:51:47'),(87,'Cortney','Cassin','julianne.ankunding@example.com','1-551-695-6646x38589',1,'2018-01-06 01:40:52','2020-05-16 13:51:47'),(88,'Tevin','Blick','kshlerin.angel@example.net','290-340-9690x52047',1,'1974-01-22 19:08:56','1988-06-24 12:47:41'),(89,'Erika','Schowalter','tfahey@example.com','(670)959-9339x301',1,'2004-05-03 05:09:34','2020-05-16 13:51:47'),(90,'Kristopher','Harvey','micah37@example.net','1-586-141-8877x4644',1,'1986-11-24 09:22:49','2000-07-09 21:24:53'),(91,'Maddison','Hyatt','jose25@example.com','+38(5)9012416792',1,'1987-12-31 16:38:26','1988-12-02 13:38:30'),(92,'Linnea','Purdy','owuckert@example.net','+40(3)9936560631',1,'1989-09-16 14:43:11','2000-05-29 22:56:53'),(93,'Akeem','Jakubowski','earnest73@example.net','249-452-1137x872',1,'1997-04-08 08:36:39','2020-05-16 13:51:47'),(94,'Madaline','Koelpin','larissa.ebert@example.com','1-491-460-8970x81183',1,'2004-07-29 17:02:17','2020-05-16 13:51:47'),(95,'Ivy','Blanda','maurine91@example.net','244-523-3488x406',1,'2000-12-18 15:57:18','2020-05-16 13:51:47'),(96,'Myron','Fahey','wilkinson.malika@example.net','262-501-1167x465',1,'1984-04-28 10:56:36','2011-05-18 04:24:43'),(97,'Brandon','Bergstrom','corene73@example.org','1-574-713-2627',1,'1982-03-27 22:17:59','2003-12-09 13:45:18'),(98,'Margret','Jacobs','koepp.anita@example.net','(226)292-4544x743',1,'1972-09-02 04:29:17','1993-03-28 09:07:00'),(99,'Vergie','Mertz','shaina.cruickshank@example.org','1-883-170-8554',1,'2006-07-05 11:11:01','2020-05-16 13:51:47'),(100,'Craig','Jenkins','casper18@example.net','08165827228',1,'2016-02-15 03:59:45','2020-05-16 13:51:47');
/*!40000 ALTER TABLE `users` ENABLE KEYS */;
UNLOCK TABLES;
/*!40103 SET TIME_ZONE=@OLD_TIME_ZONE */;

/*!40101 SET SQL_MODE=@OLD_SQL_MODE */;
/*!40014 SET FOREIGN_KEY_CHECKS=@OLD_FOREIGN_KEY_CHECKS */;
/*!40014 SET UNIQUE_CHECKS=@OLD_UNIQUE_CHECKS */;
/*!40101 SET CHARACTER_SET_CLIENT=@OLD_CHARACTER_SET_CLIENT */;
/*!40101 SET CHARACTER_SET_RESULTS=@OLD_CHARACTER_SET_RESULTS */;
/*!40101 SET COLLATION_CONNECTION=@OLD_COLLATION_CONNECTION */;
/*!40111 SET SQL_NOTES=@OLD_SQL_NOTES */;

-- Dump completed on 2020-05-16 15:39:17
